qemu-system-x86_64: -device cxl-type3,bus=root_port13,persistent-memdev=cxl-mem1,lsa=cxl-lsa1,id=cxl-pmem0,sn=0x1: info: CXL Type3: Persistent memory initialized - size=1024 MB
c[?7l[2J[0mSeaBIOS (version rel-1.17.0-0-gb52ca86e094d-prebuilt.qemu.org)


iPXE (http://ipxe.org) 00:02.0 CA00 PCI2.10 PnP PMM+7EFD1710+7EF31710 CA00
Press Ctrl-B to configure iPXE (PCI 00:02.0)...                                                                               


Booting from ROM..c[?7l[2J[0m.[    0.000000] Linux version 6.16.0-rc7+ (root@gpu01) (gcc (Ubuntu 15-20250404-0ubuntu1) 15.0.1 20250404 (experimental) [master r15-9193-g08e803aa9be], GNU ld (GNU Binutils for Ubuntu) 2.44) #3 SMP PREEMPT_DYNAMIC Thu Aug 21 04:23:18 UTC 2025
[    0.000000] Command line: root=/dev/sda rw console=ttyS0,115200 nokaslr psi=0
[    0.000000] KERNEL supported cpus:
[    0.000000]   Intel GenuineIntel
[    0.000000]   AMD AuthenticAMD
[    0.000000]   Hygon HygonGenuine
[    0.000000]   Centaur CentaurHauls
[    0.000000]   zhaoxin   Shanghai  
[    0.000000] x86/CPU: Model not found in latest microcode list
[    0.000000] BIOS-provided physical RAM map:
[    0.000000] BIOS-e820: [mem 0x0000000000000000-0x000000000009fbff] usable
[    0.000000] BIOS-e820: [mem 0x000000000009fc00-0x000000000009ffff] reserved
[    0.000000] BIOS-e820: [mem 0x00000000000f0000-0x00000000000fffff] reserved
[    0.000000] BIOS-e820: [mem 0x0000000000100000-0x000000007ffdefff] usable
[    0.000000] BIOS-e820: [mem 0x000000007ffdf000-0x000000007fffffff] reserved
[    0.000000] BIOS-e820: [mem 0x00000000b0000000-0x00000000bfffffff] reserved
[    0.000000] BIOS-e820: [mem 0x00000000fed1c000-0x00000000fed1ffff] reserved
[    0.000000] BIOS-e820: [mem 0x00000000feffc000-0x00000000feffffff] reserved
[    0.000000] BIOS-e820: [mem 0x00000000fffc0000-0x00000000ffffffff] reserved
[    0.000000] BIOS-e820: [mem 0x0000000100000000-0x000000027fffffff] usable
[    0.000000] NX (Execute Disable) protection: active
[    0.000000] APIC: Static calls initialized
[    0.000000] SMBIOS 2.8 present.
[    0.000000] DMI: QEMU Standard PC (Q35 + ICH9, 2009), BIOS rel-1.17.0-0-gb52ca86e094d-prebuilt.qemu.org 04/01/2014
[    0.000000] DMI: Memory slots populated: 1/1
[    0.000000] Hypervisor detected: KVM
[    0.000000] kvm-clock: Using msrs 4b564d01 and 4b564d00
[    0.000000] kvm-clock: using sched offset of 286102260 cycles
[    0.000002] clocksource: kvm-clock: mask: 0xffffffffffffffff max_cycles: 0x1cd42e4dffb, max_idle_ns: 881590591483 ns
[    0.000004] tsc: Detected 2000.000 MHz processor
[    0.000572] last_pfn = 0x280000 max_arch_pfn = 0x400000000
[    0.000606] MTRR map: 4 entries (3 fixed + 1 variable; max 19), built from 8 variable MTRRs
[    0.000608] x86/PAT: Configuration [0-7]: WB  WC  UC- UC  WB  WP  UC- WT  
[    0.000650] last_pfn = 0x7ffdf max_arch_pfn = 0x400000000
[    0.003573] found SMP MP-table at [mem 0x000f54b0-0x000f54bf]
[    0.004049] ACPI: Early table checksum verification disabled
[    0.004052] ACPI: RSDP 0x00000000000F52B0 000014 (v00 BOCHS )
[    0.004059] ACPI: RSDT 0x000000007FFE3792 000040 (v01 BOCHS  BXPC     00000001 BXPC 00000001)
[    0.004063] ACPI: FACP 0x000000007FFE33F6 0000F4 (v03 BOCHS  BXPC     00000001 BXPC 00000001)
[    0.004066] ACPI: DSDT 0x000000007FFE0040 0033B6 (v01 BOCHS  BXPC     00000001 BXPC 00000001)
[    0.004069] ACPI: FACS 0x000000007FFE0000 000040
[    0.004070] ACPI: APIC 0x000000007FFE34EA 000090 (v03 BOCHS  BXPC     00000001 BXPC 00000001)
[    0.004072] ACPI: HPET 0x000000007FFE357A 000038 (v01 BOCHS  BXPC     00000001 BXPC 00000001)
[    0.004074] ACPI: SRAT 0x000000007FFE35B2 000110 (v01 BOCHS  BXPC     00000001 BXPC 00000001)
[    0.004076] ACPI: MCFG 0x000000007FFE36C2 00003C (v01 BOCHS  BXPC     00000001 BXPC 00000001)
[    0.004077] ACPI: CEDT 0x000000007FFE36FE 00006C (v01 BOCHS  BXPC     00000001 BXPC 00000001)
[    0.004079] ACPI: WAET 0x000000007FFE376A 000028 (v01 BOCHS  BXPC     00000001 BXPC 00000001)
[    0.004081] ACPI: Reserving FACP table memory at [mem 0x7ffe33f6-0x7ffe34e9]
[    0.004082] ACPI: Reserving DSDT table memory at [mem 0x7ffe0040-0x7ffe33f5]
[    0.004082] ACPI: Reserving FACS table memory at [mem 0x7ffe0000-0x7ffe003f]
[    0.004083] ACPI: Reserving APIC table memory at [mem 0x7ffe34ea-0x7ffe3579]
[    0.004083] ACPI: Reserving HPET table memory at [mem 0x7ffe357a-0x7ffe35b1]
[    0.004084] ACPI: Reserving SRAT table memory at [mem 0x7ffe35b2-0x7ffe36c1]
[    0.004084] ACPI: Reserving MCFG table memory at [mem 0x7ffe36c2-0x7ffe36fd]
[    0.004084] ACPI: Reserving CEDT table memory at [mem 0x7ffe36fe-0x7ffe3769]
[    0.004085] ACPI: Reserving WAET table memory at [mem 0x7ffe376a-0x7ffe3791]
[    0.004142] ACPI: SRAT: Node 0 PXM 0 [mem 0x00000000-0x0009ffff]
[    0.004144] ACPI: SRAT: Node 0 PXM 0 [mem 0x00100000-0x7fffffff]
[    0.004144] ACPI: SRAT: Node 0 PXM 0 [mem 0x100000000-0x27fffffff]
[    0.004145] ACPI: SRAT: Node 0 PXM 0 [mem 0x280000000-0x67fffffff] hotplug
[    0.004148] NUMA: Node 0 [mem 0x00001000-0x0009ffff] + [mem 0x00100000-0x7fffffff] -> [mem 0x00001000-0x7fffffff]
[    0.004150] NUMA: Node 0 [mem 0x00001000-0x7fffffff] + [mem 0x100000000-0x27fffffff] -> [mem 0x00001000-0x27fffffff]
[    0.004155] NODE_DATA(0) allocated [mem 0x27ffd3500-0x27fffdfff]
[    0.004275] Zone ranges:
[    0.004275]   DMA      [mem 0x0000000000001000-0x0000000000ffffff]
[    0.004277]   DMA32    [mem 0x0000000001000000-0x00000000ffffffff]
[    0.004278]   Normal   [mem 0x0000000100000000-0x000000027fffffff]
[    0.004278]   Device   empty
[    0.004279] Movable zone start for each node
[    0.004280] Early memory node ranges
[    0.004280]   node   0: [mem 0x0000000000001000-0x000000000009efff]
[    0.004281]   node   0: [mem 0x0000000000100000-0x000000007ffdefff]
[    0.004282]   node   0: [mem 0x0000000100000000-0x000000027fffffff]
[    0.004283] Initmem setup node 0 [mem 0x0000000000001000-0x000000027fffffff]
[    0.004290] Initmem setup node 1 as memoryless
[    0.004567] On node 0, zone DMA: 1 pages in unavailable ranges
[    0.004586] On node 0, zone DMA: 97 pages in unavailable ranges
[    0.024805] On node 0, zone Normal: 33 pages in unavailable ranges
[    0.025131] ACPI: PM-Timer IO Port: 0x608
[    0.025142] ACPI: LAPIC_NMI (acpi_id[0xff] dfl dfl lint[0x1])
[    0.025175] IOAPIC[0]: apic_id 0, version 17, address 0xfec00000, GSI 0-23
[    0.025177] ACPI: INT_SRC_OVR (bus 0 bus_irq 0 global_irq 2 dfl dfl)
[    0.025178] ACPI: INT_SRC_OVR (bus 0 bus_irq 5 global_irq 5 high level)
[    0.025179] ACPI: INT_SRC_OVR (bus 0 bus_irq 9 global_irq 9 high level)
[    0.025179] ACPI: INT_SRC_OVR (bus 0 bus_irq 10 global_irq 10 high level)
[    0.025180] ACPI: INT_SRC_OVR (bus 0 bus_irq 11 global_irq 11 high level)
[    0.025183] ACPI: Using ACPI (MADT) for SMP configuration information
[    0.025183] ACPI: HPET id: 0x8086a201 base: 0xfed00000
[    0.025188] CPU topo: Max. logical packages:   1
[    0.025189] CPU topo: Max. logical dies:       1
[    0.025189] CPU topo: Max. dies per package:   1
[    0.025192] CPU topo: Max. threads per core:   1
[    0.025192] CPU topo: Num. cores per package:     4
[    0.025193] CPU topo: Num. threads per package:   4
[    0.025193] CPU topo: Allowing 4 present CPUs plus 0 hotplug CPUs
[    0.025209] kvm-guest: APIC: eoi() replaced with kvm_guest_apic_eoi_write()
[    0.025222] PM: hibernation: Registered nosave memory: [mem 0x00000000-0x00000fff]
[    0.025223] PM: hibernation: Registered nosave memory: [mem 0x0009f000-0x000fffff]
[    0.025224] PM: hibernation: Registered nosave memory: [mem 0x7ffdf000-0xffffffff]
[    0.025225] [mem 0xc0000000-0xfed1bfff] available for PCI devices
[    0.025226] Booting paravirtualized kernel on KVM
[    0.025227] clocksource: refined-jiffies: mask: 0xffffffff max_cycles: 0xffffffff, max_idle_ns: 1910969940391419 ns
[    0.025235] setup_percpu: NR_CPUS:8192 nr_cpumask_bits:4 nr_cpu_ids:4 nr_node_ids:2
[    0.025541] percpu: Embedded 84 pages/cpu s221184 r8192 d114688 u524288
[    0.025571] kvm-guest: PV spinlocks disabled, no host support
[    0.025571] Kernel command line: root=/dev/sda rw console=ttyS0,115200 nokaslr psi=0
[    0.025611] Unknown kernel command line parameters "nokaslr", will be passed to user space.
[    0.025615] printk: log buffer data + meta data: 262144 + 917504 = 1179648 bytes
[    0.026717] Dentry cache hash table entries: 1048576 (order: 11, 8388608 bytes, linear)
[    0.027378] Inode-cache hash table entries: 524288 (order: 10, 4194304 bytes, linear)
[    0.027426] software IO TLB: area num 4.
[    0.042060] Fallback order for Node 0: 0 
[    0.042063] Fallback order for Node 1: 0 
[    0.042065] Built 1 zonelists, mobility grouping on.  Total pages: 2097021
[    0.042066] Policy zone: Normal
[    0.042073] mem auto-init: stack:off, heap alloc:on, heap free:off
[    0.072799] SLUB: HWalign=64, Order=0-3, MinObjects=0, CPUs=4, Nodes=2
[    0.072864] Kernel/User page tables isolation: enabled
[    0.087200] ftrace: allocating 59458 entries in 234 pages
[    0.087201] ftrace: allocated 234 pages with 5 groups
[    0.088390] Dynamic Preempt: voluntary
[    0.088793] rcu: Preemptible hierarchical RCU implementation.
[    0.088794] rcu: 	RCU restricting CPUs from NR_CPUS=8192 to nr_cpu_ids=4.
[    0.088796] 	Trampoline variant of Tasks RCU enabled.
[    0.088796] 	Rude variant of Tasks RCU enabled.
[    0.088796] 	Tracing variant of Tasks RCU enabled.
[    0.088797] rcu: RCU calculated value of scheduler-enlistment delay is 100 jiffies.
[    0.088798] rcu: Adjusting geometry for rcu_fanout_leaf=16, nr_cpu_ids=4
[    0.088805] RCU Tasks: Setting shift to 2 and lim to 1 rcu_task_cb_adjust=1 rcu_task_cpu_ids=4.
[    0.088807] RCU Tasks Rude: Setting shift to 2 and lim to 1 rcu_task_cb_adjust=1 rcu_task_cpu_ids=4.
[    0.088808] RCU Tasks Trace: Setting shift to 2 and lim to 1 rcu_task_cb_adjust=1 rcu_task_cpu_ids=4.
[    0.093160] NR_IRQS: 524544, nr_irqs: 456, preallocated irqs: 16
[    0.093370] rcu: srcu_init: Setting srcu_struct sizes based on contention.
[    0.101122] Console: colour VGA+ 80x25
[    0.101168] printk: legacy console [ttyS0] enabled
[    0.185574] ACPI: Core revision 20250404
[    0.186176] clocksource: hpet: mask: 0xffffffff max_cycles: 0xffffffff, max_idle_ns: 19112604467 ns
[    0.187243] APIC: Switch to symmetric I/O mode setup
[    0.188008] x2apic enabled
[    0.188577] APIC: Switched APIC routing to: physical x2apic
[    0.190080] ..TIMER: vector=0x30 apic1=0 pin1=2 apic2=-1 pin2=-1
[    0.190788] clocksource: tsc-early: mask: 0xffffffffffffffff max_cycles: 0x39a85c9bff6, max_idle_ns: 881590591483 ns
[    0.191888] Calibrating delay loop (skipped) preset value.. 4000.00 BogoMIPS (lpj=2000000)
[    0.193037] Last level iTLB entries: 4KB 0, 2MB 0, 4MB 0
[    0.193885] Last level dTLB entries: 4KB 0, 2MB 0, 4MB 0, 1GB 0
[    0.194488] mitigations: Enabled attack vectors: user_kernel, user_user, guest_host, guest_guest, SMT mitigations: auto
[    0.194886] Speculative Store Bypass: Vulnerable
[    0.195886] Spectre V2 : Mitigation: Retpolines
[    0.196885] ITS: Mitigation: Aligned branch/return thunks
[    0.197433] MDS: Vulnerable: Clear CPU buffers attempted, no microcode
[    0.197886] Spectre V1 : Mitigation: usercopy/swapgs barriers and __user pointer sanitization
[    0.198886] Spectre V2 : Spectre v2 / SpectreRSB: Filling RSB on context switch and VMEXIT
[    0.199887] active return thunk: its_return_thunk
[    0.200381] x86/fpu: Supporting XSAVE feature 0x001: 'x87 floating point registers'
[    0.200885] x86/fpu: Supporting XSAVE feature 0x002: 'SSE registers'
[    0.201885] x86/fpu: Supporting XSAVE feature 0x004: 'AVX registers'
[    0.202533] x86/fpu: xstate_offset[2]:  576, xstate_sizes[2]:  256
[    0.202885] x86/fpu: Enabled xstate features 0x7, context size is 832 bytes, using 'standard' format.
[    0.227646] Freeing SMP alternatives memory: 56K
[    0.227889] pid_max: default: 32768 minimum: 301
[    0.228967] LSM: initializing lsm=lockdown,capability,landlock,yama,apparmor,ima,evm
[    0.229885] landlock: Up and running.
[    0.229886] Yama: becoming mindful.
[    0.230391] AppArmor: AppArmor initialized
[    0.231098] Mount-cache hash table entries: 16384 (order: 5, 131072 bytes, linear)
[    0.231898] Mountpoint-cache hash table entries: 16384 (order: 5, 131072 bytes, linear)
[    0.336222] smpboot: CPU0: Intel QEMU Virtual CPU version 2.5+ (family: 0xf, model: 0x6b, stepping: 0x1)
[    0.337052] Performance Events: unsupported Netburst CPU model 107 no PMU driver, software events only.
[    0.337903] signal: max sigframe size: 1776
[    0.338337] rcu: Hierarchical SRCU implementation.
[    0.338886] rcu: 	Max phase no-delay instances is 400.
[    0.339440] Timer migration: 2 hierarchy levels; 8 children per group; 1 crossnode level
[    0.344306] NMI watchdog: Perf NMI watchdog permanently disabled
[    0.344938] smp: Bringing up secondary CPUs ...
[    0.345498] smpboot: x86: Booting SMP configuration:
[    0.345886] .... node  #0, CPUs:      #1 #2 #3
[    0.353171] smp: Brought up 1 node, 4 CPUs
[    0.354311] smpboot: Total of 4 processors activated (16000.00 BogoMIPS)
[    0.355404] Memory: 8117176K/8388084K available (22800K kernel code, 4866K rwdata, 9108K rodata, 5088K init, 6220K bss, 263264K reserved, 0K cma-reserved)
[    0.356291] devtmpfs: initialized
[    0.356935] x86/mm: Memory block size: 128MB
[    0.358173] clocksource: jiffies: mask: 0xffffffff max_cycles: 0xffffffff, max_idle_ns: 1911260446275000 ns
[    0.358900] posixtimers hash table entries: 2048 (order: 3, 32768 bytes, linear)
[    0.360188] futex hash table entries: 512 (32768 bytes on 2 NUMA nodes, total 64 KiB, linear).
[    0.361199] pinctrl core: initialized pinctrl subsystem
[    0.362027] PM: RTC time: 21:06:52, date: 2026-08-07
[    0.364724] NET: Registered PF_NETLINK/PF_ROUTE protocol family
[    0.365325] DMA: preallocated 1024 KiB GFP_KERNEL pool for atomic allocations
[    0.366017] DMA: preallocated 1024 KiB GFP_KERNEL|GFP_DMA pool for atomic allocations
[    0.367016] DMA: preallocated 1024 KiB GFP_KERNEL|GFP_DMA32 pool for atomic allocations
[    0.367900] audit: initializing netlink subsys (disabled)
[    0.368934] audit: type=2000 audit(1786136813.180:1): state=initialized audit_enabled=0 res=1
[    0.369013] thermal_sys: Registered thermal governor 'fair_share'
[    0.369887] thermal_sys: Registered thermal governor 'bang_bang'
[    0.370886] thermal_sys: Registered thermal governor 'step_wise'
[    0.371538] thermal_sys: Registered thermal governor 'user_space'
[    0.371885] thermal_sys: Registered thermal governor 'power_allocator'
[    0.372903] cpuidle: using governor ladder
[    0.374332] cpuidle: using governor menu
[    0.375115] acpiphp: ACPI Hot Plug PCI Controller Driver version: 0.5
[    0.376069] PCI: ECAM [mem 0xb0000000-0xbfffffff] (base 0xb0000000) for domain 0000 [bus 00-ff]
[    0.376887] PCI: ECAM [mem 0xb0000000-0xbfffffff] reserved as E820 entry
[    0.377622] PCI: Using configuration type 1 for base access
[    0.377936] kprobes: kprobe jump-optimization is enabled. All kprobes are optimized if possible.
[    0.380968] HugeTLB: allocation took 0ms with hugepage_allocation_threads=1
[    0.381916] HugeTLB: registered 2.00 MiB page size, pre-allocated 0 pages
[    0.382649] HugeTLB: 28 KiB vmemmap can be freed for a 2.00 MiB page
[    0.385152] ACPI: Added _OSI(Module Device)
[    0.385887] ACPI: Added _OSI(Processor Device)
[    0.386886] ACPI: Added _OSI(Processor Aggregator Device)
[    0.389559] ACPI: 1 ACPI AML tables successfully acquired and loaded
[    0.415025] ACPI: Interpreter enabled
[    0.415898] ACPI: PM: (supports S0 S3 S4 S5)
[    0.416381] ACPI: Using IOAPIC for interrupt routing
[    0.416988] PCI: Using host bridge windows from ACPI; if necessary, use "pci=nocrs" and report a bug
[    0.417886] PCI: Using E820 reservations for host bridge windows
[    0.418967] ACPI: Enabled 3 GPEs in block 00 to 3F
[    0.422327] ACPI: PCI Root Bridge [PCI0] (domain 0000 [bus 00-0b])
[    0.422889] acpi PNP0A08:00: _OSC: OS supports [ExtendedConfig ASPM ClockPM Segments MSI EDR HPX-Type3]
[    0.423915] acpi PNP0A08:00: _OSC: platform does not support [PCIeHotplug LTR DPC]
[    0.424927] acpi PNP0A08:00: _OSC: OS now controls [SHPCHotplug PME AER PCIeCapability]
[    0.425943] PCI host bridge to bus 0000:00
[    0.426370] pci_bus 0000:00: Unknown NUMA node; performance will be reduced
[    0.426887] pci_bus 0000:00: root bus resource [io  0x0000-0x0cf7 window]
[    0.427886] pci_bus 0000:00: root bus resource [io  0x0d00-0xffff window]
[    0.428584] pci_bus 0000:00: root bus resource [mem 0x000a0000-0x000bffff window]
[    0.428886] pci_bus 0000:00: root bus resource [mem 0x80000000-0xafffffff window]
[    0.429886] pci_bus 0000:00: root bus resource [mem 0xc0000000-0xfe7fffff window]
[    0.430886] pci_bus 0000:00: root bus resource [mem 0x7c0010000-0x7ffffffff window]
[    0.431730] pci_bus 0000:00: root bus resource [mem 0x800200000-0x103fffffff window]
[    0.431886] pci_bus 0000:00: root bus resource [bus 00-0b]
[    0.432931] pci 0000:00:00.0: [8086:29c0] type 00 class 0x060000 conventional PCI endpoint
[    0.434284] pci 0000:00:01.0: [1234:1111] type 00 class 0x030000 conventional PCI endpoint
[    0.436914] pci 0000:00:01.0: BAR 0 [mem 0xfd000000-0xfdffffff pref]
[    0.437660] pci 0000:00:01.0: BAR 2 [mem 0xfea50000-0xfea50fff]
[    0.437909] pci 0000:00:01.0: ROM [mem 0xfea40000-0xfea4ffff pref]
[    0.438932] pci 0000:00:01.0: Video device with shadowed ROM at [mem 0x000c0000-0x000dffff]
[    0.440122] pci 0000:00:02.0: [1af4:1000] type 00 class 0x020000 conventional PCI endpoint
[    0.442614] pci 0000:00:02.0: BAR 0 [io  0xc080-0xc09f]
[    0.442894] pci 0000:00:02.0: BAR 1 [mem 0xfea51000-0xfea51fff]
[    0.443573] pci 0000:00:02.0: BAR 4 [mem 0x800200000-0x800203fff 64bit pref]
[    0.443892] pci 0000:00:02.0: ROM [mem 0xfea00000-0xfea3ffff pref]
[    0.445446] pci 0000:00:03.0: [1af4:1009] type 00 class 0x000200 conventional PCI endpoint
[    0.447510] pci 0000:00:03.0: BAR 0 [io  0xc000-0xc03f]
[    0.447893] pci 0000:00:03.0: BAR 1 [mem 0xfea52000-0xfea52fff]
[    0.448909] pci 0000:00:03.0: BAR 4 [mem 0x800204000-0x800207fff 64bit pref]
[    0.450210] pci 0000:00:04.0: [1b36:000b] type 00 class 0x060000 conventional PCI endpoint
[    0.458231] pci 0000:00:1f.0: [8086:2918] type 00 class 0x060100 conventional PCI endpoint
[    0.459172] pci 0000:00:1f.0: quirk: [io  0x0600-0x067f] claimed by ICH6 ACPI/GPIO/TCO
[    0.460067] pci 0000:00:1f.2: [8086:2922] type 00 class 0x010601 conventional PCI endpoint
[    0.461917] pci 0000:00:1f.2: BAR 4 [io  0xc0a0-0xc0bf]
[    0.462514] pci 0000:00:1f.2: BAR 5 [mem 0xfea53000-0xfea53fff]
[    0.463172] pci 0000:00:1f.3: [8086:2930] type 00 class 0x0c0500 conventional PCI endpoint
[    0.464915] pci 0000:00:1f.3: BAR 4 [io  0x0700-0x073f]
[    0.465939] ACPI: PCI: Interrupt link LNKA configured for IRQ 10
[    0.466629] ACPI: PCI: Interrupt link LNKB configured for IRQ 10
[    0.466937] ACPI: PCI: Interrupt link LNKC configured for IRQ 11
[    0.467937] ACPI: PCI: Interrupt link LNKD configured for IRQ 11
[    0.468643] ACPI: PCI: Interrupt link LNKE configured for IRQ 10
[    0.468941] ACPI: PCI: Interrupt link LNKF configured for IRQ 10
[    0.469937] ACPI: PCI: Interrupt link LNKG configured for IRQ 11
[    0.470636] ACPI: PCI: Interrupt link LNKH configured for IRQ 11
[    0.470906] ACPI: PCI: Interrupt link GSIA configured for IRQ 16
[    0.471891] ACPI: PCI: Interrupt link GSIB configured for IRQ 17
[    0.472540] ACPI: PCI: Interrupt link GSIC configured for IRQ 18
[    0.472891] ACPI: PCI: Interrupt link GSID configured for IRQ 19
[    0.473891] ACPI: PCI: Interrupt link GSIE configured for IRQ 20
[    0.474890] ACPI: PCI: Interrupt link GSIF configured for IRQ 21
[    0.475547] ACPI: PCI: Interrupt link GSIG configured for IRQ 22
[    0.475890] ACPI: PCI: Interrupt link GSIH configured for IRQ 23
[    0.477261] ACPI: PCI Root Bridge [CL0C] (domain 0000 [bus 0c-0d])
[    0.477888] acpi ACPI0016:00: _OSC: OS supports [ExtendedConfig ASPM ClockPM Segments MSI EDR HPX-Type3]
[    0.478886] acpi ACPI0016:00: _OSC: OS supports [CXL11PortRegAccess CXL20PortDevRegAccess CXLProtocolErrorReporting CXLNativeHot]
[    0.479933] acpi ACPI0016:00: _OSC: platform does not support [LTR DPC]
[    0.480960] acpi ACPI0016:00: _OSC: OS now controls [PCIeHotplug SHPCHotplug PME AER PCIeCapability]
[    0.481886] acpi ACPI0016:00: _OSC: OS now controls [CXLMemErrorReporting]
[    0.482909] PCI host bridge to bus 0000:0c
[    0.483339] pci_bus 0000:0c: Unknown NUMA node; performance will be reduced
[    0.483888] pci_bus 0000:0c: root bus resource [mem 0xfe800000-0xfe9fffff window]
[    0.484888] pci_bus 0000:0c: root bus resource [mem 0x7c0000000-0x7c000ffff window]
[    0.485886] pci_bus 0000:0c: root bus resource [mem 0x800000000-0x8001fffff window]
[    0.486887] pci_bus 0000:0c: root bus resource [bus 0c-0d]
[    0.488058] pci 0000:0c:00.0: [8086:7075] type 01 class 0x060400 PCIe Root Port
[    0.490443] pci 0000:0c:00.0: BAR 0 [mem 0x7c0000000-0x7c000ffff 64bit]
[    0.490900] pci 0000:0c:00.0: PCI bridge to [bus 0d]
[    0.491915] pci 0000:0c:00.0:   bridge window [mem 0xfe800000-0xfe9fffff]
[    0.493129] pci 0000:0c:00.0:   bridge window [mem 0x800000000-0x8001fffff 64bit pref]
[    0.493944] pci 0000:0c:00.0: enabling Extended Tags
[    0.504134] pci 0000:0d:00.0: [8086:0d93] type 00 class 0x050210 PCIe Endpoint
[    0.505901] pci 0000:0d:00.0: BAR 0 [mem 0xfe800000-0xfe80ffff 64bit]
[    0.506697] pci 0000:0d:00.0: BAR 2 [mem 0xfe810000-0xfe810fff 64bit]
[    0.506892] pci 0000:0d:00.0: BAR 4 [mem 0xfe811000-0xfe811fff]
[    0.507934] pci 0000:0d:00.0: enabling Extended Tags
[    0.518219] pci 0000:0c:00.0: PCI bridge to [bus 0d]
[    0.519901] iommu: Default domain type: Translated
[    0.520409] iommu: DMA domain TLB invalidation policy: lazy mode
[    0.521966]  pci0000:0c: host supports CXL
[    0.522446] SCSI subsystem initialized
[    0.522916] ACPI: bus type USB registered
[    0.523330] usbcore: registered new interface driver usbfs
[    0.523890] usbcore: registered new interface driver hub
[    0.524450] usbcore: registered new device driver usb
[    0.524902] pps_core: LinuxPPS API ver. 1 registered
[    0.525443] pps_core: Software ver. 5.3.6 - Copyright 2005-2007 Rodolfo Giometti <giometti@linux.it>
[    0.525888] PTP clock support registered
[    0.526952] EDAC MC: Ver: 3.0.0
[    0.528072] NetLabel: Initializing
[    0.528497] NetLabel:  domain hash size = 128
[    0.528888] NetLabel:  protocols = UNLABELED CIPSOv4 CALIPSO
[    0.529900] NetLabel:  unlabeled traffic allowed by default
[    0.530898] mctp: management component transport protocol core
[    0.531504] NET: Registered PF_MCTP protocol family
[    0.531896] PCI: Using ACPI for IRQ routing
[    0.645995] pci 0000:00:01.0: BAR 2 [mem 0xfea50000-0xfea50fff]: can't claim; no compatible bridge window
[    0.646893] pci 0000:00:02.0: BAR 1 [mem 0xfea51000-0xfea51fff]: can't claim; no compatible bridge window
[    0.647892] pci 0000:00:03.0: BAR 1 [mem 0xfea52000-0xfea52fff]: can't claim; no compatible bridge window
[    0.648904] pci 0000:00:1f.2: BAR 5 [mem 0xfea53000-0xfea53fff]: can't claim; no compatible bridge window
[    0.649977] pci 0000:00:01.0: vgaarb: setting as boot VGA device
[    0.650531] pci 0000:00:01.0: vgaarb: bridge control possible
[    0.650885] pci 0000:00:01.0: vgaarb: VGA device added: decodes=io+mem,owns=io+mem,locks=none
[    0.650887] vgaarb: loaded
[    0.651915] hpet: 3 channels of 0 reserved for per-cpu timers
[    0.652496] hpet0: at MMIO 0xfed00000, IRQs 2, 8, 0
[    0.652885] hpet0: 3 comparators, 64-bit 100.000000 MHz counter
[    0.658098] clocksource: Switched to clocksource kvm-clock
[    0.658913] VFS: Disk quotas dquot_6.6.0
[    0.659333] VFS: Dquot-cache hash table entries: 512 (order 0, 4096 bytes)
[    0.660198] netfs: FS-Cache loaded
[    0.660660] AppArmor: AppArmor Filesystem Enabled
[    0.661140] pnp: PnP ACPI init
[    0.661672] system 00:05: [mem 0xb0000000-0xbfffffff window] has been reserved
[    0.662772] pnp: PnP ACPI: found 6 devices
[    0.670703] clocksource: acpi_pm: mask: 0xffffff max_cycles: 0xffffff, max_idle_ns: 2085701024 ns
[    0.671779] NET: Registered PF_INET protocol family
[    0.672624] IP idents hash table entries: 131072 (order: 8, 1048576 bytes, linear)
[    0.674664] tcp_listen_portaddr_hash hash table entries: 4096 (order: 4, 65536 bytes, linear)
[    0.675625] Table-perturb hash table entries: 65536 (order: 6, 262144 bytes, linear)
[    0.676547] TCP established hash table entries: 65536 (order: 7, 524288 bytes, linear)
[    0.677845] TCP bind hash table entries: 65536 (order: 9, 2097152 bytes, linear)
[    0.678869] TCP: Hash tables configured (established 65536 bind 65536)
[    0.680051] MPTCP token hash table entries: 8192 (order: 5, 196608 bytes, linear)
[    0.680965] UDP hash table entries: 4096 (order: 6, 262144 bytes, linear)
[    0.681771] UDP-Lite hash table entries: 4096 (order: 6, 262144 bytes, linear)
[    0.682635] NET: Registered PF_UNIX/PF_LOCAL protocol family
[    0.683229] NET: Registered PF_XDP protocol family
[    0.683763] pci 0000:00:02.0: ROM [mem 0xfea00000-0xfea3ffff pref]: can't claim; no compatible bridge window
[    0.684816] pci 0000:00:02.0: ROM [mem 0x80000000-0x8003ffff pref]: assigned
[    0.685603] pci 0000:00:01.0: BAR 2 [mem 0x80040000-0x80040fff]: assigned
[    0.686816] pci 0000:00:02.0: BAR 1 [mem 0x80041000-0x80041fff]: assigned
[    0.687966] pci 0000:00:03.0: BAR 1 [mem 0x80042000-0x80042fff]: assigned
[    0.689141] pci 0000:00:1f.2: BAR 5 [mem 0x80043000-0x80043fff]: assigned
[    0.690305] pci_bus 0000:00: resource 4 [io  0x0000-0x0cf7 window]
[    0.690988] pci_bus 0000:00: resource 5 [io  0x0d00-0xffff window]
[    0.691714] pci_bus 0000:00: resource 6 [mem 0x000a0000-0x000bffff window]
[    0.692491] pci_bus 0000:00: resource 7 [mem 0x80000000-0xafffffff window]
[    0.693212] pci_bus 0000:00: resource 8 [mem 0xc0000000-0xfe7fffff window]
[    0.693975] pci_bus 0000:00: resource 9 [mem 0x7c0010000-0x7ffffffff window]
[    0.694751] pci_bus 0000:00: resource 10 [mem 0x800200000-0x103fffffff window]
[    0.695539] pci 0000:0c:00.0: bridge window [io  0x1000-0x0fff] to [bus 0d] add_size 1000
[    0.696400] pci 0000:0c:00.0: bridge window [io  size 0x1000]: can't assign; no space
[    0.697942] pci 0000:0c:00.0: bridge window [io  size 0x1000]: failed to assign
[    0.698735] pci 0000:0c:00.0: bridge window [io  size 0x1000]: can't assign; no space
[    0.699575] pci 0000:0c:00.0: bridge window [io  size 0x1000]: failed to assign
[    0.700419] pci 0000:0c:00.0: PCI bridge to [bus 0d]
[    0.701356] pci 0000:0c:00.0:   bridge window [mem 0xfe800000-0xfe9fffff]
[    0.702392] pci 0000:0c:00.0:   bridge window [mem 0x800000000-0x8001fffff 64bit pref]
[    0.704019] pci_bus 0000:0c: Some PCI device resources are unassigned, try booting with pci=realloc
[    0.705011] pci_bus 0000:0c: resource 4 [mem 0xfe800000-0xfe9fffff window]
[    0.705768] pci_bus 0000:0c: resource 5 [mem 0x7c0000000-0x7c000ffff window]
[    0.706531] pci_bus 0000:0c: resource 6 [mem 0x800000000-0x8001fffff window]
[    0.707257] pci_bus 0000:0d: resource 1 [mem 0xfe800000-0xfe9fffff]
[    0.708661] pci_bus 0000:0d: resource 2 [mem 0x800000000-0x8001fffff 64bit pref]
[    0.709553] PCI: CLS 0 bytes, default 64
[    0.709978] PCI-DMA: Using software bounce buffering for IO (SWIOTLB)
[    0.710682] software IO TLB: mapped [mem 0x000000007bfdf000-0x000000007ffdf000] (64MB)
[    0.711551] clocksource: tsc: mask: 0xffffffffffffffff max_cycles: 0x39a85c9bff6, max_idle_ns: 881590591483 ns
[    0.713199] Initialise system trusted keyrings
[    0.713726] Key type blacklist registered
[    0.714601] workingset: timestamp_bits=36 max_order=21 bucket_order=0
[    0.716638] squashfs: version 4.0 (2009/01/31) Phillip Lougher
[    0.718261] fuse: init (API version 7.44)
[    0.719111] 9p: Installing v9fs 9p2000 file system support
[    0.720788] integrity: Platform Keyring initialized
[    0.721303] integrity: Machine keyring initialized
[    0.727733] Key type asymmetric registered
[    0.728171] Asymmetric key parser 'x509' registered
[    0.728760] Block layer SCSI generic (bsg) driver version 0.4 loaded (major 242)
[    0.729934] io scheduler mq-deadline registered
[    0.732260] ledtrig-cpu: registered to indicate activity on CPUs
[    0.733436] ACPI: \_SB_.LNKD: Enabled at IRQ 11
[    0.735004] pcieport 0000:0c:00.0: PME: Signaling with IRQ 24
[    0.736463] pcieport 0000:0c:00.0: AER: enabled with IRQ 24
[    0.737065] pcieport 0000:0c:00.0: pciehp: Slot #0 AttnBtn+ PwrCtrl+ MRL- AttnInd+ PwrInd+ HotPlug+ Surprise+ Interlock+ NoCompl- IbPresDis- LLActRep+ (with Cmd Compl erratum)
[    0.740075] input: Power Button as /devices/LNXSYSTM:00/LNXPWRBN:00/input/input0
[    0.740940] ACPI: button: Power Button [PWRF]
[    0.743472] ACPI: \_SB_.GSIG: Enabled at IRQ 22
[    0.745010] ACPI: \_SB_.GSIH: Enabled at IRQ 23
[    0.746662] Serial: 8250/16550 driver, 32 ports, IRQ sharing enabled
[    0.769857] 00:03: ttyS0 at I/O 0x3f8 (irq = 4, base_baud = 115200) is a 16550A
[    0.774442] Linux agpgart interface v0.103
[    0.774961] ACPI: bus type drm_connector registered
[    0.778981] loop: module loaded
[    0.779688] Key type psk registered
[    0.781749] ACPI: \_SB_.GSIA: Enabled at IRQ 16
[    0.783255] ahci 0000:00:1f.2: AHCI vers 0001.0000, 32 command slots, 1.5 Gbps, SATA mode
[    0.784761] ahci 0000:00:1f.2: 6/6 ports implemented (port mask 0x3f)
[    0.785546] ahci 0000:00:1f.2: flags: 64bit ncq only 
[    0.787822] scsi host0: ahci
[    0.788342] cxl_nvdimm pmem0: GPF: could not set dirty shutdown state
[    0.788804] scsi host1: ahci
[    0.792438] scsi host2: ahci
[    0.793019] scsi host3: ahci
[    0.793592] scsi host4: ahci
[    0.794204] scsi host5: ahci
[    0.794600] ata1: SATA max UDMA/133 abar m4096@0x80043000 port 0x80043100 irq 25 lpm-pol 0
[    0.795575] ata2: SATA max UDMA/133 abar m4096@0x80043000 port 0x80043180 irq 25 lpm-pol 0
[    0.796474] ata3: SATA max UDMA/133 abar m4096@0x80043000 port 0x80043200 irq 25 lpm-pol 0
[    0.797372] ata4: SATA max UDMA/133 abar m4096@0x80043000 port 0x80043280 irq 25 lpm-pol 0
[    0.798339] ata5: SATA max UDMA/133 abar m4096@0x80043000 port 0x80043300 irq 25 lpm-pol 0
[    0.799245] ata6: SATA max UDMA/133 abar m4096@0x80043000 port 0x80043380 irq 25 lpm-pol 0
[    0.800274] tun: Universal TUN/TAP device driver, 1.6
[    0.803449] e1000: Intel(R) PRO/1000 Network Driver
[    0.804199] e1000: Copyright (c) 1999-2006 Intel Corporation.
[    0.804849] e1000e: Intel(R) PRO/1000 Network Driver
[    0.805426] e1000e: Copyright(c) 1999 - 2015 Intel Corporation.
[    0.806053] PPP generic driver version 2.4.2
[    0.806690] i8042: PNP: PS/2 Controller [PNP0303:KBD,PNP0f13:MOU] at 0x60,0x64 irq 1,12
[    0.808181] serio: i8042 KBD port at 0x60,0x64 irq 1
[    0.808749] serio: i8042 AUX port at 0x60,0x64 irq 12
[    0.809707] mousedev: PS/2 mouse device common for all mice
[    0.810685] input: AT Translated Set 2 keyboard as /devices/platform/i8042/serio0/input/input1
[    0.810840] rtc_cmos 00:04: RTC can wake from S4
[    0.814765] rtc_cmos 00:04: registered as rtc0
[    0.816540] rtc_cmos 00:04: setting system clock to 2026-08-07T21:06:53 UTC (1786136813)
[    0.819379] rtc_cmos 00:04: alarms up to one day, y3k, 242 bytes nvram, hpet irqs
[    0.821877] i2c_dev: i2c /dev entries driver
[    0.822940] device-mapper: core: CONFIG_IMA_DISABLE_HTABLE is disabled. Duplicate IMA measurements will not be recorded in the IMA log.
[    0.824304] device-mapper: uevent: version 1.0.3
[    0.825146] device-mapper: ioctl: 4.50.0-ioctl (2025-04-28) initialised: dm-devel@lists.linux.dev
[    0.826072] intel_pstate: CPU model not supported
[    0.826773] drop_monitor: Initializing network drop monitor service
[    0.827770] NET: Registered PF_INET6 protocol family
[    0.829195] Segment Routing with IPv6
[    0.829790] In-situ OAM (IOAM) with IPv6
[    0.830289] NET: Registered PF_PACKET protocol family
[    0.831040] 9pnet: Installing 9P2000 support
[    0.832761] Key type dns_resolver registered
[    0.835076] IPI shorthand broadcast: enabled
[    0.837124] sched_clock: Marking stable (741002062, 95507295)->(843358241, -6848884)
[    0.838926] registered taskstats version 1
[    0.840867] Loading compiled-in X.509 certificates
[    0.842053] Loaded X.509 cert 'Build time autogenerated kernel key: d04e987abe4214284e46b7b27904783efe65024e'
[    0.846756] Demotion targets for Node 0: null
[    0.847840] Key type .fscrypt registered
[    0.848246] Key type fscrypt-provisioning registered
[    0.849487] Key type encrypted registered
[    0.849899] AppArmor: AppArmor sha256 policy hashing enabled
[    0.850549] ima: No TPM chip found, activating TPM-bypass!
[    0.851100] Loading compiled-in module X.509 certificates
[    0.851989] Loaded X.509 cert 'Build time autogenerated kernel key: d04e987abe4214284e46b7b27904783efe65024e'
[    0.853012] ima: Allocated hash algorithm: sha256
[    0.853547] ima: No architecture policies found
[    0.854020] evm: Initialising EVM extended attributes:
[    0.854619] evm: security.selinux
[    0.854959] evm: security.SMACK64
[    0.855308] evm: security.SMACK64EXEC
[    0.855761] evm: security.SMACK64TRANSMUTE
[    0.856180] evm: security.SMACK64MMAP
[    0.856645] evm: security.apparmor
[    0.856991] evm: security.ima
[    0.857305] evm: security.capability
[    0.857710] evm: HMAC attrs: 0x1
[    0.858299] PM:   Magic number: 6:830:145
[    0.858868] ata_port ata2: hash matches
[    0.859309]  ata2: hash matches
[    0.859878] RAS: Correctable Errors collector initialized.
[    0.860561] clk: Disabling unused clocks
[    0.861000] PM: genpd: Disabling unused power domains
[    1.106333] ata5: SATA link down (SStatus 0 SControl 300)
[    1.109767] ata4: SATA link down (SStatus 0 SControl 300)
[    1.112203] ata6: SATA link down (SStatus 0 SControl 300)
[    1.113712] ata1: SATA link up 1.5 Gbps (SStatus 113 SControl 300)
[    1.114321] ata1.00: ATA-7: QEMU HARDDISK, 2.5+, max UDMA/100
[    1.114798] ata1.00: 104857600 sectors, multi 16: LBA48 NCQ (depth 32)
[    1.115278] ata1.00: applying bridge limits
[    1.115673] ata1.00: configured for UDMA/100
[    1.116265] scsi 0:0:0:0: Direct-Access     ATA      QEMU HARDDISK    2.5+ PQ: 0 ANSI: 5
[    1.116657] ata3: SATA link up 1.5 Gbps (SStatus 113 SControl 300)
[    1.118945] sd 0:0:0:0: Attached scsi generic sg0 type 0
[    1.119003] sd 0:0:0:0: [sda] 104857600 512-byte logical blocks: (53.7 GB/50.0 GiB)
[    1.119012] sd 0:0:0:0: [sda] Write Protect is off
[    1.119024] sd 0:0:0:0: [sda] Write cache: enabled, read cache: enabled, doesn't support DPO or FUA
[    1.119036] sd 0:0:0:0: [sda] Preferred minimum I/O size 512 bytes
[    1.120756] ata2: SATA link down (SStatus 0 SControl 300)
[    1.124888] ata3.00: ATAPI: QEMU DVD-ROM, 2.5+, max UDMA/100
[    1.125998] ata3.00: applying bridge limits
[    1.126771] ata3.00: configured for UDMA/100
[    1.128036] scsi 2:0:0:0: CD-ROM            QEMU     QEMU DVD-ROM     2.5+ PQ: 0 ANSI: 5
[    1.133079] sd 0:0:0:0: [sda] Attached SCSI disk
[    1.157330] sr 2:0:0:0: [sr0] scsi3-mmc drive: 4x/4x cd/rw xa/form2 tray
[    1.158011] cdrom: Uniform CD-ROM driver Revision: 3.20
[    1.170608] sr 2:0:0:0: Attached scsi generic sg1 type 5
[    1.172671] md: Waiting for all devices to be available before autodetect
[    1.175305] md: If you don't use raid, use raid=noautodetect
[    1.176657] md: Autodetecting RAID arrays.
[    1.177541] md: autorun ...
[    1.177809] md: ... autorun DONE.
[    1.463213] EXT4-fs (sda): recovery complete
[    1.472111] EXT4-fs (sda): mounted filesystem 412a31d6-761b-4b59-b4f9-53f8a4b8ad2f r/w with ordered data mode. Quota mode: none.
[    1.473057] VFS: Mounted root (ext4 filesystem) on device 8:0.
[    1.474885] devtmpfs: mounted
[    1.477132] Freeing unused decrypted memory: 2028K
[    1.478790] Freeing unused kernel image (initmem) memory: 5088K
[    1.479588] Write protecting the kernel read-only data: 34816k
[    1.481426] Freeing unused kernel image (text/rodata gap) memory: 1772K
[    1.482553] Freeing unused kernel image (rodata/data gap) memory: 1132K
[    1.521697] x86/mm: Checked W+X mappings: passed, no W+X pages found.
[    1.522423] x86/mm: Checking user space page tables
[    1.560249] x86/mm: Checked W+X mappings: passed, no W+X pages found.
[    1.560724] Run /sbin/init as init process
[    1.649202] systemd[1]: Inserted module 'autofs4'
[!p]104[?7h[    1.688113] systemd[1]: systemd 257.7-1 running in system mode (+PAM +AUDIT +SELINUX +APPARMOR +IMA +IPE +SMACK +SECCOMP +GCRYPT -GNUTLS +OPENSSL +ACL +BLKID +CURL +ELFUTILS +FIDO2 +IDN2 -IDN +IPTC +KMOD +LIBCRYPTSETUP +LIBCRYPTSETUP_PLUGINS +LIBFDISK +PCRE2 +PWQUALITY +P11KIT +QRENCODE +TPM2 +BZIP2 +LZ4 +XZ +ZLIB +ZSTD +BPF_FRAMEWORK +BTF -XKBCOMMON -UTMP +SYSVINIT +LIBARCHIVE)
[    1.690416] systemd[1]: Detected virtualization kvm.
[    1.690771] systemd[1]: Detected architecture x86-64.

[0;1;39mWelcome to [0m[1mDebian GNU/Linux 13 (trixie)[0m[0;1;39m![0m

[    1.695157] systemd[1]: Hostname set to <node0>.
[    1.740090] systemd[1]: bpf-restrict-fs: BPF LSM hook not enabled in the kernel, BPF LSM not supported.
[    1.778253] Guest personality initialized and is inactive
[    1.778757] VMCI host device registered (name=vmci, major=10, minor=262)
[    1.779214] Initialized host personality
[    1.787224] NET: Registered PF_VSOCK protocol family
[    1.943036] systemd[1]: Queued start job for default target graphical.target.
[    1.974327] systemd[1]: Created slice system-getty.slice - Slice /system/getty.
[[0;32m  OK  [0m] Created slice [0;1;39msystem-getty.slice[0m - Slice /system/getty.
[    1.978085] systemd[1]: Created slice system-modprobe.slice - Slice /system/modprobe.
[[0;32m  OK  [0m] Created slice [0;1;39msystem-modprobe.slice[0m - Slice /system/modprobe.
[    1.982824] systemd[1]: Created slice system-serial\x2dgetty.slice - Slice /system/serial-getty.
[[0;32m  OK  [0m] Created slice [0;1;39msystem-serial\x2dget…slice[0m - Slice /system/serial-getty.
[    1.987095] systemd[1]: Created slice user.slice - User and Session Slice.
[[0;32m  OK  [0m] Created slice [0;1;39muser.slice[0m - User and Session Slice.
[    1.990430] systemd[1]: Started systemd-ask-password-console.path - Dispatch Password Requests to Console Directory Watch.
[[0;32m  OK  [0m] Started [0;1;39msystemd-ask-password-conso…[0mequests to Console Directory Watch.
[    1.994633] systemd[1]: Started systemd-ask-password-wall.path - Forward Password Requests to Wall Directory Watch.
[[0;32m  OK  [0m] Started [0;1;39msystemd-ask-password-wall.…[0md Requests to Wall Directory Watch.
[    1.998916] systemd[1]: Set up automount proc-sys-fs-binfmt_misc.automount - Arbitrary Executable File Formats File System Automount Point.
[[0;32m  OK  [0m] Set up automount [0;1;39mproc-sys-fs-binfm…[0mormats File System Automount Point.
[    2.001537] systemd[1]: Expecting device dev-ttyS0.device - /dev/ttyS0...
         Expecting device [0;1;39mdev-ttyS0.device[0m - /dev/ttyS0...
[    2.002681] systemd[1]: Reached target paths.target - Path Units.
[[0;32m  OK  [0m] Reached target [0;1;39mpaths.target[0m - Path Units.
[    2.003816] systemd[1]: Reached target slices.target - Slice Units.
[[0;32m  OK  [0m] Reached target [0;1;39mslices.target[0m - Slice Units.
[    2.004934] systemd[1]: Reached target swap.target - Swaps.
[[0;32m  OK  [0m] Reached target [0;1;39mswap.target[0m - Swaps.
[    2.029782] systemd[1]: Listening on rpcbind.socket - RPCbind Server Activation Socket.
[[0;32m  OK  [0m] Listening on [0;1;39mrpcbind.socket[0m - RPCbind Server Activation Socket.
[    2.032041] systemd[1]: Listening on systemd-creds.socket - Credential Encryption/Decryption.
[[0;32m  OK  [0m] Listening on [0;1;39msystemd-creds.socket[0m - Credential Encryption/Decryption.
[    2.033657] systemd[1]: Listening on systemd-initctl.socket - initctl Compatibility Named Pipe.
[[0;32m  OK  [0m] Listening on [0;1;39msystemd-initctl.socke…[0m- initctl Compatibility Named Pipe.
[    2.035222] systemd[1]: Listening on systemd-journald-dev-log.socket - Journal Socket (/dev/log).
[[0;32m  OK  [0m] Listening on [0;1;39msystemd-journald-dev-…socket[0m - Journal Socket (/dev/log).
[    2.036834] systemd[1]: Listening on systemd-journald.socket - Journal Sockets.
[[0;32m  OK  [0m] Listening on [0;1;39msystemd-journald.socket[0m - Journal Sockets.
[    2.038266] systemd[1]: Listening on systemd-networkd.socket - Network Service Netlink Socket.
[[0;32m  OK  [0m] Listening on [0;1;39msystemd-networkd.socket[0m - Network Service Netlink Socket.
[    2.039791] systemd[1]: systemd-pcrextend.socket - TPM PCR Measurements was skipped because of an unmet condition check (ConditionSecurity=measured-uki).
[    2.040833] systemd[1]: systemd-pcrlock.socket - Make TPM PCR Policy was skipped because of an unmet condition check (ConditionSecurity=measured-uki).
[    2.041945] systemd[1]: Listening on systemd-udevd-control.socket - udev Control Socket.
[[0;32m  OK  [0m] Listening on [0;1;39msystemd-udevd-control.socket[0m - udev Control Socket.
[    2.043390] systemd[1]: Listening on systemd-udevd-kernel.socket - udev Kernel Socket.
[[0;32m  OK  [0m] Listening on [0;1;39msystemd-udevd-kernel.socket[0m - udev Kernel Socket.
[    2.046208] systemd[1]: Mounting dev-hugepages.mount - Huge Pages File System...
         Mounting [0;1;39mdev-hugepages.mount[0m - Huge Pages File System...
[    2.048720] systemd[1]: Mounting dev-mqueue.mount - POSIX Message Queue File System...
         Mounting [0;1;39mdev-mqueue.mount[0m - POSIX Message Queue File System...
[    2.051366] systemd[1]: Mounting run-lock.mount - Legacy Locks Directory /run/lock...
         Mounting [0;1;39mrun-lock.mount[0m - Legacy Locks Directory /run/lock...
[    2.053940] systemd[1]: Mounting sys-kernel-debug.mount - Kernel Debug File System...
         Mounting [0;1;39msys-kernel-debug.mount[0m - Kernel Debug File System...
[    2.060621] systemd[1]: Mounting sys-kernel-tracing.mount - Kernel Trace File System...
         Mounting [0;1;39msys-kernel-tracing.mount[0m - Kernel Trace File System...
[    2.065418] systemd[1]: Mounting tmp.mount - Temporary Directory /tmp...
         Mounting [0;1;39mtmp.mount[0m - Temporary Directory /tmp...
[    2.066860] systemd[1]: auth-rpcgss-module.service - Kernel Module supporting RPCSEC_GSS was skipped because of an unmet condition check (ConditionPathExists=/etc/krb5.keytab).
[    2.069599] systemd[1]: Starting kmod-static-nodes.service - Create List of Static Device Nodes...
         Starting [0;1;39mkmod-static-nodes.service[0m…eate List of Static Device Nodes...
[    2.071946] systemd[1]: Starting modprobe@configfs.service - Load Kernel Module configfs...
         Starting [0;1;39mmodprobe@configfs.service[0m - Load Kernel Module configfs...
[    2.074256] systemd[1]: Starting modprobe@drm.service - Load Kernel Module drm...
         Starting [0;1;39mmodprobe@drm.service[0m - Load Kernel Module drm...
[    2.077223] systemd[1]: Starting modprobe@efi_pstore.service - Load Kernel Module efi_pstore...
         Starting [0;1;39mmodprobe@efi_pstore.servi…[0m - Load Kernel Module efi_pstore...
[    2.079529] systemd[1]: Starting modprobe@fuse.service - Load Kernel Module fuse...
         Starting [0;1;39mmodprobe@fuse.service[0m - Load Kernel Module fuse...
[    2.080958] systemd[1]: systemd-hibernate-clear.service - Clear Stale Hibernate Storage Info was skipped because of an unmet condition check (ConditionPathExists=/sys/firmware/efi/efivars/HibernateLocation-8cf2644b-4b0b-428f-9387-6d876050dc67).
[    2.083916] systemd[1]: Starting systemd-journald.service - Journal Service...
         Starting [0;1;39msystemd-journald.service[0m - Journal Service...
[    2.086441] systemd[1]: Starting systemd-modules-load.service - Load Kernel Modules...
         Starting [0;1;39msystemd-modules-load.service[0m - Load Kernel Modules...
[    2.087817] systemd[1]: systemd-pcrmachine.service - TPM PCR Machine ID Measurement was skipped because of an unmet condition check (ConditionSecurity=measured-uki).
[    2.089631] systemd[1]: Starting systemd-remount-fs.service - Remount Root and Kernel File Systems...
         Starting [0;1;39msystemd-remount-fs.servic…[0munt Root and Kernel File Systems...
[    2.091334] systemd[1]: systemd-tpm2-setup-early.service - Early TPM SRK Setup was skipped because of an unmet condition check (ConditionSecurity=measured-uki).
[    2.093129] systemd[1]: Starting systemd-udev-load-credentials.service - Load udev Rules from Credentials...
         Starting [0;1;39msystemd-udev-load-credent…[0mLoad udev Rules from Credentials...[    2.094832] systemd[1]: Starting systemd-udev-trigger.service - Coldplug All udev Devices...

         Starting [0;1;39msystemd-udev-trigger.service[0m - Coldplug All udev Devices...
[    2.097694] systemd[1]: Mounted dev-hugepages.mount - Huge Pages File System.
[[0;32m  OK  [0m] Mounted [0;1;39mdev-hugepages.mount[0m - Huge Pages File System.
[    2.099458] systemd[1]: Mounted dev-mqueue.mount - POSIX Message Queue File System.
[[0;32m  OK  [0m] Mounted [0;1;39mdev-mqueue.mount[0m - POSIX Message Queue File System.
[    2.102839] systemd[1]: Mounted run-lock.mount - Legacy Locks Directory /run/lock.
[[0;32m  OK  [0m] Mounted [0;1;39mrun-lock.mount[0m - Legacy Locks Directory /run/lock.
[    2.105208] systemd[1]: Mounted sys-kernel-debug.mount - Kernel Debug File System.
[    2.105224] systemd-journald[169]: Collecting audit messages is disabled.
[[0;32m  OK  [0m] Mounted [0;1;39msys-kernel-debug.mount[0m - Kernel Debug File System.
[    2.107199] systemd[1]: Mounted sys-kernel-tracing.mount - Kernel Trace File System.
[[0;32m  OK  [0m] Mounted [0;1;39msys-kernel-tracing.mount[0m - Kernel Trace File System.
[    2.108620] systemd[1]: Mounted tmp.mount - Temporary Directory /tmp.
[[0;32m  OK  [0m] Mounted [0;1;39mtmp.mount[0m - Temporary Directory /tmp.
[    2.109988] systemd[1]: Finished kmod-static-nodes.service - Create List of Static Device Nodes.
[[0;32m  OK  [0m] Finished [0;1;39mkmod-static-nodes.service[0m…Create List of Static Device Nodes.
[    2.111784] systemd[1]: modprobe@configfs.service: Deactivated successfully.
[    2.112427] systemd[1]: Finished modprobe@configfs.service - Load Kernel Module configfs.
[[0;32m  OK  [0m] Finished [0;1;39mmodprobe@configfs.service[0m - Load Kernel Module configfs.
[    2.114023] systemd[1]: modprobe@drm.service: Deactivated successfully.
[    2.114697] systemd[1]: Finished modprobe@drm.service - Load Kernel Module drm.
[[0;32m  OK  [0m] Finished [0;1;39mmodprobe@drm.service[0m - Load Kernel Module drm.
[    2.116290] systemd[1]: modprobe@efi_pstore.service: Deactivated successfully.
[    2.116981] systemd[1]: Finished modprobe@efi_pstore.service - Load Kernel Module efi_pstore.
[[0;32m  OK  [0m] Finished [0;1;39mmodprobe@efi_pstore.service[0m - Load Kernel Module efi_pstore.
[    2.118646] systemd[1]: modprobe@fuse.service: Deactivated successfully.
[    2.119252] systemd[1]: Finished modprobe@fuse.service - Load Kernel Module fuse.
[[0;32m  OK  [0m] Finished [0;1;39mmodprobe@fuse.service[0m - Load Kernel Module fuse.
[    2.120843] systemd[1]: Finished systemd-modules-load.service - Load Kernel Modules.
[[0;32m  OK  [0m] Finished [0;1;39msystemd-modules-load.service[0m - Load Kernel Modules.
[    2.122462] systemd[1]: Finished systemd-remount-fs.service - Remount Root and Kernel File Systems.
[[0;32m  OK  [0m] Finished [0;1;39msystemd-remount-fs.servic…[0mmount Root and Kernel File Systems.
[    2.124349] systemd[1]: Finished systemd-udev-load-credentials.service - Load udev Rules from Credentials.
[[0;32m  OK  [0m] Finished [0;1;39msystemd-udev-load-credent…[0m- Load udev Rules from Credentials.
[    2.128212] systemd[1]: Mounting sys-fs-fuse-connections.mount - FUSE Control File System...
         Mounting [0;1;39msys-fs-fuse-connections.mount[0m - FUSE Control File System...
[    2.130325] systemd[1]: Mounting sys-kernel-config.mount - Kernel Configuration File System...
         Mounting [0;1;39msys-kernel-config.mount[0m - Kernel Configuration File System...
[    2.132523] systemd[1]: systemd-hwdb-update.service - Rebuild Hardware Database was skipped because of an unmet condition check (ConditionNeedsUpdate=/etc).
[    2.133592] systemd[1]: systemd-pstore.service - Platform Persistent Storage Archival was skipped because of an unmet condition check (ConditionDirectoryNotEmpty=/sys/fs/pstore).
[    2.142974] systemd[1]: Starting systemd-random-seed.service - Load/Save OS Random Seed...
         Starting [0;1;39msystemd-random-seed.service[0m - Load/Save OS Random Seed...
[    2.145293] systemd[1]: Starting systemd-sysctl.service - Apply Kernel Variables...
         Starting [0;1;39msystemd-sysctl.service[0m - Apply Kernel Variables...
[    2.147669] systemd[1]: Starting systemd-tmpfiles-setup-dev-early.service - Create Static Device Nodes in /dev gracefully...
         Starting [0;1;39msystemd-tmpfiles-setup-de…[0m Device Nodes in /dev gracefully...
[    2.149352] systemd[1]: systemd-tpm2-setup.service - TPM SRK Setup was skipped because of an unmet condition check (ConditionSecurity=measured-uki).
[    2.150838] systemd[1]: Started systemd-journald.service - Journal Service.
[[0;32m  OK  [0m] Started [0;1;39msystemd-journald.service[0m - Journal Service.
[[0;32m  OK  [0m] Mounted [0;1;39msys-fs-fuse-connections.mount[0m - FUSE Control File System.
[[0;32m  OK  [0m] Mounted [0;1;39msys-kernel-config.mount[0m - Kernel Configuration File System.
         Starting [0;1;39msystemd-journal-flush.ser…[0msh Journal to Persistent Storage...
[[0;32m  OK  [0m] Finished [0;1;39msystemd-sysctl.service[0m - Apply Kernel Variables.
[[0;32m  OK  [0m] Finished [0;1;39msystemd-tmpfiles-setup-de…[0mic Device Nodes in /dev gracefully.
[    2.178933] systemd-journald[169]: Received client request to flush runtime journal.
         Starting [0;1;39msystemd-tmpfiles-setup-de…[0meate Static Device Nodes in /dev...
[    2.181833] systemd-journald[169]: File /var/log/journal/052ada13ad154e7481baeec066fefe4c/system.journal corrupted or uncleanly shut down, renaming and replacing.
[[0;32m  OK  [0m] Finished [0;1;39msystemd-udev-trigger.service[0m - Coldplug All udev Devices.
         Starting [0;1;39mifupdown-pre.service[0m - He…synchronize boot up for ifupdown...
[[0;32m  OK  [0m] Finished [0;1;39msystemd-tmpfiles-setup-de…[0mCreate Static Device Nodes in /dev.
[[0;32m  OK  [0m] Reached target [0;1;39mlocal-fs-pre.target[0m…Preparation for Local File Systems.
[[0;32m  OK  [0m] Reached target [0;1;39mlocal-fs.target[0m - Local File Systems.
[[0;32m  OK  [0m] Listening on [0;1;39msystemd-sysext.socket[0m… System Extension Image Management.
         Starting [0;1;39msystemd-binfmt.service[0m - Set Up Additional Binary Formats...
         Starting [0;1;39msystemd-udevd.service[0m - R…ager for Device Events and Files...
[[0;32m  OK  [0m] Finished [0;1;39msystemd-journal-flush.ser…[0mlush Journal to Persistent Storage.
         Starting [0;1;39msystemd-tmpfiles-setup.se…[0mate System Files and Directories...
[[0;32m  OK  [0m] Started [0;1;39msystemd-udevd.service[0m - Ru…anager for Device Events and Files.
         Starting [0;1;39msystemd-networkd.service[0m - Network Configuration...
[    2.278535] random: crng init done
[[0;32m  OK  [0m] Finished [0;1;39msystemd-tmpfiles-setup.se…[0mreate System Files and Directories.
         Starting [0;1;39mrpcbind.service[0m - RPC bind portmap service...
[[0;32m  OK  [0m] Finished [0;1;39msystemd-random-seed.service[0m - Load/Save OS Random Seed.
[[0;32m  OK  [[    2.313876] virtio_net virtio0 enp0s2: renamed from eth0
0m] Started [0;1;39mrpcbind.service[0m - RPC bind portmap service.
[[0;32m  OK  [0m] Reached target [0;1;39mrpcbind.target[0m - RPC Port Mapper.
[[0;32m  OK  [0m] Found device [0;1;39mdev-ttyS0.device[0m - /dev/ttyS0.
         Expecting device [0;1;39msys-subsystem-net…[0msys/subsystem/net/devices/enp0s2...
[    2.345748] bochs-drm 0000:00:01.0: vgaarb: deactivate vga console
[    2.350545] Console: switching to colour dummy device 80x25
[    2.353306] [drm] Found bochs VGA, ID 0xb0c5.
[    2.353697] [drm] Framebuffer size 16384 kB @ 0xfd000000, mmio @ 0x80040000.
[    2.355154] [drm] Initialized bochs-drm 1.0.0 for 0000:00:01.0 on minor 0
[    2.359416] lpc_ich 0000:00:1f.0: I/O space for GPIO uninitialized
[    2.370426] input: PC Speaker as /devices/platform/pcspkr/input/input3
[    2.373024] parport_pc 00:02: reported by Plug and Play ACPI
[    2.373643] fbcon: bochs-drmdrmfb (fb0) is primary device
[    2.375479] parport0: PC-style at 0x378, irq 7 [PCSPP,TRISTATE]
[    2.379492] Console: switching to colour frame buffer device 160x50
[    2.386636] bochs-drm 0000:00:01.0: [drm] fb0: bochs-drmdrmfb frame buffer device
[    2.394088] i801_smbus 0000:00:1f.3: SMBus using PCI interrupt
[    2.395150] i2c i2c-0: Memory type 0x07 not supported yet, not instantiating SPD
[    2.423209] input: VirtualPS/2 VMware VMMouse as /devices/platform/i8042/serio1/input/input5
[    2.424175] input: VirtualPS/2 VMware VMMouse as /devices/platform/i8042/serio1/input/input4
[[0;32m  OK  [0m] Found device [0;1;39msys-subsystem-net-dev…0s2.device[0m - Virtio network device.
[[0;32m  OK  [0m] Listening on [0;1;39msystemd-rfkill.socket[0m…ll Switch Status /dev/rfkill Watch.
[[0;32m  OK  [0m] Started [0;1;39mifup@enp0s2.service[0m - ifup for enp0s2.
[    2.433838] iTCO_vendor_support: vendor-support=0
[    2.447901] iTCO_wdt iTCO_wdt.1.auto: Found a ICH9 TCO device (Version=2, TCOBASE=0x0660)
[    2.448760] iTCO_wdt iTCO_wdt.1.auto: initialized. heartbeat=30 sec (nowayout=0)
[    2.457022] Error: Driver 'pcspkr' is already registered, aborting...
[    2.491417] ppdev: user-space parallel port driver
[[0;32m  OK  [0m] Finished [0;1;39mifupdown-pre.service[0m - He…o synchronize boot up for ifupdown.
         Starting [0;1;39mnetworking.service[0m - Raise network interfaces...
[    2.509045] 8021q: 802.1Q VLAN Support v1.8
[    2.628438] cfg80211: Loading compiled-in X.509 certificates for regulatory database
[    2.629626] Loaded X.509 cert 'sforshee: 00b28ddf47aef9cea7'
[    2.630208] Loaded X.509 cert 'wens: 61c038651aabdcf94bd0ac7ff06c7248db18c600'
[    2.630818] platform regulatory.0: Direct firmware load for regulatory.db failed with error -2
[    2.632058] cfg80211: failed to load regulatory.db
[    2.646946] 8021q: adding VLAN 0 to HW filter on device enp0s2
         Mounting [0;1;39mproc-sys-fs-binfmt_misc.m…[0mcutable File Formats File System...
         Mounting [0;1;39mrun-rpc_pipefs.mount[0m - RPC Pipe File System...
[[0;32m  OK  [0m] Mounted [0;1;39mproc-sys-fs-binfmt_misc.mo…[0mxecutable File Formats File System.
[[0;32m  OK  [0m] Finished [0;1;39msystemd-binfmt.service[0m - Set Up Additional Binary Formats.
[[0;32m  OK  [0m] Reached target [0;1;39msysinit.target[0m - System Initialization.
[[0;32m  OK  [0m] Started [0;1;39mapt-daily.timer[0m - Daily apt download activities.
[[0;32m  OK  [0m] Started [0;1;39mapt-daily-upgrade.timer[0m - …y apt upgrade and clean activities.
[[0;32m  OK  [0m] Started [0;1;39mdpkg-db-backup.timer[0m - Daily dpkg database backup timer.
[[0;32m  OK  [0m] Started [0;1;39me2scrub_all.timer[0m - Period…Metadata Check for All Filesystems.
[[0;32m  OK  [0m] Started [0;1;39mfstrim.timer[0m - Discard unused filesystem blocks once a week.
[[0;32m  OK  [0m] Started [0;1;39mlogrotate.timer[0m - Daily rotation of log files.
[[0;32m  OK  [0m] Started [0;1;39msystemd-tmpfiles-clean.tim…[0my Cleanup of Temporary Directories.
[[0;32m  OK  [0m] Reached target [0;1;39mtimers.target[0m - Timer Units.
[[0;32m  OK  [0m] Listening on [0;1;39mdbus.socket[0m - D-Bus System Message Bus Socket.
[[0;32m  OK  [0m] Listening on [0;1;39msshd-unix-local.socke…[0mtemd-ssh-generator, AF_UNIX Local).
[[0;32m  OK  [0m] Listening on [0;1;39msshd-vsock.socket[0m - O… (systemd-ssh-generator, AF_VSOCK).
[[0;32m  OK  [0m] Reached target [0;1;39mssh-access.target[0m - SSH Access Available.
[[0;32m  OK  [0m] Listening on [0;1;39msystemd-hostnamed.socket[0m - Hostname Service Socket.
[[0;32m  OK  [0m] Reached target [0;1;39msockets.target[0m - Socket Units.
         Starting [0;1;39mcxl-numa-setup.service[0m - Configure CXL Memory as NUMA Node...
[[0;32m  OK  [0m] Started [0;1;39msystemd-networkd.service[0m - Network Configuration.
         Starting [0;1;39msystemd-networkd-persiste…[0mtent Storage in systemd-networkd...
[    3.232357] RPC: Registered named UNIX socket transport module.
[    3.232845] RPC: Registered udp transport module.
[    3.233194] RPC: Registered tcp transport module.
[    3.233572] RPC: Registered tcp-with-tls transport module.
[    3.234151] RPC: Registered tcp NFSv4.1 backchannel transport module.
[[0;32m  OK  [0m] Mounted [0;1;39mrun-rpc_pipefs.mount[0m - RPC Pipe File System.
[[0;32m  OK  [0m] Reached target [0;1;39mrpc_pipefs.target[0m.
         Starting [0;1;39mnfs-blkmap.service[0m - pNFS block layout mapping daemon...
[[0;32m  OK  [0m] Reached target [0;1;39mnfs-client.target[0m - NFS client services.
[[0;32m  OK  [0m] Reached target [0;1;39mremote-fs-pre.targe…[0mreparation for Remote File Systems.
[[0;32m  OK  [0m] Reached target [0;1;39mremote-fs.target[0m - Remote File Systems.
[[0;32m  OK  [0m] Finished [0;1;39msystemd-networkd-persiste…[0mistent Storage in systemd-networkd.
[[0;32m  OK  [0m] Started [0;1;39mnfs-blkmap.service[0m - pNFS block layout mapping daemon.
[    3.280329] cxl region0: Bypassing cpu_cache_invalidate_memregion() for testing!
qemu-system-x86_64: info: CXL Type3: Initializing CXLMemSim integration
qemu-system-x86_64: info: CXL Type3: CXLMemSim SHM mode - /cxlmemsim_pgas
qemu-system-x86_64: info: CXL Type3: Active latency injection ENABLED (min=0 ns)
[[0;32m  OK  [0m] Finished [0;1;39mcxl-numa-setup.service[0m - Configure CXL Memory as NUMA Node.
[[0;32m  OK  [0m] Reached target [0;1;39mbasic.target[0m - Basic System.
[[0;32m  OK  [0m] Started [0;1;39mcron.service[0m - Regular background program processing daemon.
[[0;32m  OK  [0m] Started [0;1;39mcxl-monitor.service[0m - CXL Monitor Daemon.
         Starting [0;1;39mdbus.service[0m - D-Bus System Message Bus...
         Starting [0;1;39me2scrub_reap.service[0m - Re…ne ext4 Metadata Check Snapshots...
[[0;32m  OK  [0m] Started [0;1;39mndctl-monitor.service[0m - Ndctl Monitor Daemon.
         Starting [0;1;39msystemd-logind.service[0m - User Login Management...
[[0;32m  OK  [0m] Started [0;1;39mdbus.service[0m - D-Bus System Message Bus.
[[0;32m  OK  [0m] Finished [0;1;39me2scrub_reap.service[0m - Re…line ext4 Metadata Check Snapshots.
[[0;32m  OK  [0m] Started [0;1;39msystemd-logind.service[0m - User Login Management.
[[0m[0;31m*     [0m] Job networking.service/start running (4s / 5min)
M[K[[0;1;31m*[0m[0;31m*    [0m] Job networking.service/start running (4s / 5min)
M[K[[0;31m*[0;1;31m*[0m[0;31m*   [0m] Job networking.service/start running (5s / 5min)
M[K[ [0;31m*[0;1;31m*[0m[0;31m*  [0m] Job networking.service/start running (5s / 5min)
M[K[  [0;31m*[0;1;31m*[0m[0;31m* [0m] Job networking.service/start running (6s / 5min)
M[K[   [0;31m*[0;1;31m*[0m[0;31m*[0m] Job networking.service/start running (6s / 5min)
M[K[    [0;31m*[0;1;31m*[0m] Job networking.service/start running (7s / 5min)
M[K[     [0;31m*[0m] Job networking.service/start running (8s / 5min)
M[K[    [0;31m*[0;1;31m*[0m] Job networking.service/start running (8s / 5min)
M[K[   [0;31m*[0;1;31m*[0m[0;31m*[0m] Job networking.service/start running (9s / 5min)
M[K[  [0;31m*[0;1;31m*[0m[0;31m* [0m] Job networking.service/start running (9s / 5min)
M[K[ [0;31m*[0;1;31m*[0m[0;31m*  [0m] Job networking.service/start running (10s / 5min)
M[K[[0;31m*[0;1;31m*[0m[0;31m*   [0m] Job networking.service/start running (11s / 5min)
M[K[[0;1;31m*[0m[0;31m*    [0m] Job networking.service/start running (11s / 5min)
M[K[[0;32m  OK  [0m] Finished [0;1;39mnetworking.service[0m - Raise network interfaces.
[K[[0;32m  OK  [0m] Reached target [0;1;39mnetwork.target[0m - Network.
[[0;32m  OK  [0m] Reached target [0;1;39mnetwork-online.target[0m - Network is Online.
         Starting [0;1;39mrc-local.service[0m - /etc/rc.local Compatibility...
         Starting [0;1;39mrpc-statd-notify.service[0m - Notify NFS peers of a restart...
         Starting [0;1;39mssh.service[0m - OpenBSD Secure Shell server...
         Starting [0;1;39msystemd-user-sessions.service[0m - Permit User Sessions...
[[0;32m  OK  [0m] Started [0;1;39mrc-local.service[0m - /etc/rc.local Compatibility.
[[0;32m  OK  [0m] Started [0;1;39mrpc-statd-notify.service[0m - Notify NFS peers of a restart.
[[0;32m  OK  [0m] Finished [0;1;39msystemd-user-sessions.service[0m - Permit User Sessions.
[[0;32m  OK  [0m] Started [0;1;39mgetty@tty1.service[0m - Getty on tty1.
[[0;32m  OK  [0m] Started [0;1;39mserial-getty@ttyS0.service[0m - Serial Getty on ttyS0.
[[0;32m  OK  [0m] Reached target [0;1;39mgetty.target[0m - Login Prompts.
[[0;32m  OK  [0m] Started [0;1;39mssh.service[0m - OpenBSD Secure Shell server.
[[0;32m  OK  [0m] Reached target [0;1;39mmulti-user.target[0m - Multi-User System.
[[0;32m  OK  [0m] Reached target [0;1;39mgraphical.target[0m - Graphical Interface.
[!p]104[?7h[6n[32766;32766H[6n[!p]104[?7h[6n[32766;32766H[6n
Debian GNU/Linux 13 node0 ttyS0

node0 login: [   24.989901] sched: DL replenish lagged too much
[ 7117.492614] workqueue: blk_mq_run_work_fn hogged CPU for >10000us 4 times, consider switching to WQ_UNBOUND
[ 7408.344905] watchdog: BUG: soft lockup - CPU#0 stuck for 22s! [bench_ycsb:50138]
[ 7408.344922] Modules linked in: nd_pmem nd_btt dax_pmem kmem device_dax sunrpc binfmt_misc cfg80211 8021q garp ppdev mrp stp llc snd_pcm joydev iTCO_wdt intel_pmc_bxt iTCO_vendor_support snd_timer snd psmouse vga16fb soundcore i2c_i801 vgastate i2c_mux pcspkr sha1_ssse3 parport_pc i2c_smbus lpc_ich parport bochs input_leds serio_raw mac_hid sch_fq_codel efi_pstore nfnetlink vsock_loopback vmw_vsock_virtio_transport_common vmw_vsock_vmci_transport vsock vmw_vmci dmi_sysfs qemu_fw_cfg ip_tables x_tables autofs4
[ 7408.345138] CPU: 0 UID: 0 PID: 50138 Comm: bench_ycsb Not tainted 6.16.0-rc7+ #3 PREEMPT(voluntary) 
[ 7408.345142] Hardware name: QEMU Standard PC (Q35 + ICH9, 2009), BIOS rel-1.17.0-0-gb52ca86e094d-prebuilt.qemu.org 04/01/2014
[ 7408.345147] RIP: 0010:folio_add_file_rmap_pmd+0x161/0x190
[ 7408.345174] Code: 48 0f ba 6b 68 3f eb 84 65 ff 05 ca 9f 43 02 f0 49 0f ba 28 1f 0f 83 19 ff ff ff 65 ff 0d b7 9f 43 02 74 26 f3 90 48 8b 43 68 <a9> 00 00 00 80 75 f3 eb d5 0f 1f 44 00 00 e9 61 ff ff ff 48 89 df
[ 7408.345176] RSP: 0000:ffffc900069ffcf0 EFLAGS: 00000286
[ 7408.345180] RAX: 000000008000000b RBX: ffffea001a470000 RCX: 0000000000000000
[ 7408.345181] RDX: 0000000000000012 RSI: 0000000000000000 RDI: ffffea001a470000
[ 7408.345182] RBP: ffffc900069ffd00 R08: ffffea001a470068 R09: 0000000000000000
[ 7408.345195] R10: ffff88811bd3f500 R11: 0000000000000000 R12: ffff88811bd3f500
[ 7408.345196] R13: ffffc900069ffde8 R14: ffffea00050ddf28 R15: 0000000000000001
[ 7408.345197] FS:  00007fe17959fd40(0000) GS:ffff8882f4059000(0000) knlGS:0000000000000000
[ 7408.345198] CS:  0010 DS: 0000 ES: 0000 CR0: 0000000080050033
[ 7408.345199] CR2: 00000001016003a0 CR3: 0000000101cc4000 CR4: 00000000000406f0
[ 7408.345211] Call Trace:
[ 7408.345218]  <TASK>
[ 7408.345239]  vmf_insert_folio_pmd+0x15b/0x1e0
[ 7408.345256]  dev_dax_huge_fault+0x33c/0x4a0 [device_dax]
[ 7408.345264]  __handle_mm_fault+0x7cf/0x1020
[ 7408.345270]  ? sched_tick+0xfd/0x280
[ 7408.345291]  handle_mm_fault+0xe7/0x2f0
[ 7408.345292]  do_user_addr_fault+0x22b/0x6c0
[ 7408.345305]  exc_page_fault+0x7c/0x1a0
[ 7408.345330]  asm_exc_page_fault+0x27/0x30
[ 7408.345344] RIP: 0033:0x3399d4
[ 7408.345362] Code: 7d f8 48 8b 7d f8 e8 ab 01 00 00 48 83 c4 10 5d c3 cc cc cc cc cc 55 48 89 e5 48 89 7d f8 48 89 75 f0 48 8b 45 f8 48 8b 4d f0 <48> 89 08 5d c3 cc cc cc cc cc cc cc 55 48 89 e5 48 83 ec 10 48 89
[ 7408.345363] RSP: 002b:00007fff124843a0 EFLAGS: 00010202
[ 7408.345364] RAX: 00000001016003a0 RBX: 00007fe17744e008 RCX: 0000000000000000
[ 7408.345365] RDX: 0000000000000009 RSI: 0000000000000000 RDI: 00000001016003a0
[ 7408.345365] RBP: 00007fff124843a0 R08: 0000000000000000 R09: 00007fe17743b6c0
[ 7408.345366] R10: 00007fe17743b6f0 R11: 00007fe1772e33f4 R12: 0000000000000000
[ 7408.345366] R13: 00007fff126e01a0 R14: 00007fff12484960 R15: 00000000005c0f08
[ 7408.345374]  </TASK>
[ 7436.344891] watchdog: BUG: soft lockup - CPU#0 stuck for 48s! [bench_ycsb:50138]
[ 7436.344897] Modules linked in: nd_pmem nd_btt dax_pmem kmem device_dax sunrpc binfmt_misc cfg80211 8021q garp ppdev mrp stp llc snd_pcm joydev iTCO_wdt intel_pmc_bxt iTCO_vendor_support snd_timer snd psmouse vga16fb soundcore i2c_i801 vgastate i2c_mux pcspkr sha1_ssse3 parport_pc i2c_smbus lpc_ich parport bochs input_leds serio_raw mac_hid sch_fq_codel efi_pstore nfnetlink vsock_loopback vmw_vsock_virtio_transport_common vmw_vsock_vmci_transport vsock vmw_vmci dmi_sysfs qemu_fw_cfg ip_tables x_tables autofs4
[ 7436.344948] CPU: 0 UID: 0 PID: 50138 Comm: bench_ycsb Tainted: G             L      6.16.0-rc7+ #3 PREEMPT(voluntary) 
[ 7436.344950] Tainted: [L]=SOFTLOCKUP
[ 7436.344951] Hardware name: QEMU Standard PC (Q35 + ICH9, 2009), BIOS rel-1.17.0-0-gb52ca86e094d-prebuilt.qemu.org 04/01/2014
[ 7436.344954] RIP: 0010:folio_add_file_rmap_pmd+0x161/0x190
[ 7436.344970] Code: 48 0f ba 6b 68 3f eb 84 65 ff 05 ca 9f 43 02 f0 49 0f ba 28 1f 0f 83 19 ff ff ff 65 ff 0d b7 9f 43 02 74 26 f3 90 48 8b 43 68 <a9> 00 00 00 80 75 f3 eb d5 0f 1f 44 00 00 e9 61 ff ff ff 48 89 df
[ 7436.344972] RSP: 0000:ffffc900069ffcf0 EFLAGS: 00000286
[ 7436.344974] RAX: 000000008000000b RBX: ffffea001a470000 RCX: 0000000000000000
[ 7436.344975] RDX: 0000000000000012 RSI: 0000000000000000 RDI: ffffea001a470000
[ 7436.344975] RBP: ffffc900069ffd00 R08: ffffea001a470068 R09: 0000000000000000
[ 7436.344976] R10: ffff88811bd3f500 R11: 0000000000000000 R12: ffff88811bd3f500
[ 7436.344976] R13: ffffc900069ffde8 R14: ffffea00050ddf28 R15: 0000000000000001
[ 7436.344977] FS:  00007fe17959fd40(0000) GS:ffff8882f4059000(0000) knlGS:0000000000000000
[ 7436.344978] CS:  0010 DS: 0000 ES: 0000 CR0: 0000000080050033
[ 7436.344979] CR2: 00000001016003a0 CR3: 0000000101cc4000 CR4: 00000000000406f0
[ 7436.344983] Call Trace:
[ 7436.344985]  <TASK>
[ 7436.344990]  vmf_insert_folio_pmd+0x15b/0x1e0
[ 7436.344998]  dev_dax_huge_fault+0x33c/0x4a0 [device_dax]
[ 7436.345001]  __handle_mm_fault+0x7cf/0x1020
[ 7436.345004]  ? sched_tick+0xfd/0x280
[ 7436.345012]  handle_mm_fault+0xe7/0x2f0
[ 7436.345222]  do_user_addr_fault+0x22b/0x6c0
[ 7436.345226]  exc_page_fault+0x7c/0x1a0
[ 7436.345233]  asm_exc_page_fault+0x27/0x30
[ 7436.345236] RIP: 0033:0x3399d4
[ 7436.345239] Code: 7d f8 48 8b 7d f8 e8 ab 01 00 00 48 83 c4 10 5d c3 cc cc cc cc cc 55 48 89 e5 48 89 7d f8 48 89 75 f0 48 8b 45 f8 48 8b 4d f0 <48> 89 08 5d c3 cc cc cc cc cc cc cc 55 48 89 e5 48 83 ec 10 48 89
[ 7436.345239] RSP: 002b:00007fff124843a0 EFLAGS: 00010202
[ 7436.345240] RAX: 00000001016003a0 RBX: 00007fe17744e008 RCX: 0000000000000000
[ 7436.345241] RDX: 0000000000000009 RSI: 0000000000000000 RDI: 00000001016003a0
[ 7436.345241] RBP: 00007fff124843a0 R08: 0000000000000000 R09: 00007fe17743b6c0
[ 7436.345242] R10: 00007fe17743b6f0 R11: 00007fe1772e33f4 R12: 0000000000000000
[ 7436.345242] R13: 00007fff126e01a0 R14: 00007fff12484960 R15: 00000000005c0f08
[ 7436.345257]  </TASK>
[ 7445.403514] rcu: INFO: rcu_preempt self-detected stall on CPU
[ 7445.404033] rcu: 	0-....: (59964 ticks this GP) idle=c544/1/0x4000000000000000 softirq=330499/330499 fqs=14993
[ 7445.404856] rcu: 	         hardirqs   softirqs   csw/system
[ 7445.405243] rcu: 	 number:    29988        538            0
[ 7445.405659] rcu: 	cputime:        0          0        29977   ==> 29998(ms)
[ 7445.406140] rcu: 	(t=60000 jiffies g=639817 q=895 ncpus=4)
[ 7445.406563] CPU: 0 UID: 0 PID: 50138 Comm: bench_ycsb Tainted: G             L      6.16.0-rc7+ #3 PREEMPT(voluntary) 
[ 7445.406565] Tainted: [L]=SOFTLOCKUP
[ 7445.406566] Hardware name: QEMU Standard PC (Q35 + ICH9, 2009), BIOS rel-1.17.0-0-gb52ca86e094d-prebuilt.qemu.org 04/01/2014
[ 7445.406583] RIP: 0010:folio_add_file_rmap_pmd+0x161/0x190
[ 7445.406594] Code: 48 0f ba 6b 68 3f eb 84 65 ff 05 ca 9f 43 02 f0 49 0f ba 28 1f 0f 83 19 ff ff ff 65 ff 0d b7 9f 43 02 74 26 f3 90 48 8b 43 68 <a9> 00 00 00 80 75 f3 eb d5 0f 1f 44 00 00 e9 61 ff ff ff 48 89 df
[ 7445.406596] RSP: 0000:ffffc900069ffcf0 EFLAGS: 00000286
[ 7445.406598] RAX: 000000008000000b RBX: ffffea001a470000 RCX: 0000000000000000
[ 7445.406599] RDX: 0000000000000012 RSI: 0000000000000000 RDI: ffffea001a470000
[ 7445.406600] RBP: ffffc900069ffd00 R08: ffffea001a470068 R09: 0000000000000000
[ 7445.406600] R10: ffff88811bd3f500 R11: 0000000000000000 R12: ffff88811bd3f500
[ 7445.406601] R13: ffffc900069ffde8 R14: ffffea00050ddf28 R15: 0000000000000001
[ 7445.406602] FS:  00007fe17959fd40(0000) GS:ffff8882f4059000(0000) knlGS:0000000000000000
[ 7445.406603] CS:  0010 DS: 0000 ES: 0000 CR0: 0000000080050033
[ 7445.406603] CR2: 00000001016003a0 CR3: 0000000101cc4000 CR4: 00000000000406f0
[ 7445.406607] Call Trace:
[ 7445.406609]  <TASK>
[ 7445.406616]  vmf_insert_folio_pmd+0x15b/0x1e0
[ 7445.406630]  dev_dax_huge_fault+0x33c/0x4a0 [device_dax]
[ 7445.406633]  __handle_mm_fault+0x7cf/0x1020
[ 7445.406636]  ? sched_tick+0xfd/0x280
[ 7445.406644]  handle_mm_fault+0xe7/0x2f0
[ 7445.406646]  do_user_addr_fault+0x22b/0x6c0
[ 7445.406651]  exc_page_fault+0x7c/0x1a0
[ 7445.406657]  asm_exc_page_fault+0x27/0x30
[ 7445.406661] RIP: 0033:0x3399d4
[ 7445.406664] Code: 7d f8 48 8b 7d f8 e8 ab 01 00 00 48 83 c4 10 5d c3 cc cc cc cc cc 55 48 89 e5 48 89 7d f8 48 89 75 f0 48 8b 45 f8 48 8b 4d f0 <48> 89 08 5d c3 cc cc cc cc cc cc cc 55 48 89 e5 48 83 ec 10 48 89
[ 7445.406665] RSP: 002b:00007fff124843a0 EFLAGS: 00010202
[ 7445.406666] RAX: 00000001016003a0 RBX: 00007fe17744e008 RCX: 0000000000000000
[ 7445.406674] RDX: 0000000000000009 RSI: 0000000000000000 RDI: 00000001016003a0
[ 7445.406674] RBP: 00007fff124843a0 R08: 0000000000000000 R09: 00007fe17743b6c0
[ 7445.406675] R10: 00007fe17743b6f0 R11: 00007fe1772e33f4 R12: 0000000000000000
[ 7445.406675] R13: 00007fff126e01a0 R14: 00007fff12484960 R15: 00000000005c0f08
[ 7445.406677]  </TASK>
[ 7472.344890] watchdog: BUG: soft lockup - CPU#0 stuck for 82s! [bench_ycsb:50138]
[ 7472.344895] Modules linked in: nd_pmem nd_btt dax_pmem kmem device_dax sunrpc binfmt_misc cfg80211 8021q garp ppdev mrp stp llc snd_pcm joydev iTCO_wdt intel_pmc_bxt iTCO_vendor_support snd_timer snd psmouse vga16fb soundcore i2c_i801 vgastate i2c_mux pcspkr sha1_ssse3 parport_pc i2c_smbus lpc_ich parport bochs input_leds serio_raw mac_hid sch_fq_codel efi_pstore nfnetlink vsock_loopback vmw_vsock_virtio_transport_common vmw_vsock_vmci_transport vsock vmw_vmci dmi_sysfs qemu_fw_cfg ip_tables x_tables autofs4
[ 7472.344935] CPU: 0 UID: 0 PID: 50138 Comm: bench_ycsb Tainted: G             L      6.16.0-rc7+ #3 PREEMPT(voluntary) 
[ 7472.344937] Tainted: [L]=SOFTLOCKUP
[ 7472.344938] Hardware name: QEMU Standard PC (Q35 + ICH9, 2009), BIOS rel-1.17.0-0-gb52ca86e094d-prebuilt.qemu.org 04/01/2014
[ 7472.344941] RIP: 0010:folio_add_file_rmap_pmd+0x161/0x190
[ 7472.344951] Code: 48 0f ba 6b 68 3f eb 84 65 ff 05 ca 9f 43 02 f0 49 0f ba 28 1f 0f 83 19 ff ff ff 65 ff 0d b7 9f 43 02 74 26 f3 90 48 8b 43 68 <a9> 00 00 00 80 75 f3 eb d5 0f 1f 44 00 00 e9 61 ff ff ff 48 89 df
[ 7472.344953] RSP: 0000:ffffc900069ffcf0 EFLAGS: 00000286
[ 7472.345109] RAX: 000000008000000b RBX: ffffea001a470000 RCX: 0000000000000000
[ 7472.345110] RDX: 0000000000000012 RSI: 0000000000000000 RDI: ffffea001a470000
[ 7472.345111] RBP: ffffc900069ffd00 R08: ffffea001a470068 R09: 0000000000000000
[ 7472.345111] R10: ffff88811bd3f500 R11: 0000000000000000 R12: ffff88811bd3f500
[ 7472.345112] R13: ffffc900069ffde8 R14: ffffea00050ddf28 R15: 0000000000000001
[ 7472.345113] FS:  00007fe17959fd40(0000) GS:ffff8882f4059000(0000) knlGS:0000000000000000
[ 7472.345114] CS:  0010 DS: 0000 ES: 0000 CR0: 0000000080050033
[ 7472.345114] CR2: 00000001016003a0 CR3: 0000000101cc4000 CR4: 00000000000406f0
[ 7472.345118] Call Trace:
[ 7472.345120]  <TASK>
[ 7472.345125]  vmf_insert_folio_pmd+0x15b/0x1e0
[ 7472.345132]  dev_dax_huge_fault+0x33c/0x4a0 [device_dax]
[ 7472.345135]  __handle_mm_fault+0x7cf/0x1020
[ 7472.345138]  ? sched_tick+0xfd/0x280
[ 7472.345145]  handle_mm_fault+0xe7/0x2f0
[ 7472.345146]  do_user_addr_fault+0x22b/0x6c0
[ 7472.345150]  exc_page_fault+0x7c/0x1a0
[ 7472.345156]  asm_exc_page_fault+0x27/0x30
[ 7472.345159] RIP: 0033:0x3399d4
[ 7472.345162] Code: 7d f8 48 8b 7d f8 e8 ab 01 00 00 48 83 c4 10 5d c3 cc cc cc cc cc 55 48 89 e5 48 89 7d f8 48 89 75 f0 48 8b 45 f8 48 8b 4d f0 <48> 89 08 5d c3 cc cc cc cc cc cc cc 55 48 89 e5 48 83 ec 10 48 89
[ 7472.345162] RSP: 002b:00007fff124843a0 EFLAGS: 00010202
[ 7472.345163] RAX: 00000001016003a0 RBX: 00007fe17744e008 RCX: 0000000000000000
[ 7472.345164] RDX: 0000000000000009 RSI: 0000000000000000 RDI: 00000001016003a0
[ 7472.345165] RBP: 00007fff124843a0 R08: 0000000000000000 R09: 00007fe17743b6c0
[ 7472.345165] R10: 00007fe17743b6f0 R11: 00007fe1772e33f4 R12: 0000000000000000
[ 7472.345166] R13: 00007fff126e01a0 R14: 00007fff12484960 R15: 00000000005c0f08
[ 7472.345168]  </TASK>
[ 7500.344890] watchdog: BUG: soft lockup - CPU#0 stuck for 108s! [bench_ycsb:50138]
[ 7500.345123] Modules linked in: nd_pmem nd_btt dax_pmem kmem device_dax sunrpc binfmt_misc cfg80211 8021q garp ppdev mrp stp llc snd_pcm joydev iTCO_wdt intel_pmc_bxt iTCO_vendor_support snd_timer snd psmouse vga16fb soundcore i2c_i801 vgastate i2c_mux pcspkr sha1_ssse3 parport_pc i2c_smbus lpc_ich parport bochs input_leds serio_raw mac_hid sch_fq_codel efi_pstore nfnetlink vsock_loopback vmw_vsock_virtio_transport_common vmw_vsock_vmci_transport vsock vmw_vmci dmi_sysfs qemu_fw_cfg ip_tables x_tables autofs4
[ 7500.345162] CPU: 0 UID: 0 PID: 50138 Comm: bench_ycsb Tainted: G             L      6.16.0-rc7+ #3 PREEMPT(voluntary) 
[ 7500.345164] Tainted: [L]=SOFTLOCKUP
[ 7500.345166] Hardware name: QEMU Standard PC (Q35 + ICH9, 2009), BIOS rel-1.17.0-0-gb52ca86e094d-prebuilt.qemu.org 04/01/2014
[ 7500.345168] RIP: 0010:folio_add_file_rmap_pmd+0x161/0x190
[ 7500.345178] Code: 48 0f ba 6b 68 3f eb 84 65 ff 05 ca 9f 43 02 f0 49 0f ba 28 1f 0f 83 19 ff ff ff 65 ff 0d b7 9f 43 02 74 26 f3 90 48 8b 43 68 <a9> 00 00 00 80 75 f3 eb d5 0f 1f 44 00 00 e9 61 ff ff ff 48 89 df
[ 7500.345189] RSP: 0000:ffffc900069ffcf0 EFLAGS: 00000286
[ 7500.345191] RAX: 000000008000000b RBX: ffffea001a470000 RCX: 0000000000000000
[ 7500.345192] RDX: 0000000000000012 RSI: 0000000000000000 RDI: ffffea001a470000
[ 7500.345193] RBP: ffffc900069ffd00 R08: ffffea001a470068 R09: 0000000000000000
[ 7500.345193] R10: ffff88811bd3f500 R11: 0000000000000000 R12: ffff88811bd3f500
[ 7500.345194] R13: ffffc900069ffde8 R14: ffffea00050ddf28 R15: 0000000000000001
[ 7500.345195] FS:  00007fe17959fd40(0000) GS:ffff8882f4059000(0000) knlGS:0000000000000000
[ 7500.345196] CS:  0010 DS: 0000 ES: 0000 CR0: 0000000080050033
[ 7500.345196] CR2: 00000001016003a0 CR3: 0000000101cc4000 CR4: 00000000000406f0
[ 7500.345201] Call Trace:
[ 7500.345203]  <TASK>
[ 7500.345208]  vmf_insert_folio_pmd+0x15b/0x1e0
[ 7500.345216]  dev_dax_huge_fault+0x33c/0x4a0 [device_dax]
[ 7500.345219]  __handle_mm_fault+0x7cf/0x1020
[ 7500.345223]  ? sched_tick+0xfd/0x280
[ 7500.345230]  handle_mm_fault+0xe7/0x2f0
[ 7500.345232]  do_user_addr_fault+0x22b/0x6c0
[ 7500.345236]  exc_page_fault+0x7c/0x1a0
[ 7500.345243]  asm_exc_page_fault+0x27/0x30
[ 7500.345246] RIP: 0033:0x3399d4
[ 7500.345256] Code: 7d f8 48 8b 7d f8 e8 ab 01 00 00 48 83 c4 10 5d c3 cc cc cc cc cc 55 48 89 e5 48 89 7d f8 48 89 75 f0 48 8b 45 f8 48 8b 4d f0 <48> 89 08 5d c3 cc cc cc cc cc cc cc 55 48 89 e5 48 83 ec 10 48 89
[ 7500.345257] RSP: 002b:00007fff124843a0 EFLAGS: 00010202
[ 7500.345258] RAX: 00000001016003a0 RBX: 00007fe17744e008 RCX: 0000000000000000
[ 7500.345259] RDX: 0000000000000009 RSI: 0000000000000000 RDI: 00000001016003a0
[ 7500.345259] RBP: 00007fff124843a0 R08: 0000000000000000 R09: 00007fe17743b6c0
[ 7500.345260] R10: 00007fe17743b6f0 R11: 00007fe1772e33f4 R12: 0000000000000000
[ 7500.345260] R13: 00007fff126e01a0 R14: 00007fff12484960 R15: 00000000005c0f08
[ 7500.345262]  </TASK>
[ 7528.344890] watchdog: BUG: soft lockup - CPU#0 stuck for 134s! [bench_ycsb:50138]
[ 7528.344895] Modules linked in: nd_pmem nd_btt dax_pmem kmem device_dax sunrpc binfmt_misc cfg80211 8021q garp ppdev mrp stp llc snd_pcm joydev iTCO_wdt intel_pmc_bxt iTCO_vendor_support snd_timer snd psmouse vga16fb soundcore i2c_i801 vgastate i2c_mux pcspkr sha1_ssse3 parport_pc i2c_smbus lpc_ich parport bochs input_leds serio_raw mac_hid sch_fq_codel efi_pstore nfnetlink vsock_loopback vmw_vsock_virtio_transport_common vmw_vsock_vmci_transport vsock vmw_vmci dmi_sysfs qemu_fw_cfg ip_tables x_tables autofs4
[ 7528.344937] CPU: 0 UID: 0 PID: 50138 Comm: bench_ycsb Tainted: G             L      6.16.0-rc7+ #3 PREEMPT(voluntary) 
[ 7528.344940] Tainted: [L]=SOFTLOCKUP
[ 7528.344941] Hardware name: QEMU Standard PC (Q35 + ICH9, 2009), BIOS rel-1.17.0-0-gb52ca86e094d-prebuilt.qemu.org 04/01/2014
[ 7528.344944] RIP: 0010:folio_add_file_rmap_pmd+0x161/0x190
[ 7528.344955] Code: 48 0f ba 6b 68 3f eb 84 65 ff 05 ca 9f 43 02 f0 49 0f ba 28 1f 0f 83 19 ff ff ff 65 ff 0d b7 9f 43 02 74 26 f3 90 48 8b 43 68 <a9> 00 00 00 80 75 f3 eb d5 0f 1f 44 00 00 e9 61 ff ff ff 48 89 df
[ 7528.344957] RSP: 0000:ffffc900069ffcf0 EFLAGS: 00000286
[ 7528.344959] RAX: 000000008000000b RBX: ffffea001a470000 RCX: 0000000000000000
[ 7528.344960] RDX: 0000000000000012 RSI: 0000000000000000 RDI: ffffea001a470000
[ 7528.344960] RBP: ffffc900069ffd00 R08: ffffea001a470068 R09: 0000000000000000
[ 7528.344961] R10: ffff88811bd3f500 R11: 0000000000000000 R12: ffff88811bd3f500
[ 7528.344961] R13: ffffc900069ffde8 R14: ffffea00050ddf28 R15: 0000000000000001
[ 7528.344962] FS:  00007fe17959fd40(0000) GS:ffff8882f4059000(0000) knlGS:0000000000000000
[ 7528.344963] CS:  0010 DS: 0000 ES: 0000 CR0: 0000000080050033
[ 7528.344964] CR2: 00000001016003a0 CR3: 0000000101cc4000 CR4: 00000000000406f0
[ 7528.344968] Call Trace:
[ 7528.344971]  <TASK>
[ 7528.344997]  vmf_insert_folio_pmd+0x15b/0x1e0
[ 7528.345006]  dev_dax_huge_fault+0x33c/0x4a0 [device_dax]
[ 7528.345008]  __handle_mm_fault+0x7cf/0x1020
[ 7528.345012]  ? sched_tick+0xfd/0x280
[ 7528.345019]  handle_mm_fault+0xe7/0x2f0
[ 7528.345021]  do_user_addr_fault+0x22b/0x6c0
[ 7528.345026]  exc_page_fault+0x7c/0x1a0
[ 7528.345032]  asm_exc_page_fault+0x27/0x30
[ 7528.345035] RIP: 0033:0x3399d4
[ 7528.345039] Code: 7d f8 48 8b 7d f8 e8 ab 01 00 00 48 83 c4 10 5d c3 cc cc cc cc cc 55 48 89 e5 48 89 7d f8 48 89 75 f0 48 8b 45 f8 48 8b 4d f0 <48> 89 08 5d c3 cc cc cc cc cc cc cc 55 48 89 e5 48 83 ec 10 48 89
[ 7528.345040] RSP: 002b:00007fff124843a0 EFLAGS: 00010202
[ 7528.345041] RAX: 00000001016003a0 RBX: 00007fe17744e008 RCX: 0000000000000000
[ 7528.345041] RDX: 0000000000000009 RSI: 0000000000000000 RDI: 00000001016003a0
[ 7528.345042] RBP: 00007fff124843a0 R08: 0000000000000000 R09: 00007fe17743b6c0
[ 7528.345042] R10: 00007fe17743b6f0 R11: 00007fe1772e33f4 R12: 0000000000000000
[ 7528.345043] R13: 00007fff126e01a0 R14: 00007fff12484960 R15: 00000000005c0f08
[ 7528.345045]  </TASK>
[ 7556.344890] watchdog: BUG: soft lockup - CPU#0 stuck for 160s! [bench_ycsb:50138]
[ 7556.344903] Modules linked in: nd_pmem nd_btt dax_pmem kmem device_dax sunrpc binfmt_misc cfg80211 8021q garp ppdev mrp stp llc snd_pcm joydev iTCO_wdt intel_pmc_bxt iTCO_vendor_support snd_timer snd psmouse vga16fb soundcore i2c_i801 vgastate i2c_mux pcspkr sha1_ssse3 parport_pc i2c_smbus lpc_ich parport bochs input_leds serio_raw mac_hid sch_fq_codel efi_pstore nfnetlink vsock_loopback vmw_vsock_virtio_transport_common vmw_vsock_vmci_transport vsock vmw_vmci dmi_sysfs qemu_fw_cfg ip_tables x_tables autofs4
[ 7556.344972] CPU: 0 UID: 0 PID: 50138 Comm: bench_ycsb Tainted: G             L      6.16.0-rc7+ #3 PREEMPT(voluntary) 
[ 7556.344975] Tainted: [L]=SOFTLOCKUP
[ 7556.344976] Hardware name: QEMU Standard PC (Q35 + ICH9, 2009), BIOS rel-1.17.0-0-gb52ca86e094d-prebuilt.qemu.org 04/01/2014
[ 7556.344978] RIP: 0010:folio_add_file_rmap_pmd+0x161/0x190
[ 7556.344989] Code: 48 0f ba 6b 68 3f eb 84 65 ff 05 ca 9f 43 02 f0 49 0f ba 28 1f 0f 83 19 ff ff ff 65 ff 0d b7 9f 43 02 74 26 f3 90 48 8b 43 68 <a9> 00 00 00 80 75 f3 eb d5 0f 1f 44 00 00 e9 61 ff ff ff 48 89 df
[ 7556.344991] RSP: 0000:ffffc900069ffcf0 EFLAGS: 00000286
[ 7556.344992] RAX: 000000008000000b RBX: ffffea001a470000 RCX: 0000000000000000
[ 7556.344993] RDX: 0000000000000012 RSI: 0000000000000000 RDI: ffffea001a470000
[ 7556.344994] RBP: ffffc900069ffd00 R08: ffffea001a470068 R09: 0000000000000000
[ 7556.344994] R10: ffff88811bd3f500 R11: 0000000000000000 R12: ffff88811bd3f500
[ 7556.344995] R13: ffffc900069ffde8 R14: ffffea00050ddf28 R15: 0000000000000001
[ 7556.344996] FS:  00007fe17959fd40(0000) GS:ffff8882f4059000(0000) knlGS:0000000000000000
[ 7556.344997] CS:  0010 DS: 0000 ES: 0000 CR0: 0000000080050033
[ 7556.344998] CR2: 00000001016003a0 CR3: 0000000101cc4000 CR4: 00000000000406f0
[ 7556.345002] Call Trace:
[ 7556.345004]  <TASK>
[ 7556.345009]  vmf_insert_folio_pmd+0x15b/0x1e0
[ 7556.345017]  dev_dax_huge_fault+0x33c/0x4a0 [device_dax]
[ 7556.345020]  __handle_mm_fault+0x7cf/0x1020
[ 7556.345023]  ? sched_tick+0xfd/0x280
[ 7556.345031]  handle_mm_fault+0xe7/0x2f0
[ 7556.345033]  do_user_addr_fault+0x22b/0x6c0
[ 7556.345037]  exc_page_fault+0x7c/0x1a0
[ 7556.345044]  asm_exc_page_fault+0x27/0x30
[ 7556.345048] RIP: 0033:0x3399d4
[ 7556.345051] Code: 7d f8 48 8b 7d f8 e8 ab 01 00 00 48 83 c4 10 5d c3 cc cc cc cc cc 55 48 89 e5 48 89 7d f8 48 89 75 f0 48 8b 45 f8 48 8b 4d f0 <48> 89 08 5d c3 cc cc cc cc cc cc cc 55 48 89 e5 48 83 ec 10 48 89
[ 7556.345052] RSP: 002b:00007fff124843a0 EFLAGS: 00010202
[ 7556.345053] RAX: 00000001016003a0 RBX: 00007fe17744e008 RCX: 0000000000000000
[ 7556.345062] RDX: 0000000000000009 RSI: 0000000000000000 RDI: 00000001016003a0
[ 7556.345062] RBP: 00007fff124843a0 R08: 0000000000000000 R09: 00007fe17743b6c0
[ 7556.345063] R10: 00007fe17743b6f0 R11: 00007fe1772e33f4 R12: 0000000000000000
[ 7556.345063] R13: 00007fff126e01a0 R14: 00007fff12484960 R15: 00000000005c0f08
[ 7556.345065]  </TASK>
[ 7584.344890] watchdog: BUG: soft lockup - CPU#0 stuck for 186s! [bench_ycsb:50138]
[ 7584.345076] Modules linked in: nd_pmem nd_btt dax_pmem kmem device_dax sunrpc binfmt_misc cfg80211 8021q garp ppdev mrp stp llc snd_pcm joydev iTCO_wdt intel_pmc_bxt iTCO_vendor_support snd_timer snd psmouse vga16fb soundcore i2c_i801 vgastate i2c_mux pcspkr sha1_ssse3 parport_pc i2c_smbus lpc_ich parport bochs input_leds serio_raw mac_hid sch_fq_codel efi_pstore nfnetlink vsock_loopback vmw_vsock_virtio_transport_common vmw_vsock_vmci_transport vsock vmw_vmci dmi_sysfs qemu_fw_cfg ip_tables x_tables autofs4
[ 7584.345122] CPU: 0 UID: 0 PID: 50138 Comm: bench_ycsb Tainted: G             L      6.16.0-rc7+ #3 PREEMPT(voluntary) 
[ 7584.345125] Tainted: [L]=SOFTLOCKUP
[ 7584.345126] Hardware name: QEMU Standard PC (Q35 + ICH9, 2009), BIOS rel-1.17.0-0-gb52ca86e094d-prebuilt.qemu.org 04/01/2014
[ 7584.345128] RIP: 0010:folio_add_file_rmap_pmd+0x161/0x190
[ 7584.345137] Code: 48 0f ba 6b 68 3f eb 84 65 ff 05 ca 9f 43 02 f0 49 0f ba 28 1f 0f 83 19 ff ff ff 65 ff 0d b7 9f 43 02 74 26 f3 90 48 8b 43 68 <a9> 00 00 00 80 75 f3 eb d5 0f 1f 44 00 00 e9 61 ff ff ff 48 89 df
[ 7584.345139] RSP: 0000:ffffc900069ffcf0 EFLAGS: 00000286
[ 7584.345141] RAX: 000000008000000b RBX: ffffea001a470000 RCX: 0000000000000000
[ 7584.345142] RDX: 0000000000000012 RSI: 0000000000000000 RDI: ffffea001a470000
[ 7584.345142] RBP: ffffc900069ffd00 R08: ffffea001a470068 R09: 0000000000000000
[ 7584.345143] R10: ffff88811bd3f500 R11: 0000000000000000 R12: ffff88811bd3f500
[ 7584.345151] R13: ffffc900069ffde8 R14: ffffea00050ddf28 R15: 0000000000000001
[ 7584.345152] FS:  00007fe17959fd40(0000) GS:ffff8882f4059000(0000) knlGS:0000000000000000
[ 7584.345153] CS:  0010 DS: 0000 ES: 0000 CR0: 0000000080050033
[ 7584.345154] CR2: 00000001016003a0 CR3: 0000000101cc4000 CR4: 00000000000406f0
[ 7584.345157] Call Trace:
[ 7584.345159]  <TASK>
[ 7584.345164]  vmf_insert_folio_pmd+0x15b/0x1e0
[ 7584.345172]  dev_dax_huge_fault+0x33c/0x4a0 [device_dax]
[ 7584.345175]  __handle_mm_fault+0x7cf/0x1020
[ 7584.345178]  ? sched_tick+0xfd/0x280
[ 7584.345185]  handle_mm_fault+0xe7/0x2f0
[ 7584.345187]  do_user_addr_fault+0x22b/0x6c0
[ 7584.345191]  exc_page_fault+0x7c/0x1a0
[ 7584.345198]  asm_exc_page_fault+0x27/0x30
[ 7584.345200] RIP: 0033:0x3399d4
[ 7584.345204] Code: 7d f8 48 8b 7d f8 e8 ab 01 00 00 48 83 c4 10 5d c3 cc cc cc cc cc 55 48 89 e5 48 89 7d f8 48 89 75 f0 48 8b 45 f8 48 8b 4d f0 <48> 89 08 5d c3 cc cc cc cc cc cc cc 55 48 89 e5 48 83 ec 10 48 89
[ 7584.345205] RSP: 002b:00007fff124843a0 EFLAGS: 00010202
[ 7584.345205] RAX: 00000001016003a0 RBX: 00007fe17744e008 RCX: 0000000000000000
[ 7584.345206] RDX: 0000000000000009 RSI: 0000000000000000 RDI: 00000001016003a0
[ 7584.345206] RBP: 00007fff124843a0 R08: 0000000000000000 R09: 00007fe17743b6c0
[ 7584.345207] R10: 00007fe17743b6f0 R11: 00007fe1772e33f4 R12: 0000000000000000
[ 7584.345207] R13: 00007fff126e01a0 R14: 00007fff12484960 R15: 00000000005c0f08
[ 7584.345210]  </TASK>
[ 7612.344890] watchdog: BUG: soft lockup - CPU#0 stuck for 212s! [bench_ycsb:50138]
[ 7612.344895] Modules linked in: nd_pmem nd_btt dax_pmem kmem device_dax sunrpc binfmt_misc cfg80211 8021q garp ppdev mrp stp llc snd_pcm joydev iTCO_wdt intel_pmc_bxt iTCO_vendor_support snd_timer snd psmouse vga16fb soundcore i2c_i801 vgastate i2c_mux pcspkr sha1_ssse3 parport_pc i2c_smbus lpc_ich parport bochs input_leds serio_raw mac_hid sch_fq_codel efi_pstore nfnetlink vsock_loopback vmw_vsock_virtio_transport_common vmw_vsock_vmci_transport vsock vmw_vmci dmi_sysfs qemu_fw_cfg ip_tables x_tables autofs4
[ 7612.344933] CPU: 0 UID: 0 PID: 50138 Comm: bench_ycsb Tainted: G             L      6.16.0-rc7+ #3 PREEMPT(voluntary) 
[ 7612.344935] Tainted: [L]=SOFTLOCKUP
[ 7612.344936] Hardware name: QEMU Standard PC (Q35 + ICH9, 2009), BIOS rel-1.17.0-0-gb52ca86e094d-prebuilt.qemu.org 04/01/2014
[ 7612.344938] RIP: 0010:folio_add_file_rmap_pmd+0x161/0x190
[ 7612.345128] Code: 48 0f ba 6b 68 3f eb 84 65 ff 05 ca 9f 43 02 f0 49 0f ba 28 1f 0f 83 19 ff ff ff 65 ff 0d b7 9f 43 02 74 26 f3 90 48 8b 43 68 <a9> 00 00 00 80 75 f3 eb d5 0f 1f 44 00 00 e9 61 ff ff ff 48 89 df
[ 7612.345129] RSP: 0000:ffffc900069ffcf0 EFLAGS: 00000286
[ 7612.345131] RAX: 000000008000000b RBX: ffffea001a470000 RCX: 0000000000000000
[ 7612.345132] RDX: 0000000000000012 RSI: 0000000000000000 RDI: ffffea001a470000
[ 7612.345133] RBP: ffffc900069ffd00 R08: ffffea001a470068 R09: 0000000000000000
[ 7612.345133] R10: ffff88811bd3f500 R11: 0000000000000000 R12: ffff88811bd3f500
[ 7612.345134] R13: ffffc900069ffde8 R14: ffffea00050ddf28 R15: 0000000000000001
[ 7612.345135] FS:  00007fe17959fd40(0000) GS:ffff8882f4059000(0000) knlGS:0000000000000000
[ 7612.345136] CS:  0010 DS: 0000 ES: 0000 CR0: 0000000080050033
[ 7612.345136] CR2: 00000001016003a0 CR3: 0000000101cc4000 CR4: 00000000000406f0
[ 7612.345140] Call Trace:
[ 7612.345142]  <TASK>
[ 7612.345146]  vmf_insert_folio_pmd+0x15b/0x1e0
[ 7612.345154]  dev_dax_huge_fault+0x33c/0x4a0 [device_dax]
[ 7612.345156]  __handle_mm_fault+0x7cf/0x1020
[ 7612.345159]  ? sched_tick+0xfd/0x280
[ 7612.345166]  handle_mm_fault+0xe7/0x2f0
[ 7612.345168]  do_user_addr_fault+0x22b/0x6c0
[ 7612.345172]  exc_page_fault+0x7c/0x1a0
[ 7612.345178]  asm_exc_page_fault+0x27/0x30
[ 7612.345181] RIP: 0033:0x3399d4
[ 7612.345184] Code: 7d f8 48 8b 7d f8 e8 ab 01 00 00 48 83 c4 10 5d c3 cc cc cc cc cc 55 48 89 e5 48 89 7d f8 48 89 75 f0 48 8b 45 f8 48 8b 4d f0 <48> 89 08 5d c3 cc cc cc cc cc cc cc 55 48 89 e5 48 83 ec 10 48 89
[ 7612.345185] RSP: 002b:00007fff124843a0 EFLAGS: 00010202
[ 7612.345186] RAX: 00000001016003a0 RBX: 00007fe17744e008 RCX: 0000000000000000
[ 7612.345194] RDX: 0000000000000009 RSI: 0000000000000000 RDI: 00000001016003a0
[ 7612.345195] RBP: 00007fff124843a0 R08: 0000000000000000 R09: 00007fe17743b6c0
[ 7612.345195] R10: 00007fe17743b6f0 R11: 00007fe1772e33f4 R12: 0000000000000000
[ 7612.345196] R13: 00007fff126e01a0 R14: 00007fff12484960 R15: 00000000005c0f08
[ 7612.345198]  </TASK>
[ 7619.740642] INFO: task systemd:1 blocked for more than 122 seconds.
[ 7619.742668]       Tainted: G             L      6.16.0-rc7+ #3
[ 7619.744226] "echo 0 > /proc/sys/kernel/hung_task_timeout_secs" disables this message.
[ 7619.746242] task:systemd         state:D stack:0     pid:1     tgid:1     ppid:0      task_flags:0x400100 flags:0x00004002
[ 7619.749151] Call Trace:
[ 7619.749899]  <TASK>
[ 7619.750499]  __schedule+0x41b/0x1700
[ 7619.751332]  ? security_inode_alloc+0x21/0x180
[ 7619.752214]  schedule+0x27/0xf0
[ 7619.752896]  schedule_timeout+0xbe/0x100
[ 7619.753798]  ? __memcg_slab_post_alloc_hook+0x1ba/0x3f0
[ 7619.754815]  __wait_for_common+0x7c/0x1a0
[ 7619.755590]  ? __pfx_schedule_timeout+0x10/0x10
[ 7619.756489]  wait_for_completion_state+0x21/0x50
[ 7619.757410]  __wait_rcu_gp+0x192/0x1a0
[ 7619.758167]  synchronize_rcu_normal.part.0+0x3c/0x70
[ 7619.759160]  ? __pfx_call_rcu_hurry+0x10/0x10
[ 7619.760034]  ? __pfx_wakeme_after_rcu+0x10/0x10
[ 7619.760939]  synchronize_rcu_normal+0xa5/0xb0
[ 7619.761785]  ? mntput+0x24/0x50
[ 7619.762381]  ? terminate_walk+0xf3/0x100
[ 7619.762809]  ? path_openat+0x4ea/0x12e0
[ 7619.763202]  synchronize_rcu+0xf8/0x120
[ 7619.763597]  rcu_sync_enter+0x54/0x100
[ 7619.763947]  ? _kstrtoull+0x38/0x90
[ 7619.764320]  percpu_down_write+0x24/0x200
[ 7619.764818]  cgroup_procs_write_start+0x10a/0x180
[ 7619.765399]  __cgroup_procs_write+0x58/0x180
[ 7619.765878]  cgroup_procs_write+0x17/0x30
[ 7619.766276]  cgroup_file_write+0x8b/0x1e0
[ 7619.766761]  ? __check_object_size+0x217/0x240
[ 7619.767216]  kernfs_fop_write_iter+0x154/0x200
[ 7619.767824]  vfs_write+0x229/0x460
[ 7619.768222]  ksys_write+0x69/0xe0
[ 7619.768563]  __x64_sys_write+0x19/0x30
[ 7619.769001]  x64_sys_call+0x29a/0x2320
[ 7619.769389]  do_syscall_64+0x83/0x2f0
[ 7619.769783]  ? x64_sys_call+0x1197/0x2320
[ 7619.770179]  ? do_syscall_64+0xbc/0x2f0
[ 7619.770559]  ? mntput_no_expire+0x4c/0x280
[ 7619.770950]  ? mntput+0x24/0x50
[ 7619.771303]  ? terminate_walk+0xf3/0x100
[ 7619.771775]  ? path_openat+0x4ea/0x12e0
[ 7619.772240]  ? do_filp_open+0xc3/0x180
[ 7619.772633]  ? vfs_read+0xbf/0x360
[ 7619.773067]  ? __check_object_size+0x217/0x240
[ 7619.773530]  ? kmem_cache_alloc_noprof+0x129/0x410
[ 7619.774058]  ? strncpy_from_user+0x2f/0x130
[ 7619.774520]  ? putname+0x78/0xb0
[ 7619.774869]  ? do_sys_openat2+0x8a/0xd0
[ 7619.775243]  ? __x64_sys_openat+0x5f/0xa0
[ 7619.775668]  ? x64_sys_call+0x19cc/0x2320
[ 7619.776076]  ? do_syscall_64+0xbc/0x2f0
[ 7619.776458]  ? exc_page_fault+0x8d/0x1a0
[ 7619.776960]  entry_SYSCALL_64_after_hwframe+0x76/0x7e
[ 7619.777536] RIP: 0033:0x732b15699687
[ 7619.777980] RSP: 002b:00007ffd426fada0 EFLAGS: 00000202 ORIG_RAX: 0000000000000001
[ 7619.778752] RAX: ffffffffffffffda RBX: 0000732b16058e00 RCX: 0000732b15699687
[ 7619.779514] RDX: 0000000000000006 RSI: 00007ffd426fafda RDI: 000000000000001b
[ 7619.780370] RBP: 00007ffd426fafda R08: 0000000000000000 R09: 0000000000000000
[ 7619.781089] R10: 0000000000000000 R11: 0000000000000202 R12: 0000000000000006
[ 7619.781837] R13: 00005afce710a3c0 R14: 0000732b157efe80 R15: 00000000fffffff7
[ 7619.782487]  </TASK>
[ 7625.406512] rcu: INFO: rcu_preempt self-detected stall on CPU
[ 7625.407135] rcu: 	0-....: (239836 ticks this GP) idle=c544/1/0x4000000000000000 softirq=330499/330499 fqs=59704
[ 7625.407853] rcu: 	         hardirqs   softirqs   csw/system
[ 7625.408241] rcu: 	 number:   209898       3773            0
[ 7625.408623] rcu: 	cputime:        0          0       209819   ==> 210001(ms)
[ 7625.409130] rcu: 	(t=240003 jiffies g=639817 q=2394 ncpus=4)
[ 7625.409525] CPU: 0 UID: 0 PID: 50138 Comm: bench_ycsb Tainted: G             L      6.16.0-rc7+ #3 PREEMPT(voluntary) 
[ 7625.409527] Tainted: [L]=SOFTLOCKUP
[ 7625.409543] Hardware name: QEMU Standard PC (Q35 + ICH9, 2009), BIOS rel-1.17.0-0-gb52ca86e094d-prebuilt.qemu.org 04/01/2014
[ 7625.409545] RIP: 0010:folio_add_file_rmap_pmd+0x161/0x190
[ 7625.409555] Code: 48 0f ba 6b 68 3f eb 84 65 ff 05 ca 9f 43 02 f0 49 0f ba 28 1f 0f 83 19 ff ff ff 65 ff 0d b7 9f 43 02 74 26 f3 90 48 8b 43 68 <a9> 00 00 00 80 75 f3 eb d5 0f 1f 44 00 00 e9 61 ff ff ff 48 89 df
[ 7625.409557] RSP: 0000:ffffc900069ffcf0 EFLAGS: 00000286
[ 7625.409559] RAX: 000000008000000b RBX: ffffea001a470000 RCX: 0000000000000000
[ 7625.409560] RDX: 0000000000000012 RSI: 0000000000000000 RDI: ffffea001a470000
[ 7625.409561] RBP: ffffc900069ffd00 R08: ffffea001a470068 R09: 0000000000000000
[ 7625.409562] R10: ffff88811bd3f500 R11: 0000000000000000 R12: ffff88811bd3f500
[ 7625.409562] R13: ffffc900069ffde8 R14: ffffea00050ddf28 R15: 0000000000000001
[ 7625.409563] FS:  00007fe17959fd40(0000) GS:ffff8882f4059000(0000) knlGS:0000000000000000
[ 7625.409564] CS:  0010 DS: 0000 ES: 0000 CR0: 0000000080050033
[ 7625.409565] CR2: 00000001016003a0 CR3: 0000000101cc4000 CR4: 00000000000406f0
[ 7625.409568] Call Trace:
[ 7625.409571]  <TASK>
[ 7625.409576]  vmf_insert_folio_pmd+0x15b/0x1e0
[ 7625.409587]  dev_dax_huge_fault+0x33c/0x4a0 [device_dax]
[ 7625.409590]  __handle_mm_fault+0x7cf/0x1020
[ 7625.409593]  ? sched_tick+0xfd/0x280
[ 7625.409601]  handle_mm_fault+0xe7/0x2f0
[ 7625.409602]  do_user_addr_fault+0x22b/0x6c0
[ 7625.409607]  exc_page_fault+0x7c/0x1a0
[ 7625.409614]  asm_exc_page_fault+0x27/0x30
[ 7625.409617] RIP: 0033:0x3399d4
[ 7625.409620] Code: 7d f8 48 8b 7d f8 e8 ab 01 00 00 48 83 c4 10 5d c3 cc cc cc cc cc 55 48 89 e5 48 89 7d f8 48 89 75 f0 48 8b 45 f8 48 8b 4d f0 <48> 89 08 5d c3 cc cc cc cc cc cc cc 55 48 89 e5 48 83 ec 10 48 89
[ 7625.409620] RSP: 002b:00007fff124843a0 EFLAGS: 00010202
[ 7625.409621] RAX: 00000001016003a0 RBX: 00007fe17744e008 RCX: 0000000000000000
[ 7625.409622] RDX: 0000000000000009 RSI: 0000000000000000 RDI: 00000001016003a0
[ 7625.409622] RBP: 00007fff124843a0 R08: 0000000000000000 R09: 00007fe17743b6c0
[ 7625.409623] R10: 00007fe17743b6f0 R11: 00007fe1772e33f4 R12: 0000000000000000
[ 7625.409623] R13: 00007fff126e01a0 R14: 00007fff12484960 R15: 00000000005c0f08
[ 7625.409633]  </TASK>
[ 7652.344946] watchdog: BUG: soft lockup - CPU#0 stuck for 249s! [bench_ycsb:50138]
[ 7652.344970] Modules linked in: nd_pmem nd_btt dax_pmem kmem device_dax sunrpc binfmt_misc cfg80211 8021q garp ppdev mrp stp llc snd_pcm joydev iTCO_wdt intel_pmc_bxt iTCO_vendor_support snd_timer snd psmouse vga16fb soundcore i2c_i801 vgastate i2c_mux pcspkr sha1_ssse3 parport_pc i2c_smbus lpc_ich parport bochs input_leds serio_raw mac_hid sch_fq_codel efi_pstore nfnetlink vsock_loopback vmw_vsock_virtio_transport_common vmw_vsock_vmci_transport vsock vmw_vmci dmi_sysfs qemu_fw_cfg ip_tables x_tables autofs4
[ 7652.345175] CPU: 0 UID: 0 PID: 50138 Comm: bench_ycsb Tainted: G             L      6.16.0-rc7+ #3 PREEMPT(voluntary) 
[ 7652.345180] Tainted: [L]=SOFTLOCKUP
[ 7652.345183] Hardware name: QEMU Standard PC (Q35 + ICH9, 2009), BIOS rel-1.17.0-0-gb52ca86e094d-prebuilt.qemu.org 04/01/2014
[ 7652.345188] RIP: 0010:folio_add_file_rmap_pmd+0x161/0x190
[ 7652.345232] Code: 48 0f ba 6b 68 3f eb 84 65 ff 05 ca 9f 43 02 f0 49 0f ba 28 1f 0f 83 19 ff ff ff 65 ff 0d b7 9f 43 02 74 26 f3 90 48 8b 43 68 <a9> 00 00 00 80 75 f3 eb d5 0f 1f 44 00 00 e9 61 ff ff ff 48 89 df
[ 7652.345233] RSP: 0000:ffffc900069ffcf0 EFLAGS: 00000286
[ 7652.345237] RAX: 000000008000000b RBX: ffffea001a470000 RCX: 0000000000000000
[ 7652.345251] RDX: 0000000000000012 RSI: 0000000000000000 RDI: ffffea001a470000
[ 7652.345252] RBP: ffffc900069ffd00 R08: ffffea001a470068 R09: 0000000000000000
[ 7652.345252] R10: ffff88811bd3f500 R11: 0000000000000000 R12: ffff88811bd3f500
[ 7652.345253] R13: ffffc900069ffde8 R14: ffffea00050ddf28 R15: 0000000000000001
[ 7652.345254] FS:  00007fe17959fd40(0000) GS:ffff8882f4059000(0000) knlGS:0000000000000000
[ 7652.345255] CS:  0010 DS: 0000 ES: 0000 CR0: 0000000080050033
[ 7652.345256] CR2: 00000001016003a0 CR3: 0000000101cc4000 CR4: 00000000000406f0
[ 7652.345262] Call Trace:
[ 7652.345274]  <TASK>
[ 7652.345294]  vmf_insert_folio_pmd+0x15b/0x1e0
[ 7652.345310]  dev_dax_huge_fault+0x33c/0x4a0 [device_dax]
[ 7652.345318]  __handle_mm_fault+0x7cf/0x1020
[ 7652.345324]  ? sched_tick+0xfd/0x280
[ 7652.345344]  handle_mm_fault+0xe7/0x2f0
[ 7652.345346]  do_user_addr_fault+0x22b/0x6c0
[ 7652.345359]  exc_page_fault+0x7c/0x1a0
[ 7652.345384]  asm_exc_page_fault+0x27/0x30
[ 7652.345397] RIP: 0033:0x3399d4
[ 7652.345413] Code: 7d f8 48 8b 7d f8 e8 ab 01 00 00 48 83 c4 10 5d c3 cc cc cc cc cc 55 48 89 e5 48 89 7d f8 48 89 75 f0 48 8b 45 f8 48 8b 4d f0 <48> 89 08 5d c3 cc cc cc cc cc cc cc 55 48 89 e5 48 83 ec 10 48 89
[ 7652.345414] RSP: 002b:00007fff124843a0 EFLAGS: 00010202
[ 7652.345415] RAX: 00000001016003a0 RBX: 00007fe17744e008 RCX: 0000000000000000
[ 7652.345416] RDX: 0000000000000009 RSI: 0000000000000000 RDI: 00000001016003a0
[ 7652.345416] RBP: 00007fff124843a0 R08: 0000000000000000 R09: 00007fe17743b6c0
[ 7652.345417] R10: 00007fe17743b6f0 R11: 00007fe1772e33f4 R12: 0000000000000000
[ 7652.345417] R13: 00007fff126e01a0 R14: 00007fff12484960 R15: 00000000005c0f08
[ 7652.345424]  </TASK>
[ 7680.344891] watchdog: BUG: soft lockup - CPU#0 stuck for 275s! [bench_ycsb:50138]
[ 7680.344897] Modules linked in: nd_pmem nd_btt dax_pmem kmem device_dax sunrpc binfmt_misc cfg80211 8021q garp ppdev mrp stp llc snd_pcm joydev iTCO_wdt intel_pmc_bxt iTCO_vendor_support snd_timer snd psmouse vga16fb soundcore i2c_i801 vgastate i2c_mux pcspkr sha1_ssse3 parport_pc i2c_smbus lpc_ich parport bochs input_leds serio_raw mac_hid sch_fq_codel efi_pstore nfnetlink vsock_loopback vmw_vsock_virtio_transport_common vmw_vsock_vmci_transport vsock vmw_vmci dmi_sysfs qemu_fw_cfg ip_tables x_tables autofs4
[ 7680.344939] CPU: 0 UID: 0 PID: 50138 Comm: bench_ycsb Tainted: G             L      6.16.0-rc7+ #3 PREEMPT(voluntary) 
[ 7680.344941] Tainted: [L]=SOFTLOCKUP
[ 7680.344942] Hardware name: QEMU Standard PC (Q35 + ICH9, 2009), BIOS rel-1.17.0-0-gb52ca86e094d-prebuilt.qemu.org 04/01/2014
[ 7680.344945] RIP: 0010:folio_add_file_rmap_pmd+0x161/0x190
[ 7680.344956] Code: 48 0f ba 6b 68 3f eb 84 65 ff 05 ca 9f 43 02 f0 49 0f ba 28 1f 0f 83 19 ff ff ff 65 ff 0d b7 9f 43 02 74 26 f3 90 48 8b 43 68 <a9> 00 00 00 80 75 f3 eb d5 0f 1f 44 00 00 e9 61 ff ff ff 48 89 df
[ 7680.344958] RSP: 0000:ffffc900069ffcf0 EFLAGS: 00000286
[ 7680.344959] RAX: 000000008000000b RBX: ffffea001a470000 RCX: 0000000000000000
[ 7680.344960] RDX: 0000000000000012 RSI: 0000000000000000 RDI: ffffea001a470000
[ 7680.344961] RBP: ffffc900069ffd00 R08: ffffea001a470068 R09: 0000000000000000
[ 7680.344962] R10: ffff88811bd3f500 R11: 0000000000000000 R12: ffff88811bd3f500
[ 7680.344962] R13: ffffc900069ffde8 R14: ffffea00050ddf28 R15: 0000000000000001
[ 7680.344963] FS:  00007fe17959fd40(0000) GS:ffff8882f4059000(0000) knlGS:0000000000000000
[ 7680.344964] CS:  0010 DS: 0000 ES: 0000 CR0: 0000000080050033
[ 7680.344965] CR2: 00000001016003a0 CR3: 0000000101cc4000 CR4: 00000000000406f0
[ 7680.344969] Call Trace:
[ 7680.344971]  <TASK>
[ 7680.344977]  vmf_insert_folio_pmd+0x15b/0x1e0
[ 7680.344985]  dev_dax_huge_fault+0x33c/0x4a0 [device_dax]
[ 7680.345182]  __handle_mm_fault+0x7cf/0x1020
[ 7680.345186]  ? sched_tick+0xfd/0x280
[ 7680.345193]  handle_mm_fault+0xe7/0x2f0
[ 7680.345195]  do_user_addr_fault+0x22b/0x6c0
[ 7680.345199]  exc_page_fault+0x7c/0x1a0
[ 7680.345206]  asm_exc_page_fault+0x27/0x30
[ 7680.345209] RIP: 0033:0x3399d4
[ 7680.345212] Code: 7d f8 48 8b 7d f8 e8 ab 01 00 00 48 83 c4 10 5d c3 cc cc cc cc cc 55 48 89 e5 48 89 7d f8 48 89 75 f0 48 8b 45 f8 48 8b 4d f0 <48> 89 08 5d c3 cc cc cc cc cc cc cc 55 48 89 e5 48 83 ec 10 48 89
[ 7680.345213] RSP: 002b:00007fff124843a0 EFLAGS: 00010202
[ 7680.345214] RAX: 00000001016003a0 RBX: 00007fe17744e008 RCX: 0000000000000000
[ 7680.345215] RDX: 0000000000000009 RSI: 0000000000000000 RDI: 00000001016003a0
[ 7680.345215] RBP: 00007fff124843a0 R08: 0000000000000000 R09: 00007fe17743b6c0
[ 7680.345216] R10: 00007fe17743b6f0 R11: 00007fe1772e33f4 R12: 0000000000000000
[ 7680.345216] R13: 00007fff126e01a0 R14: 00007fff12484960 R15: 00000000005c0f08
[ 7680.345226]  </TASK>
[ 7708.344892] watchdog: BUG: soft lockup - CPU#0 stuck for 301s! [bench_ycsb:50138]
[ 7708.344898] Modules linked in: nd_pmem nd_btt dax_pmem kmem device_dax sunrpc binfmt_misc cfg80211 8021q garp ppdev mrp stp llc snd_pcm joydev iTCO_wdt intel_pmc_bxt iTCO_vendor_support snd_timer snd psmouse vga16fb soundcore i2c_i801 vgastate i2c_mux pcspkr sha1_ssse3 parport_pc i2c_smbus lpc_ich parport bochs input_leds serio_raw mac_hid sch_fq_codel efi_pstore nfnetlink vsock_loopback vmw_vsock_virtio_transport_common vmw_vsock_vmci_transport vsock vmw_vmci dmi_sysfs qemu_fw_cfg ip_tables x_tables autofs4
[ 7708.344938] CPU: 0 UID: 0 PID: 50138 Comm: bench_ycsb Tainted: G             L      6.16.0-rc7+ #3 PREEMPT(voluntary) 
[ 7708.344941] Tainted: [L]=SOFTLOCKUP
[ 7708.344942] Hardware name: QEMU Standard PC (Q35 + ICH9, 2009), BIOS rel-1.17.0-0-gb52ca86e094d-prebuilt.qemu.org 04/01/2014
[ 7708.344944] RIP: 0010:folio_add_file_rmap_pmd+0x161/0x190
[ 7708.344954] Code: 48 0f ba 6b 68 3f eb 84 65 ff 05 ca 9f 43 02 f0 49 0f ba 28 1f 0f 83 19 ff ff ff 65 ff 0d b7 9f 43 02 74 26 f3 90 48 8b 43 68 <a9> 00 00 00 80 75 f3 eb d5 0f 1f 44 00 00 e9 61 ff ff ff 48 89 df
[ 7708.344956] RSP: 0000:ffffc900069ffcf0 EFLAGS: 00000286
[ 7708.344957] RAX: 000000008000000b RBX: ffffea001a470000 RCX: 0000000000000000
[ 7708.344958] RDX: 0000000000000012 RSI: 0000000000000000 RDI: ffffea001a470000
[ 7708.344959] RBP: ffffc900069ffd00 R08: ffffea001a470068 R09: 0000000000000000
[ 7708.344960] R10: ffff88811bd3f500 R11: 0000000000000000 R12: ffff88811bd3f500
[ 7708.344960] R13: ffffc900069ffde8 R14: ffffea00050ddf28 R15: 0000000000000001
[ 7708.344961] FS:  00007fe17959fd40(0000) GS:ffff8882f4059000(0000) knlGS:0000000000000000
[ 7708.344962] CS:  0010 DS: 0000 ES: 0000 CR0: 0000000080050033
[ 7708.344963] CR2: 00000001016003a0 CR3: 0000000101cc4000 CR4: 00000000000406f0
[ 7708.344967] Call Trace:
[ 7708.344969]  <TASK>
[ 7708.344975]  vmf_insert_folio_pmd+0x15b/0x1e0
[ 7708.344982]  dev_dax_huge_fault+0x33c/0x4a0 [device_dax]
[ 7708.344985]  __handle_mm_fault+0x7cf/0x1020
[ 7708.344989]  ? sched_tick+0xfd/0x280
[ 7708.344996]  handle_mm_fault+0xe7/0x2f0
[ 7708.344998]  do_user_addr_fault+0x22b/0x6c0
[ 7708.345002]  exc_page_fault+0x7c/0x1a0
[ 7708.345009]  asm_exc_page_fault+0x27/0x30
[ 7708.345012] RIP: 0033:0x3399d4
[ 7708.345015] Code: 7d f8 48 8b 7d f8 e8 ab 01 00 00 48 83 c4 10 5d c3 cc cc cc cc cc 55 48 89 e5 48 89 7d f8 48 89 75 f0 48 8b 45 f8 48 8b 4d f0 <48> 89 08 5d c3 cc cc cc cc cc cc cc 55 48 89 e5 48 83 ec 10 48 89
[ 7708.345016] RSP: 002b:00007fff124843a0 EFLAGS: 00010202
[ 7708.345017] RAX: 00000001016003a0 RBX: 00007fe17744e008 RCX: 0000000000000000
[ 7708.345018] RDX: 0000000000000009 RSI: 0000000000000000 RDI: 00000001016003a0
[ 7708.345018] RBP: 00007fff124843a0 R08: 0000000000000000 R09: 00007fe17743b6c0
[ 7708.345162] R10: 00007fe17743b6f0 R11: 00007fe1772e33f4 R12: 0000000000000000
[ 7708.345163] R13: 00007fff126e01a0 R14: 00007fff12484960 R15: 00000000005c0f08
[ 7708.345165]  </TASK>
[ 7736.344891] watchdog: BUG: soft lockup - CPU#0 stuck for 328s! [bench_ycsb:50138]
[ 7736.344897] Modules linked in: nd_pmem nd_btt dax_pmem kmem device_dax sunrpc binfmt_misc cfg80211 8021q garp ppdev mrp stp llc snd_pcm joydev iTCO_wdt intel_pmc_bxt iTCO_vendor_support snd_timer snd psmouse vga16fb soundcore i2c_i801 vgastate i2c_mux pcspkr sha1_ssse3 parport_pc i2c_smbus lpc_ich parport bochs input_leds serio_raw mac_hid sch_fq_codel efi_pstore nfnetlink vsock_loopback vmw_vsock_virtio_transport_common vmw_vsock_vmci_transport vsock vmw_vmci dmi_sysfs qemu_fw_cfg ip_tables x_tables autofs4
[ 7736.344936] CPU: 0 UID: 0 PID: 50138 Comm: bench_ycsb Tainted: G             L      6.16.0-rc7+ #3 PREEMPT(voluntary) 
[ 7736.344939] Tainted: [L]=SOFTLOCKUP
[ 7736.344940] Hardware name: QEMU Standard PC (Q35 + ICH9, 2009), BIOS rel-1.17.0-0-gb52ca86e094d-prebuilt.qemu.org 04/01/2014
[ 7736.344942] RIP: 0010:folio_add_file_rmap_pmd+0x161/0x190
[ 7736.344952] Code: 48 0f ba 6b 68 3f eb 84 65 ff 05 ca 9f 43 02 f0 49 0f ba 28 1f 0f 83 19 ff ff ff 65 ff 0d b7 9f 43 02 74 26 f3 90 48 8b 43 68 <a9> 00 00 00 80 75 f3 eb d5 0f 1f 44 00 00 e9 61 ff ff ff 48 89 df
[ 7736.345213] RSP: 0000:ffffc900069ffcf0 EFLAGS: 00000286
[ 7736.345215] RAX: 000000008000000b RBX: ffffea001a470000 RCX: 0000000000000000
[ 7736.345216] RDX: 0000000000000012 RSI: 0000000000000000 RDI: ffffea001a470000
[ 7736.345217] RBP: ffffc900069ffd00 R08: ffffea001a470068 R09: 0000000000000000
[ 7736.345217] R10: ffff88811bd3f500 R11: 0000000000000000 R12: ffff88811bd3f500
[ 7736.345218] R13: ffffc900069ffde8 R14: ffffea00050ddf28 R15: 0000000000000001
[ 7736.345219] FS:  00007fe17959fd40(0000) GS:ffff8882f4059000(0000) knlGS:0000000000000000
[ 7736.345220] CS:  0010 DS: 0000 ES: 0000 CR0: 0000000080050033
[ 7736.345220] CR2: 00000001016003a0 CR3: 0000000101cc4000 CR4: 00000000000406f0
[ 7736.345224] Call Trace:
[ 7736.345226]  <TASK>
[ 7736.345231]  vmf_insert_folio_pmd+0x15b/0x1e0
[ 7736.345238]  dev_dax_huge_fault+0x33c/0x4a0 [device_dax]
[ 7736.345240]  __handle_mm_fault+0x7cf/0x1020
[ 7736.345244]  ? sched_tick+0xfd/0x280
[ 7736.345250]  handle_mm_fault+0xe7/0x2f0
[ 7736.345252]  do_user_addr_fault+0x22b/0x6c0
[ 7736.345256]  exc_page_fault+0x7c/0x1a0
[ 7736.345262]  asm_exc_page_fault+0x27/0x30
[ 7736.345265] RIP: 0033:0x3399d4
[ 7736.345268] Code: 7d f8 48 8b 7d f8 e8 ab 01 00 00 48 83 c4 10 5d c3 cc cc cc cc cc 55 48 89 e5 48 89 7d f8 48 89 75 f0 48 8b 45 f8 48 8b 4d f0 <48> 89 08 5d c3 cc cc cc cc cc cc cc 55 48 89 e5 48 83 ec 10 48 89
[ 7736.345269] RSP: 002b:00007fff124843a0 EFLAGS: 00010202
[ 7736.345270] RAX: 00000001016003a0 RBX: 00007fe17744e008 RCX: 0000000000000000
[ 7736.345270] RDX: 0000000000000009 RSI: 0000000000000000 RDI: 00000001016003a0
[ 7736.345271] RBP: 00007fff124843a0 R08: 0000000000000000 R09: 00007fe17743b6c0
[ 7736.345271] R10: 00007fe17743b6f0 R11: 00007fe1772e33f4 R12: 0000000000000000
[ 7736.345272] R13: 00007fff126e01a0 R14: 00007fff12484960 R15: 00000000005c0f08
[ 7736.345274]  </TASK>
[ 7742.620614] INFO: task systemd:1 blocked for more than 245 seconds.
[ 7742.622839]       Tainted: G             L      6.16.0-rc7+ #3
[ 7742.624938] "echo 0 > /proc/sys/kernel/hung_task_timeout_secs" disables this message.
[ 7742.627468] task:systemd         state:D stack:0     pid:1     tgid:1     ppid:0      task_flags:0x400100 flags:0x00004002
[ 7742.631143] Call Trace:
[ 7742.632042]  <TASK>
[ 7742.632782]  __schedule+0x41b/0x1700
[ 7742.633991]  ? security_inode_alloc+0x21/0x180
[ 7742.635660]  schedule+0x27/0xf0
[ 7742.636854]  schedule_timeout+0xbe/0x100
[ 7742.637401]  ? __memcg_slab_post_alloc_hook+0x1ba/0x3f0
[ 7742.638137]  __wait_for_common+0x7c/0x1a0
[ 7742.638720]  ? __pfx_schedule_timeout+0x10/0x10
[ 7742.639348]  wait_for_completion_state+0x21/0x50
[ 7742.640030]  __wait_rcu_gp+0x192/0x1a0
[ 7742.640574]  synchronize_rcu_normal.part.0+0x3c/0x70
[ 7742.641327]  ? __pfx_call_rcu_hurry+0x10/0x10
[ 7742.642000]  ? __pfx_wakeme_after_rcu+0x10/0x10
[ 7742.642656]  synchronize_rcu_normal+0xa5/0xb0
[ 7742.643294]  ? mntput+0x24/0x50
[ 7742.643786]  ? terminate_walk+0xf3/0x100
[ 7742.644347]  ? path_openat+0x4ea/0x12e0
[ 7742.644903]  synchronize_rcu+0xf8/0x120
[ 7742.645431]  rcu_sync_enter+0x54/0x100
[ 7742.645974]  ? _kstrtoull+0x38/0x90
[ 7742.646481]  percpu_down_write+0x24/0x200
[ 7742.647071]  cgroup_procs_write_start+0x10a/0x180
[ 7742.647800]  __cgroup_procs_write+0x58/0x180
[ 7742.648406]  cgroup_procs_write+0x17/0x30
[ 7742.648963]  cgroup_file_write+0x8b/0x1e0
[ 7742.649517]  ? __check_object_size+0x217/0x240
[ 7742.650162]  kernfs_fop_write_iter+0x154/0x200
[ 7742.650786]  vfs_write+0x229/0x460
[ 7742.651193]  ksys_write+0x69/0xe0
[ 7742.651490]  __x64_sys_write+0x19/0x30
[ 7742.652002]  x64_sys_call+0x29a/0x2320
[ 7742.652367]  do_syscall_64+0x83/0x2f0
[ 7742.652785]  ? x64_sys_call+0x1197/0x2320
[ 7742.653269]  ? do_syscall_64+0xbc/0x2f0
[ 7742.653673]  ? mntput_no_expire+0x4c/0x280
[ 7742.654081]  ? mntput+0x24/0x50
[ 7742.654364]  ? terminate_walk+0xf3/0x100
[ 7742.654779]  ? path_openat+0x4ea/0x12e0
[ 7742.655143]  ? do_filp_open+0xc3/0x180
[ 7742.655497]  ? vfs_read+0xbf/0x360
[ 7742.655839]  ? __check_object_size+0x217/0x240
[ 7742.656249]  ? kmem_cache_alloc_noprof+0x129/0x410
[ 7742.656866]  ? strncpy_from_user+0x2f/0x130
[ 7742.657299]  ? putname+0x78/0xb0
[ 7742.657662]  ? do_sys_openat2+0x8a/0xd0
[ 7742.658018]  ? __x64_sys_openat+0x5f/0xa0
[ 7742.658368]  ? x64_sys_call+0x19cc/0x2320
[ 7742.658776]  ? do_syscall_64+0xbc/0x2f0
[ 7742.659140]  ? exc_page_fault+0x8d/0x1a0
[ 7742.659539]  entry_SYSCALL_64_after_hwframe+0x76/0x7e
[ 7742.660258] RIP: 0033:0x732b15699687
[ 7742.660631] RSP: 002b:00007ffd426fada0 EFLAGS: 00000202 ORIG_RAX: 0000000000000001
[ 7742.661333] RAX: ffffffffffffffda RBX: 0000732b16058e00 RCX: 0000732b15699687
[ 7742.662097] RDX: 0000000000000006 RSI: 00007ffd426fafda RDI: 000000000000001b
[ 7742.662909] RBP: 00007ffd426fafda R08: 0000000000000000 R09: 0000000000000000
[ 7742.663544] R10: 0000000000000000 R11: 0000000000000202 R12: 0000000000000006
[ 7742.664227] R13: 00005afce710a3c0 R14: 0000732b157efe80 R15: 00000000fffffff7
[ 7742.665035]  </TASK>
[ 7742.665273] INFO: task kworker/2:0:33464 blocked for more than 122 seconds.
[ 7742.666055]       Tainted: G             L      6.16.0-rc7+ #3
[ 7742.666613] "echo 0 > /proc/sys/kernel/hung_task_timeout_secs" disables this message.
[ 7742.667310] task:kworker/2:0     state:D stack:0     pid:33464 tgid:33464 ppid:2      task_flags:0x4208060 flags:0x00004000
[ 7742.668338] Workqueue: cgroup_destroy css_release_work_fn
[ 7742.668928] Call Trace:
[ 7742.669196]  <TASK>
[ 7742.669418]  __schedule+0x41b/0x1700
[ 7742.669859]  ? sched_clock_noinstr+0x9/0x10
[ 7742.670230]  ? sched_clock+0x10/0x30
[ 7742.670574]  ? sched_clock_cpu+0xf/0x260
[ 7742.670988]  ? raw_spin_rq_lock_nested+0x1d/0x90
[ 7742.671420]  schedule+0x27/0xf0
[ 7742.671804]  schedule_preempt_disabled+0x15/0x30
[ 7742.672219]  __mutex_lock.constprop.0+0x4ce/0x9c0
[ 7742.672716]  ? __schedule+0x423/0x1700
[ 7742.673066]  __mutex_lock_slowpath+0x13/0x20
[ 7742.673441]  mutex_lock+0x3b/0x50
[ 7742.673896]  css_release_work_fn+0x2d/0x2b0
[ 7742.674307]  process_one_work+0x18a/0x370
[ 7742.674751]  worker_thread+0x347/0x480
[ 7742.675125]  ? __pfx_worker_thread+0x10/0x10
[ 7742.675670]  kthread+0x10b/0x220
[ 7742.676015]  ? __pfx_kthread+0x10/0x10
[ 7742.676353]  ret_from_fork+0x1a1/0x1d0
[ 7742.676732]  ? __pfx_kthread+0x10/0x10
[ 7742.677055]  ret_from_fork_asm+0x1a/0x30
[ 7742.677433]  </TASK>
[ 7742.677726] INFO: task kworker/2:0:33464 is blocked on a mutex likely owned by task systemd:1.
[ 7742.678700] task:systemd         state:D stack:0     pid:1     tgid:1     ppid:0      task_flags:0x400100 flags:0x00004002
[ 7742.679739] Call Trace:
[ 7742.679968]  <TASK>
[ 7742.680167]  __schedule+0x41b/0x1700
[ 7742.680532]  ? security_inode_alloc+0x21/0x180
[ 7742.680968]  schedule+0x27/0xf0
[ 7742.681249]  schedule_timeout+0xbe/0x100
[ 7742.681610]  ? __memcg_slab_post_alloc_hook+0x1ba/0x3f0
[ 7742.682223]  __wait_for_common+0x7c/0x1a0
[ 7742.682641]  ? __pfx_schedule_timeout+0x10/0x10
[ 7742.683113]  wait_for_completion_state+0x21/0x50
[ 7742.683531]  __wait_rcu_gp+0x192/0x1a0
[ 7742.684077]  synchronize_rcu_normal.part.0+0x3c/0x70
[ 7742.684523]  ? __pfx_call_rcu_hurry+0x10/0x10
[ 7742.685129]  ? __pfx_wakeme_after_rcu+0x10/0x10
[ 7742.685558]  synchronize_rcu_normal+0xa5/0xb0
[ 7742.686081]  ? mntput+0x24/0x50
[ 7742.686392]  ? terminate_walk+0xf3/0x100
[ 7742.686881]  ? path_openat+0x4ea/0x12e0
[ 7742.687218]  synchronize_rcu+0xf8/0x120
[ 7742.687574]  rcu_sync_enter+0x54/0x100
[ 7742.688013]  ? _kstrtoull+0x38/0x90
[ 7742.688317]  percpu_down_write+0x24/0x200
[ 7742.688732]  cgroup_procs_write_start+0x10a/0x180
[ 7742.689203]  __cgroup_procs_write+0x58/0x180
[ 7742.689595]  cgroup_procs_write+0x17/0x30
[ 7742.690062]  cgroup_file_write+0x8b/0x1e0
[ 7742.690481]  ? __check_object_size+0x217/0x240
[ 7742.691014]  kernfs_fop_write_iter+0x154/0x200
[ 7742.691411]  vfs_write+0x229/0x460
[ 7742.691753]  ksys_write+0x69/0xe0
[ 7742.692061]  __x64_sys_write+0x19/0x30
[ 7742.692399]  x64_sys_call+0x29a/0x2320
[ 7742.692765]  do_syscall_64+0x83/0x2f0
[ 7742.693120]  ? x64_sys_call+0x1197/0x2320
[ 7742.693562]  ? do_syscall_64+0xbc/0x2f0
[ 7742.694008]  ? mntput_no_expire+0x4c/0x280
[ 7742.694375]  ? mntput+0x24/0x50
[ 7742.694857]  ? terminate_walk+0xf3/0x100
[ 7742.695258]  ? path_openat+0x4ea/0x12e0
[ 7742.695646]  ? do_filp_open+0xc3/0x180
[ 7742.695978]  ? vfs_read+0xbf/0x360
[ 7742.696271]  ? __check_object_size+0x217/0x240
[ 7742.696730]  ? kmem_cache_alloc_noprof+0x129/0x410
[ 7742.697194]  ? strncpy_from_user+0x2f/0x130
[ 7742.697571]  ? putname+0x78/0xb0
[ 7742.697903]  ? do_sys_openat2+0x8a/0xd0
[ 7742.698255]  ? __x64_sys_openat+0x5f/0xa0
[ 7742.698719]  ? x64_sys_call+0x19cc/0x2320
[ 7742.699109]  ? do_syscall_64+0xbc/0x2f0
[ 7742.699453]  ? exc_page_fault+0x8d/0x1a0
[ 7742.699971]  entry_SYSCALL_64_after_hwframe+0x76/0x7e
[ 7742.700451] RIP: 0033:0x732b15699687
[ 7742.700801] RSP: 002b:00007ffd426fada0 EFLAGS: 00000202 ORIG_RAX: 0000000000000001
[ 7742.701502] RAX: ffffffffffffffda RBX: 0000732b16058e00 RCX: 0000732b15699687
[ 7742.702187] RDX: 0000000000000006 RSI: 00007ffd426fafda RDI: 000000000000001b
[ 7742.702903] RBP: 00007ffd426fafda R08: 0000000000000000 R09: 0000000000000000
[ 7742.703537] R10: 0000000000000000 R11: 0000000000000202 R12: 0000000000000006
[ 7742.704393] R13: 00005afce710a3c0 R14: 0000732b157efe80 R15: 00000000fffffff7
[ 7742.705084]  </TASK>
[ 7764.344891] watchdog: BUG: soft lockup - CPU#0 stuck for 354s! [bench_ycsb:50138]
[ 7764.344897] Modules linked in: nd_pmem nd_btt dax_pmem kmem device_dax sunrpc binfmt_misc cfg80211 8021q garp ppdev mrp stp llc snd_pcm joydev iTCO_wdt intel_pmc_bxt iTCO_vendor_support snd_timer snd psmouse vga16fb soundcore i2c_i801 vgastate i2c_mux pcspkr sha1_ssse3 parport_pc i2c_smbus lpc_ich parport bochs input_leds serio_raw mac_hid sch_fq_codel efi_pstore nfnetlink vsock_loopback vmw_vsock_virtio_transport_common vmw_vsock_vmci_transport vsock vmw_vmci dmi_sysfs qemu_fw_cfg ip_tables x_tables autofs4
[ 7764.344935] CPU: 0 UID: 0 PID: 50138 Comm: bench_ycsb Tainted: G             L      6.16.0-rc7+ #3 PREEMPT(voluntary) 
[ 7764.344938] Tainted: [L]=SOFTLOCKUP
[ 7764.344939] Hardware name: QEMU Standard PC (Q35 + ICH9, 2009), BIOS rel-1.17.0-0-gb52ca86e094d-prebuilt.qemu.org 04/01/2014
[ 7764.344941] RIP: 0010:folio_add_file_rmap_pmd+0x161/0x190
[ 7764.344951] Code: 48 0f ba 6b 68 3f eb 84 65 ff 05 ca 9f 43 02 f0 49 0f ba 28 1f 0f 83 19 ff ff ff 65 ff 0d b7 9f 43 02 74 26 f3 90 48 8b 43 68 <a9> 00 00 00 80 75 f3 eb d5 0f 1f 44 00 00 e9 61 ff ff ff 48 89 df
[ 7764.344953] RSP: 0000:ffffc900069ffcf0 EFLAGS: 00000286
[ 7764.344955] RAX: 000000008000000b RBX: ffffea001a470000 RCX: 0000000000000000
[ 7764.344956] RDX: 0000000000000012 RSI: 0000000000000000 RDI: ffffea001a470000
[ 7764.344956] RBP: ffffc900069ffd00 R08: ffffea001a470068 R09: 0000000000000000
[ 7764.344957] R10: ffff88811bd3f500 R11: 0000000000000000 R12: ffff88811bd3f500
[ 7764.344957] R13: ffffc900069ffde8 R14: ffffea00050ddf28 R15: 0000000000000001
[ 7764.344958] FS:  00007fe17959fd40(0000) GS:ffff8882f4059000(0000) knlGS:0000000000000000
[ 7764.344959] CS:  0010 DS: 0000 ES: 0000 CR0: 0000000080050033
[ 7764.344960] CR2: 00000001016003a0 CR3: 0000000101cc4000 CR4: 00000000000406f0
[ 7764.344964] Call Trace:
[ 7764.344966]  <TASK>
[ 7764.344971]  vmf_insert_folio_pmd+0x15b/0x1e0
[ 7764.344979]  dev_dax_huge_fault+0x33c/0x4a0 [device_dax]
[ 7764.344982]  __handle_mm_fault+0x7cf/0x1020
[ 7764.344985]  ? sched_tick+0xfd/0x280
[ 7764.344992]  handle_mm_fault+0xe7/0x2f0
[ 7764.344994]  do_user_addr_fault+0x22b/0x6c0
[ 7764.344999]  exc_page_fault+0x7c/0x1a0
[ 7764.345006]  asm_exc_page_fault+0x27/0x30
[ 7764.345009] RIP: 0033:0x3399d4
[ 7764.345012] Code: 7d f8 48 8b 7d f8 e8 ab 01 00 00 48 83 c4 10 5d c3 cc cc cc cc cc 55 48 89 e5 48 89 7d f8 48 89 75 f0 48 8b 45 f8 48 8b 4d f0 <48> 89 08 5d c3 cc cc cc cc cc cc cc 55 48 89 e5 48 83 ec 10 48 89
[ 7764.345013] RSP: 002b:00007fff124843a0 EFLAGS: 00010202
[ 7764.345013] RAX: 00000001016003a0 RBX: 00007fe17744e008 RCX: 0000000000000000
[ 7764.345014] RDX: 0000000000000009 RSI: 0000000000000000 RDI: 00000001016003a0
[ 7764.345015] RBP: 00007fff124843a0 R08: 0000000000000000 R09: 00007fe17743b6c0
[ 7764.345015] R10: 00007fe17743b6f0 R11: 00007fe1772e33f4 R12: 0000000000000000
[ 7764.345016] R13: 00007fff126e01a0 R14: 00007fff12484960 R15: 00000000005c0f08
[ 7764.345174]  </TASK>
[ 7792.344890] watchdog: BUG: soft lockup - CPU#0 stuck for 380s! [bench_ycsb:50138]
[ 7792.344896] Modules linked in: nd_pmem nd_btt dax_pmem kmem device_dax sunrpc binfmt_misc cfg80211 8021q garp ppdev mrp stp llc snd_pcm joydev iTCO_wdt intel_pmc_bxt iTCO_vendor_support snd_timer snd psmouse vga16fb soundcore i2c_i801 vgastate i2c_mux pcspkr sha1_ssse3 parport_pc i2c_smbus lpc_ich parport bochs input_leds serio_raw mac_hid sch_fq_codel efi_pstore nfnetlink vsock_loopback vmw_vsock_virtio_transport_common vmw_vsock_vmci_transport vsock vmw_vmci dmi_sysfs qemu_fw_cfg ip_tables x_tables autofs4
[ 7792.344936] CPU: 0 UID: 0 PID: 50138 Comm: bench_ycsb Tainted: G             L      6.16.0-rc7+ #3 PREEMPT(voluntary) 
[ 7792.344938] Tainted: [L]=SOFTLOCKUP
[ 7792.344939] Hardware name: QEMU Standard PC (Q35 + ICH9, 2009), BIOS rel-1.17.0-0-gb52ca86e094d-prebuilt.qemu.org 04/01/2014
[ 7792.344941] RIP: 0010:folio_add_file_rmap_pmd+0x161/0x190
[ 7792.344951] Code: 48 0f ba 6b 68 3f eb 84 65 ff 05 ca 9f 43 02 f0 49 0f ba 28 1f 0f 83 19 ff ff ff 65 ff 0d b7 9f 43 02 74 26 f3 90 48 8b 43 68 <a9> 00 00 00 80 75 f3 eb d5 0f 1f 44 00 00 e9 61 ff ff ff 48 89 df
[ 7792.344952] RSP: 0000:ffffc900069ffcf0 EFLAGS: 00000286
[ 7792.345224] RAX: 000000008000000b RBX: ffffea001a470000 RCX: 0000000000000000
[ 7792.345225] RDX: 0000000000000012 RSI: 0000000000000000 RDI: ffffea001a470000
[ 7792.345225] RBP: ffffc900069ffd00 R08: ffffea001a470068 R09: 0000000000000000
[ 7792.345226] R10: ffff88811bd3f500 R11: 0000000000000000 R12: ffff88811bd3f500
[ 7792.345226] R13: ffffc900069ffde8 R14: ffffea00050ddf28 R15: 0000000000000001
[ 7792.345230] FS:  00007fe17959fd40(0000) GS:ffff8882f4059000(0000) knlGS:0000000000000000
[ 7792.345242] CS:  0010 DS: 0000 ES: 0000 CR0: 0000000080050033
[ 7792.345243] CR2: 00000001016003a0 CR3: 0000000101cc4000 CR4: 00000000000406f0
[ 7792.345247] Call Trace:
[ 7792.345249]  <TASK>
[ 7792.345254]  vmf_insert_folio_pmd+0x15b/0x1e0
[ 7792.345262]  dev_dax_huge_fault+0x33c/0x4a0 [device_dax]
[ 7792.345265]  __handle_mm_fault+0x7cf/0x1020
[ 7792.345268]  ? sched_tick+0xfd/0x280
[ 7792.345275]  handle_mm_fault+0xe7/0x2f0
[ 7792.345277]  do_user_addr_fault+0x22b/0x6c0
[ 7792.345281]  exc_page_fault+0x7c/0x1a0
[ 7792.345287]  asm_exc_page_fault+0x27/0x30
[ 7792.345290] RIP: 0033:0x3399d4
[ 7792.345293] Code: 7d f8 48 8b 7d f8 e8 ab 01 00 00 48 83 c4 10 5d c3 cc cc cc cc cc 55 48 89 e5 48 89 7d f8 48 89 75 f0 48 8b 45 f8 48 8b 4d f0 <48> 89 08 5d c3 cc cc cc cc cc cc cc 55 48 89 e5 48 83 ec 10 48 89
[ 7792.345294] RSP: 002b:00007fff124843a0 EFLAGS: 00010202
[ 7792.345295] RAX: 00000001016003a0 RBX: 00007fe17744e008 RCX: 0000000000000000
[ 7792.345295] RDX: 0000000000000009 RSI: 0000000000000000 RDI: 00000001016003a0
[ 7792.345296] RBP: 00007fff124843a0 R08: 0000000000000000 R09: 00007fe17743b6c0
[ 7792.345296] R10: 00007fe17743b6f0 R11: 00007fe1772e33f4 R12: 0000000000000000
[ 7792.345297] R13: 00007fff126e01a0 R14: 00007fff12484960 R15: 00000000005c0f08
[ 7792.345299]  </TASK>
[ 7805.409512] rcu: INFO: rcu_preempt self-detected stall on CPU
[ 7805.409982] rcu: 	0-....: (419707 ticks this GP) idle=c544/1/0x4000000000000000 softirq=330499/330499 fqs=104522
[ 7805.410706] rcu: 	         hardirqs   softirqs   csw/system
[ 7805.411121] rcu: 	 number:   389807       7003            0
[ 7805.411503] rcu: 	cputime:        0          0       389671   ==> 390004(ms)
[ 7805.411989] rcu: 	(t=420006 jiffies g=639817 q=5503 ncpus=4)
[ 7805.412444] CPU: 0 UID: 0 PID: 50138 Comm: bench_ycsb Tainted: G             L      6.16.0-rc7+ #3 PREEMPT(voluntary) 
[ 7805.412447] Tainted: [L]=SOFTLOCKUP
[ 7805.412448] Hardware name: QEMU Standard PC (Q35 + ICH9, 2009), BIOS rel-1.17.0-0-gb52ca86e094d-prebuilt.qemu.org 04/01/2014
[ 7805.412449] RIP: 0010:folio_add_file_rmap_pmd+0x161/0x190
[ 7805.412459] Code: 48 0f ba 6b 68 3f eb 84 65 ff 05 ca 9f 43 02 f0 49 0f ba 28 1f 0f 83 19 ff ff ff 65 ff 0d b7 9f 43 02 74 26 f3 90 48 8b 43 68 <a9> 00 00 00 80 75 f3 eb d5 0f 1f 44 00 00 e9 61 ff ff ff 48 89 df
[ 7805.412460] RSP: 0000:ffffc900069ffcf0 EFLAGS: 00000286
[ 7805.412622] RAX: 000000008000000b RBX: ffffea001a470000 RCX: 0000000000000000
[ 7805.412623] RDX: 0000000000000012 RSI: 0000000000000000 RDI: ffffea001a470000
[ 7805.412624] RBP: ffffc900069ffd00 R08: ffffea001a470068 R09: 0000000000000000
[ 7805.412624] R10: ffff88811bd3f500 R11: 0000000000000000 R12: ffff88811bd3f500
[ 7805.412625] R13: ffffc900069ffde8 R14: ffffea00050ddf28 R15: 0000000000000001
[ 7805.412626] FS:  00007fe17959fd40(0000) GS:ffff8882f4059000(0000) knlGS:0000000000000000
[ 7805.412627] CS:  0010 DS: 0000 ES: 0000 CR0: 0000000080050033
[ 7805.412635] CR2: 00000001016003a0 CR3: 0000000101cc4000 CR4: 00000000000406f0
[ 7805.412639] Call Trace:
[ 7805.412641]  <TASK>
[ 7805.412646]  vmf_insert_folio_pmd+0x15b/0x1e0
[ 7805.412658]  dev_dax_huge_fault+0x33c/0x4a0 [device_dax]
[ 7805.412661]  __handle_mm_fault+0x7cf/0x1020
[ 7805.412664]  ? sched_tick+0xfd/0x280
[ 7805.412671]  handle_mm_fault+0xe7/0x2f0
[ 7805.412672]  do_user_addr_fault+0x22b/0x6c0
[ 7805.412677]  exc_page_fault+0x7c/0x1a0
[ 7805.412682]  asm_exc_page_fault+0x27/0x30
[ 7805.412685] RIP: 0033:0x3399d4
[ 7805.412687] Code: 7d f8 48 8b 7d f8 e8 ab 01 00 00 48 83 c4 10 5d c3 cc cc cc cc cc 55 48 89 e5 48 89 7d f8 48 89 75 f0 48 8b 45 f8 48 8b 4d f0 <48> 89 08 5d c3 cc cc cc cc cc cc cc 55 48 89 e5 48 83 ec 10 48 89
[ 7805.412688] RSP: 002b:00007fff124843a0 EFLAGS: 00010202
[ 7805.412689] RAX: 00000001016003a0 RBX: 00007fe17744e008 RCX: 0000000000000000
[ 7805.412689] RDX: 0000000000000009 RSI: 0000000000000000 RDI: 00000001016003a0
[ 7805.412690] RBP: 00007fff124843a0 R08: 0000000000000000 R09: 00007fe17743b6c0
[ 7805.412690] R10: 00007fe17743b6f0 R11: 00007fe1772e33f4 R12: 0000000000000000
[ 7805.412691] R13: 00007fff126e01a0 R14: 00007fff12484960 R15: 00000000005c0f08
[ 7805.412692]  </TASK>
[ 7832.344890] watchdog: BUG: soft lockup - CPU#0 stuck for 417s! [bench_ycsb:50138]
[ 7832.344896] Modules linked in: nd_pmem nd_btt dax_pmem kmem device_dax sunrpc binfmt_misc cfg80211 8021q garp ppdev mrp stp llc snd_pcm joydev iTCO_wdt intel_pmc_bxt iTCO_vendor_support snd_timer snd psmouse vga16fb soundcore i2c_i801 vgastate i2c_mux pcspkr sha1_ssse3 parport_pc i2c_smbus lpc_ich parport bochs input_leds serio_raw mac_hid sch_fq_codel efi_pstore nfnetlink vsock_loopback vmw_vsock_virtio_transport_common vmw_vsock_vmci_transport vsock vmw_vmci dmi_sysfs qemu_fw_cfg ip_tables x_tables autofs4
[ 7832.344937] CPU: 0 UID: 0 PID: 50138 Comm: bench_ycsb Tainted: G             L      6.16.0-rc7+ #3 PREEMPT(voluntary) 
[ 7832.344940] Tainted: [L]=SOFTLOCKUP
[ 7832.344941] Hardware name: QEMU Standard PC (Q35 + ICH9, 2009), BIOS rel-1.17.0-0-gb52ca86e094d-prebuilt.qemu.org 04/01/2014
[ 7832.344942] RIP: 0010:folio_add_file_rmap_pmd+0x161/0x190
[ 7832.344953] Code: 48 0f ba 6b 68 3f eb 84 65 ff 05 ca 9f 43 02 f0 49 0f ba 28 1f 0f 83 19 ff ff ff 65 ff 0d b7 9f 43 02 74 26 f3 90 48 8b 43 68 <a9> 00 00 00 80 75 f3 eb d5 0f 1f 44 00 00 e9 61 ff ff ff 48 89 df
[ 7832.344954] RSP: 0000:ffffc900069ffcf0 EFLAGS: 00000286
[ 7832.344956] RAX: 000000008000000b RBX: ffffea001a470000 RCX: 0000000000000000
[ 7832.344957] RDX: 0000000000000012 RSI: 0000000000000000 RDI: ffffea001a470000
[ 7832.344958] RBP: ffffc900069ffd00 R08: ffffea001a470068 R09: 0000000000000000
[ 7832.344958] R10: ffff88811bd3f500 R11: 0000000000000000 R12: ffff88811bd3f500
[ 7832.344959] R13: ffffc900069ffde8 R14: ffffea00050ddf28 R15: 0000000000000001
[ 7832.344960] FS:  00007fe17959fd40(0000) GS:ffff8882f4059000(0000) knlGS:0000000000000000
[ 7832.344961] CS:  0010 DS: 0000 ES: 0000 CR0: 0000000080050033
[ 7832.344962] CR2: 00000001016003a0 CR3: 0000000101cc4000 CR4: 00000000000406f0
[ 7832.344965] Call Trace:
[ 7832.344967]  <TASK>
[ 7832.344973]  vmf_insert_folio_pmd+0x15b/0x1e0
[ 7832.344981]  dev_dax_huge_fault+0x33c/0x4a0 [device_dax]
[ 7832.344984]  __handle_mm_fault+0x7cf/0x1020
[ 7832.344987]  ? sched_tick+0xfd/0x280
[ 7832.344995]  handle_mm_fault+0xe7/0x2f0
[ 7832.344996]  do_user_addr_fault+0x22b/0x6c0
[ 7832.345001]  exc_page_fault+0x7c/0x1a0
[ 7832.345008]  asm_exc_page_fault+0x27/0x30
[ 7832.345011] RIP: 0033:0x3399d4
[ 7832.345039] Code: 7d f8 48 8b 7d f8 e8 ab 01 00 00 48 83 c4 10 5d c3 cc cc cc cc cc 55 48 89 e5 48 89 7d f8 48 89 75 f0 48 8b 45 f8 48 8b 4d f0 <48> 89 08 5d c3 cc cc cc cc cc cc cc 55 48 89 e5 48 83 ec 10 48 89
[ 7832.345047] RSP: 002b:00007fff124843a0 EFLAGS: 00010202
[ 7832.345048] RAX: 00000001016003a0 RBX: 00007fe17744e008 RCX: 0000000000000000
[ 7832.345048] RDX: 0000000000000009 RSI: 0000000000000000 RDI: 00000001016003a0
[ 7832.345049] RBP: 00007fff124843a0 R08: 0000000000000000 R09: 00007fe17743b6c0
[ 7832.345050] R10: 00007fe17743b6f0 R11: 00007fe1772e33f4 R12: 0000000000000000
[ 7832.345050] R13: 00007fff126e01a0 R14: 00007fff12484960 R15: 00000000005c0f08
[ 7832.345052]  </TASK>
[ 7860.344890] watchdog: BUG: soft lockup - CPU#0 stuck for 443s! [bench_ycsb:50138]
[ 7860.344895] Modules linked in: nd_pmem nd_btt dax_pmem kmem device_dax sunrpc binfmt_misc cfg80211 8021q garp ppdev mrp stp llc snd_pcm joydev iTCO_wdt intel_pmc_bxt iTCO_vendor_support snd_timer snd psmouse vga16fb soundcore i2c_i801 vgastate i2c_mux pcspkr sha1_ssse3 parport_pc i2c_smbus lpc_ich parport bochs input_leds serio_raw mac_hid sch_fq_codel efi_pstore nfnetlink vsock_loopback vmw_vsock_virtio_transport_common vmw_vsock_vmci_transport vsock vmw_vmci dmi_sysfs qemu_fw_cfg ip_tables x_tables autofs4
[ 7860.344946] CPU: 0 UID: 0 PID: 50138 Comm: bench_ycsb Tainted: G             L      6.16.0-rc7+ #3 PREEMPT(voluntary) 
[ 7860.344948] Tainted: [L]=SOFTLOCKUP
[ 7860.344949] Hardware name: QEMU Standard PC (Q35 + ICH9, 2009), BIOS rel-1.17.0-0-gb52ca86e094d-prebuilt.qemu.org 04/01/2014
[ 7860.344951] RIP: 0010:folio_add_file_rmap_pmd+0x161/0x190
[ 7860.344962] Code: 48 0f ba 6b 68 3f eb 84 65 ff 05 ca 9f 43 02 f0 49 0f ba 28 1f 0f 83 19 ff ff ff 65 ff 0d b7 9f 43 02 74 26 f3 90 48 8b 43 68 <a9> 00 00 00 80 75 f3 eb d5 0f 1f 44 00 00 e9 61 ff ff ff 48 89 df
[ 7860.344964] RSP: 0000:ffffc900069ffcf0 EFLAGS: 00000286
[ 7860.344966] RAX: 000000008000000b RBX: ffffea001a470000 RCX: 0000000000000000
[ 7860.344967] RDX: 0000000000000012 RSI: 0000000000000000 RDI: ffffea001a470000
[ 7860.344968] RBP: ffffc900069ffd00 R08: ffffea001a470068 R09: 0000000000000000
[ 7860.344968] R10: ffff88811bd3f500 R11: 0000000000000000 R12: ffff88811bd3f500
[ 7860.344969] R13: ffffc900069ffde8 R14: ffffea00050ddf28 R15: 0000000000000001
[ 7860.344970] FS:  00007fe17959fd40(0000) GS:ffff8882f4059000(0000) knlGS:0000000000000000
[ 7860.344971] CS:  0010 DS: 0000 ES: 0000 CR0: 0000000080050033
[ 7860.344971] CR2: 00000001016003a0 CR3: 0000000101cc4000 CR4: 00000000000406f0
[ 7860.344975] Call Trace:
[ 7860.344977]  <TASK>
[ 7860.344986]  vmf_insert_folio_pmd+0x15b/0x1e0
[ 7860.344994]  dev_dax_huge_fault+0x33c/0x4a0 [device_dax]
[ 7860.344997]  __handle_mm_fault+0x7cf/0x1020
[ 7860.345001]  ? sched_tick+0xfd/0x280
[ 7860.345008]  handle_mm_fault+0xe7/0x2f0
[ 7860.345009]  do_user_addr_fault+0x22b/0x6c0
[ 7860.345014]  exc_page_fault+0x7c/0x1a0
[ 7860.345020]  asm_exc_page_fault+0x27/0x30
[ 7860.345024] RIP: 0033:0x3399d4
[ 7860.345027] Code: 7d f8 48 8b 7d f8 e8 ab 01 00 00 48 83 c4 10 5d c3 cc cc cc cc cc 55 48 89 e5 48 89 7d f8 48 89 75 f0 48 8b 45 f8 48 8b 4d f0 <48> 89 08 5d c3 cc cc cc cc cc cc cc 55 48 89 e5 48 83 ec 10 48 89
[ 7860.345028] RSP: 002b:00007fff124843a0 EFLAGS: 00010202
[ 7860.345029] RAX: 00000001016003a0 RBX: 00007fe17744e008 RCX: 0000000000000000
[ 7860.345029] RDX: 0000000000000009 RSI: 0000000000000000 RDI: 00000001016003a0
[ 7860.345030] RBP: 00007fff124843a0 R08: 0000000000000000 R09: 00007fe17743b6c0
[ 7860.345030] R10: 00007fe17743b6f0 R11: 00007fe1772e33f4 R12: 0000000000000000
[ 7860.345031] R13: 00007fff126e01a0 R14: 00007fff12484960 R15: 00000000005c0f08
[ 7860.345032]  </TASK>
[ 7865.500592] INFO: task systemd:1 blocked for more than 368 seconds.
[ 7865.501682]       Tainted: G             L      6.16.0-rc7+ #3
[ 7865.502424] "echo 0 > /proc/sys/kernel/hung_task_timeout_secs" disables this message.
[ 7865.503498] task:systemd         state:D stack:0     pid:1     tgid:1     ppid:0      task_flags:0x400100 flags:0x00004002
[ 7865.504881] Call Trace:
[ 7865.505387]  <TASK>
[ 7865.505721]  __schedule+0x41b/0x1700
[ 7865.506301]  ? security_inode_alloc+0x21/0x180
[ 7865.506918]  schedule+0x27/0xf0
[ 7865.507311]  schedule_timeout+0xbe/0x100
[ 7865.507921]  ? __memcg_slab_post_alloc_hook+0x1ba/0x3f0
[ 7865.508566]  __wait_for_common+0x7c/0x1a0
[ 7865.509039]  ? __pfx_schedule_timeout+0x10/0x10
[ 7865.509603]  wait_for_completion_state+0x21/0x50
[ 7865.510112]  __wait_rcu_gp+0x192/0x1a0
[ 7865.510550]  synchronize_rcu_normal.part.0+0x3c/0x70
[ 7865.511110]  ? __pfx_call_rcu_hurry+0x10/0x10
[ 7865.511613]  ? __pfx_wakeme_after_rcu+0x10/0x10
[ 7865.512170]  synchronize_rcu_normal+0xa5/0xb0
[ 7865.512628]  ? mntput+0x24/0x50
[ 7865.512959]  ? terminate_walk+0xf3/0x100
[ 7865.513414]  ? path_openat+0x4ea/0x12e0
[ 7865.513858]  synchronize_rcu+0xf8/0x120
[ 7865.514271]  rcu_sync_enter+0x54/0x100
[ 7865.514668]  ? _kstrtoull+0x38/0x90
[ 7865.514969]  percpu_down_write+0x24/0x200
[ 7865.515294]  cgroup_procs_write_start+0x10a/0x180
[ 7865.515923]  __cgroup_procs_write+0x58/0x180
[ 7865.516470]  cgroup_procs_write+0x17/0x30
[ 7865.517008]  cgroup_file_write+0x8b/0x1e0
[ 7865.517494]  ? __check_object_size+0x217/0x240
[ 7865.518097]  kernfs_fop_write_iter+0x154/0x200
[ 7865.518688]  vfs_write+0x229/0x460
[ 7865.519088]  ksys_write+0x69/0xe0
[ 7865.519516]  __x64_sys_write+0x19/0x30
[ 7865.520036]  x64_sys_call+0x29a/0x2320
[ 7865.520485]  do_syscall_64+0x83/0x2f0
[ 7865.520962]  ? x64_sys_call+0x1197/0x2320
[ 7865.521499]  ? do_syscall_64+0xbc/0x2f0
[ 7865.522074]  ? mntput_no_expire+0x4c/0x280
[ 7865.522751]  ? mntput+0x24/0x50
[ 7865.523174]  ? terminate_walk+0xf3/0x100
[ 7865.523702]  ? path_openat+0x4ea/0x12e0
[ 7865.524224]  ? do_filp_open+0xc3/0x180
[ 7865.524835]  ? vfs_read+0xbf/0x360
[ 7865.525290]  ? __check_object_size+0x217/0x240
[ 7865.525935]  ? kmem_cache_alloc_noprof+0x129/0x410
[ 7865.526629]  ? strncpy_from_user+0x2f/0x130
[ 7865.527187]  ? putname+0x78/0xb0
[ 7865.527667]  ? do_sys_openat2+0x8a/0xd0
[ 7865.528177]  ? __x64_sys_openat+0x5f/0xa0
[ 7865.528673]  ? x64_sys_call+0x19cc/0x2320
[ 7865.529137]  ? do_syscall_64+0xbc/0x2f0
[ 7865.529720]  ? exc_page_fault+0x8d/0x1a0
[ 7865.530315]  entry_SYSCALL_64_after_hwframe+0x76/0x7e
[ 7865.531002] RIP: 0033:0x732b15699687
[ 7865.531467] RSP: 002b:00007ffd426fada0 EFLAGS: 00000202 ORIG_RAX: 0000000000000001
[ 7865.532516] RAX: ffffffffffffffda RBX: 0000732b16058e00 RCX: 0000732b15699687
[ 7865.533485] RDX: 0000000000000006 RSI: 00007ffd426fafda RDI: 000000000000001b
[ 7865.534504] RBP: 00007ffd426fafda R08: 0000000000000000 R09: 0000000000000000
[ 7865.535597] R10: 0000000000000000 R11: 0000000000000202 R12: 0000000000000006
[ 7865.536349] R13: 00005afce710a3c0 R14: 0000732b157efe80 R15: 00000000fffffff7
[ 7865.537141]  </TASK>
[ 7865.537409] INFO: task kworker/2:0:33464 blocked for more than 245 seconds.
[ 7865.538195]       Tainted: G             L      6.16.0-rc7+ #3
[ 7865.539143] "echo 0 > /proc/sys/kernel/hung_task_timeout_secs" disables this message.
[ 7865.540035] task:kworker/2:0     state:D stack:0     pid:33464 tgid:33464 ppid:2      task_flags:0x4208060 flags:0x00004000
[ 7865.541463] Workqueue: cgroup_destroy css_release_work_fn
[ 7865.542161] Call Trace:
[ 7865.542487]  <TASK>
[ 7865.542809]  __schedule+0x41b/0x1700
[ 7865.543336]  ? sched_clock_noinstr+0x9/0x10
[ 7865.544091]  ? sched_clock+0x10/0x30
[ 7865.544638]  ? sched_clock_cpu+0xf/0x260
[ 7865.545194]  ? raw_spin_rq_lock_nested+0x1d/0x90
[ 7865.545881]  schedule+0x27/0xf0
[ 7865.546287]  schedule_preempt_disabled+0x15/0x30
[ 7865.546890]  __mutex_lock.constprop.0+0x4ce/0x9c0
[ 7865.547473]  ? __schedule+0x423/0x1700
[ 7865.547982]  __mutex_lock_slowpath+0x13/0x20
[ 7865.548472]  mutex_lock+0x3b/0x50
[ 7865.548985]  css_release_work_fn+0x2d/0x2b0
[ 7865.549448]  process_one_work+0x18a/0x370
[ 7865.549998]  worker_thread+0x347/0x480
[ 7865.550429]  ? __pfx_worker_thread+0x10/0x10
[ 7865.550951]  kthread+0x10b/0x220
[ 7865.551341]  ? __pfx_kthread+0x10/0x10
[ 7865.551863]  ret_from_fork+0x1a1/0x1d0
[ 7865.552306]  ? __pfx_kthread+0x10/0x10
[ 7865.552838]  ret_from_fork_asm+0x1a/0x30
[ 7865.553360]  </TASK>
[ 7865.553666] INFO: task kworker/2:0:33464 is blocked on a mutex likely owned by task systemd:1.
[ 7865.554797] task:systemd         state:D stack:0     pid:1     tgid:1     ppid:0      task_flags:0x400100 flags:0x00004002
[ 7865.556170] Call Trace:
[ 7865.556474]  <TASK>
[ 7865.556788]  __schedule+0x41b/0x1700
[ 7865.557266]  ? security_inode_alloc+0x21/0x180
[ 7865.557928]  schedule+0x27/0xf0
[ 7865.558333]  schedule_timeout+0xbe/0x100
[ 7865.558899]  ? __memcg_slab_post_alloc_hook+0x1ba/0x3f0
[ 7865.559517]  __wait_for_common+0x7c/0x1a0
[ 7865.560001]  ? __pfx_schedule_timeout+0x10/0x10
[ 7865.560536]  wait_for_completion_state+0x21/0x50
[ 7865.561179]  __wait_rcu_gp+0x192/0x1a0
[ 7865.561699]  synchronize_rcu_normal.part.0+0x3c/0x70
[ 7865.562274]  ? __pfx_call_rcu_hurry+0x10/0x10
[ 7865.562866]  ? __pfx_wakeme_after_rcu+0x10/0x10
[ 7865.563403]  synchronize_rcu_normal+0xa5/0xb0
[ 7865.563945]  ? mntput+0x24/0x50
[ 7865.564320]  ? terminate_walk+0xf3/0x100
[ 7865.564988]  ? path_openat+0x4ea/0x12e0
[ 7865.565467]  synchronize_rcu+0xf8/0x120
[ 7865.566016]  rcu_sync_enter+0x54/0x100
[ 7865.566482]  ? _kstrtoull+0x38/0x90
[ 7865.567048]  percpu_down_write+0x24/0x200
[ 7865.567631]  cgroup_procs_write_start+0x10a/0x180
[ 7865.568173]  __cgroup_procs_write+0x58/0x180
[ 7865.568725]  cgroup_procs_write+0x17/0x30
[ 7865.569261]  cgroup_file_write+0x8b/0x1e0
[ 7865.569845]  ? __check_object_size+0x217/0x240
[ 7865.570395]  kernfs_fop_write_iter+0x154/0x200
[ 7865.571059]  vfs_write+0x229/0x460
[ 7865.571558]  ksys_write+0x69/0xe0
[ 7865.571973]  __x64_sys_write+0x19/0x30
[ 7865.572430]  x64_sys_call+0x29a/0x2320
[ 7865.572907]  do_syscall_64+0x83/0x2f0
[ 7865.573406]  ? x64_sys_call+0x1197/0x2320
[ 7865.573960]  ? do_syscall_64+0xbc/0x2f0
[ 7865.574471]  ? mntput_no_expire+0x4c/0x280
[ 7865.575055]  ? mntput+0x24/0x50
[ 7865.575440]  ? terminate_walk+0xf3/0x100
[ 7865.576034]  ? path_openat+0x4ea/0x12e0
[ 7865.576490]  ? do_filp_open+0xc3/0x180
[ 7865.577051]  ? vfs_read+0xbf/0x360
[ 7865.577522]  ? __check_object_size+0x217/0x240
[ 7865.578182]  ? kmem_cache_alloc_noprof+0x129/0x410
[ 7865.578875]  ? strncpy_from_user+0x2f/0x130
[ 7865.579438]  ? putname+0x78/0xb0
[ 7865.579951]  ? do_sys_openat2+0x8a/0xd0
[ 7865.580503]  ? __x64_sys_openat+0x5f/0xa0
[ 7865.581054]  ? x64_sys_call+0x19cc/0x2320
[ 7865.581706]  ? do_syscall_64+0xbc/0x2f0
[ 7865.582199]  ? exc_page_fault+0x8d/0x1a0
[ 7865.582773]  entry_SYSCALL_64_after_hwframe+0x76/0x7e
[ 7865.583363] RIP: 0033:0x732b15699687
[ 7865.583872] RSP: 002b:00007ffd426fada0 EFLAGS: 00000202 ORIG_RAX: 0000000000000001
[ 7865.584833] RAX: ffffffffffffffda RBX: 0000732b16058e00 RCX: 0000732b15699687
[ 7865.585739] RDX: 0000000000000006 RSI: 00007ffd426fafda RDI: 000000000000001b
[ 7865.586745] RBP: 00007ffd426fafda R08: 0000000000000000 R09: 0000000000000000
[ 7865.587729] R10: 0000000000000000 R11: 0000000000000202 R12: 0000000000000006
[ 7865.588623] R13: 00005afce710a3c0 R14: 0000732b157efe80 R15: 00000000fffffff7
[ 7865.589557]  </TASK>
[ 7888.344890] watchdog: BUG: soft lockup - CPU#0 stuck for 469s! [bench_ycsb:50138]
[ 7888.344895] Modules linked in: nd_pmem nd_btt dax_pmem kmem device_dax sunrpc binfmt_misc cfg80211 8021q garp ppdev mrp stp llc snd_pcm joydev iTCO_wdt intel_pmc_bxt iTCO_vendor_support snd_timer snd psmouse vga16fb soundcore i2c_i801 vgastate i2c_mux pcspkr sha1_ssse3 parport_pc i2c_smbus lpc_ich parport bochs input_leds serio_raw mac_hid sch_fq_codel efi_pstore nfnetlink vsock_loopback vmw_vsock_virtio_transport_common vmw_vsock_vmci_transport vsock vmw_vmci dmi_sysfs qemu_fw_cfg ip_tables x_tables autofs4
[ 7888.344935] CPU: 0 UID: 0 PID: 50138 Comm: bench_ycsb Tainted: G             L      6.16.0-rc7+ #3 PREEMPT(voluntary) 
[ 7888.344938] Tainted: [L]=SOFTLOCKUP
[ 7888.344939] Hardware name: QEMU Standard PC (Q35 + ICH9, 2009), BIOS rel-1.17.0-0-gb52ca86e094d-prebuilt.qemu.org 04/01/2014
[ 7888.344941] RIP: 0010:folio_add_file_rmap_pmd+0x161/0x190
[ 7888.344952] Code: 48 0f ba 6b 68 3f eb 84 65 ff 05 ca 9f 43 02 f0 49 0f ba 28 1f 0f 83 19 ff ff ff 65 ff 0d b7 9f 43 02 74 26 f3 90 48 8b 43 68 <a9> 00 00 00 80 75 f3 eb d5 0f 1f 44 00 00 e9 61 ff ff ff 48 89 df
[ 7888.345128] RSP: 0000:ffffc900069ffcf0 EFLAGS: 00000286
[ 7888.345130] RAX: 000000008000000b RBX: ffffea001a470000 RCX: 0000000000000000
[ 7888.345131] RDX: 0000000000000012 RSI: 0000000000000000 RDI: ffffea001a470000
[ 7888.345132] RBP: ffffc900069ffd00 R08: ffffea001a470068 R09: 0000000000000000
[ 7888.345132] R10: ffff88811bd3f500 R11: 0000000000000000 R12: ffff88811bd3f500
[ 7888.345133] R13: ffffc900069ffde8 R14: ffffea00050ddf28 R15: 0000000000000001
[ 7888.345134] FS:  00007fe17959fd40(0000) GS:ffff8882f4059000(0000) knlGS:0000000000000000
[ 7888.345134] CS:  0010 DS: 0000 ES: 0000 CR0: 0000000080050033
[ 7888.345135] CR2: 00000001016003a0 CR3: 0000000101cc4000 CR4: 00000000000406f0
[ 7888.345139] Call Trace:
[ 7888.345141]  <TASK>
[ 7888.345146]  vmf_insert_folio_pmd+0x15b/0x1e0
[ 7888.345153]  dev_dax_huge_fault+0x33c/0x4a0 [device_dax]
[ 7888.345156]  __handle_mm_fault+0x7cf/0x1020
[ 7888.345159]  ? sched_tick+0xfd/0x280
[ 7888.345166]  handle_mm_fault+0xe7/0x2f0
[ 7888.345167]  do_user_addr_fault+0x22b/0x6c0
[ 7888.345172]  exc_page_fault+0x7c/0x1a0
[ 7888.345178]  asm_exc_page_fault+0x27/0x30
[ 7888.345182] RIP: 0033:0x3399d4
[ 7888.345184] Code: 7d f8 48 8b 7d f8 e8 ab 01 00 00 48 83 c4 10 5d c3 cc cc cc cc cc 55 48 89 e5 48 89 7d f8 48 89 75 f0 48 8b 45 f8 48 8b 4d f0 <48> 89 08 5d c3 cc cc cc cc cc cc cc 55 48 89 e5 48 83 ec 10 48 89
[ 7888.345185] RSP: 002b:00007fff124843a0 EFLAGS: 00010202
[ 7888.345186] RAX: 00000001016003a0 RBX: 00007fe17744e008 RCX: 0000000000000000
[ 7888.345186] RDX: 0000000000000009 RSI: 0000000000000000 RDI: 00000001016003a0
[ 7888.345187] RBP: 00007fff124843a0 R08: 0000000000000000 R09: 00007fe17743b6c0
[ 7888.345187] R10: 00007fe17743b6f0 R11: 00007fe1772e33f4 R12: 0000000000000000
[ 7888.345188] R13: 00007fff126e01a0 R14: 00007fff12484960 R15: 00000000005c0f08
[ 7888.345190]  </TASK>
[ 7916.344890] watchdog: BUG: soft lockup - CPU#0 stuck for 495s! [bench_ycsb:50138]
[ 7916.344896] Modules linked in: nd_pmem nd_btt dax_pmem kmem device_dax sunrpc binfmt_misc cfg80211 8021q garp ppdev mrp stp llc snd_pcm joydev iTCO_wdt intel_pmc_bxt iTCO_vendor_support snd_timer snd psmouse vga16fb soundcore i2c_i801 vgastate i2c_mux pcspkr sha1_ssse3 parport_pc i2c_smbus lpc_ich parport bochs input_leds serio_raw mac_hid sch_fq_codel efi_pstore nfnetlink vsock_loopback vmw_vsock_virtio_transport_common vmw_vsock_vmci_transport vsock vmw_vmci dmi_sysfs qemu_fw_cfg ip_tables x_tables autofs4
[ 7916.344937] CPU: 0 UID: 0 PID: 50138 Comm: bench_ycsb Tainted: G             L      6.16.0-rc7+ #3 PREEMPT(voluntary) 
[ 7916.345070] Tainted: [L]=SOFTLOCKUP
[ 7916.345071] Hardware name: QEMU Standard PC (Q35 + ICH9, 2009), BIOS rel-1.17.0-0-gb52ca86e094d-prebuilt.qemu.org 04/01/2014
[ 7916.345074] RIP: 0010:folio_add_file_rmap_pmd+0x161/0x190
[ 7916.345085] Code: 48 0f ba 6b 68 3f eb 84 65 ff 05 ca 9f 43 02 f0 49 0f ba 28 1f 0f 83 19 ff ff ff 65 ff 0d b7 9f 43 02 74 26 f3 90 48 8b 43 68 <a9> 00 00 00 80 75 f3 eb d5 0f 1f 44 00 00 e9 61 ff ff ff 48 89 df
[ 7916.345087] RSP: 0000:ffffc900069ffcf0 EFLAGS: 00000286
[ 7916.345089] RAX: 000000008000000b RBX: ffffea001a470000 RCX: 0000000000000000
[ 7916.345089] RDX: 0000000000000012 RSI: 0000000000000000 RDI: ffffea001a470000
[ 7916.345090] RBP: ffffc900069ffd00 R08: ffffea001a470068 R09: 0000000000000000
[ 7916.345091] R10: ffff88811bd3f500 R11: 0000000000000000 R12: ffff88811bd3f500
[ 7916.345091] R13: ffffc900069ffde8 R14: ffffea00050ddf28 R15: 0000000000000001
[ 7916.345092] FS:  00007fe17959fd40(0000) GS:ffff8882f4059000(0000) knlGS:0000000000000000
[ 7916.345093] CS:  0010 DS: 0000 ES: 0000 CR0: 0000000080050033
[ 7916.345094] CR2: 00000001016003a0 CR3: 0000000101cc4000 CR4: 00000000000406f0
[ 7916.345098] Call Trace:
[ 7916.345100]  <TASK>
[ 7916.345104]  vmf_insert_folio_pmd+0x15b/0x1e0
[ 7916.345112]  dev_dax_huge_fault+0x33c/0x4a0 [device_dax]
[ 7916.345115]  __handle_mm_fault+0x7cf/0x1020
[ 7916.345118]  ? sched_tick+0xfd/0x280
[ 7916.345125]  handle_mm_fault+0xe7/0x2f0
[ 7916.345127]  do_user_addr_fault+0x22b/0x6c0
[ 7916.345139]  exc_page_fault+0x7c/0x1a0
[ 7916.345145]  asm_exc_page_fault+0x27/0x30
[ 7916.345155] RIP: 0033:0x3399d4
[ 7916.345158] Code: 7d f8 48 8b 7d f8 e8 ab 01 00 00 48 83 c4 10 5d c3 cc cc cc cc cc 55 48 89 e5 48 89 7d f8 48 89 75 f0 48 8b 45 f8 48 8b 4d f0 <48> 89 08 5d c3 cc cc cc cc cc cc cc 55 48 89 e5 48 83 ec 10 48 89
[ 7916.345159] RSP: 002b:00007fff124843a0 EFLAGS: 00010202
[ 7916.345160] RAX: 00000001016003a0 RBX: 00007fe17744e008 RCX: 0000000000000000
[ 7916.345160] RDX: 0000000000000009 RSI: 0000000000000000 RDI: 00000001016003a0
[ 7916.345161] RBP: 00007fff124843a0 R08: 0000000000000000 R09: 00007fe17743b6c0
[ 7916.345161] R10: 00007fe17743b6f0 R11: 00007fe1772e33f4 R12: 0000000000000000
[ 7916.345162] R13: 00007fff126e01a0 R14: 00007fff12484960 R15: 00000000005c0f08
[ 7916.345164]  </TASK>
[ 7944.344891] watchdog: BUG: soft lockup - CPU#0 stuck for 521s! [bench_ycsb:50138]
[ 7944.344896] Modules linked in: nd_pmem nd_btt dax_pmem kmem device_dax sunrpc binfmt_misc cfg80211 8021q garp ppdev mrp stp llc snd_pcm joydev iTCO_wdt intel_pmc_bxt iTCO_vendor_support snd_timer snd psmouse vga16fb soundcore i2c_i801 vgastate i2c_mux pcspkr sha1_ssse3 parport_pc i2c_smbus lpc_ich parport bochs input_leds serio_raw mac_hid sch_fq_codel efi_pstore nfnetlink vsock_loopback vmw_vsock_virtio_transport_common vmw_vsock_vmci_transport vsock vmw_vmci dmi_sysfs qemu_fw_cfg ip_tables x_tables autofs4
[ 7944.344937] CPU: 0 UID: 0 PID: 50138 Comm: bench_ycsb Tainted: G             L      6.16.0-rc7+ #3 PREEMPT(voluntary) 
[ 7944.344939] Tainted: [L]=SOFTLOCKUP
[ 7944.344940] Hardware name: QEMU Standard PC (Q35 + ICH9, 2009), BIOS rel-1.17.0-0-gb52ca86e094d-prebuilt.qemu.org 04/01/2014
[ 7944.344942] RIP: 0010:folio_add_file_rmap_pmd+0x161/0x190
[ 7944.344958] Code: 48 0f ba 6b 68 3f eb 84 65 ff 05 ca 9f 43 02 f0 49 0f ba 28 1f 0f 83 19 ff ff ff 65 ff 0d b7 9f 43 02 74 26 f3 90 48 8b 43 68 <a9> 00 00 00 80 75 f3 eb d5 0f 1f 44 00 00 e9 61 ff ff ff 48 89 df
[ 7944.344960] RSP: 0000:ffffc900069ffcf0 EFLAGS: 00000286
[ 7944.344962] RAX: 000000008000000b RBX: ffffea001a470000 RCX: 0000000000000000
[ 7944.344963] RDX: 0000000000000012 RSI: 0000000000000000 RDI: ffffea001a470000
[ 7944.344963] RBP: ffffc900069ffd00 R08: ffffea001a470068 R09: 0000000000000000
[ 7944.344964] R10: ffff88811bd3f500 R11: 0000000000000000 R12: ffff88811bd3f500
[ 7944.344964] R13: ffffc900069ffde8 R14: ffffea00050ddf28 R15: 0000000000000001
[ 7944.344965] FS:  00007fe17959fd40(0000) GS:ffff8882f4059000(0000) knlGS:0000000000000000
[ 7944.344992] CS:  0010 DS: 0000 ES: 0000 CR0: 0000000080050033
[ 7944.344993] CR2: 00000001016003a0 CR3: 0000000101cc4000 CR4: 00000000000406f0
[ 7944.344997] Call Trace:
[ 7944.344999]  <TASK>
[ 7944.345006]  vmf_insert_folio_pmd+0x15b/0x1e0
[ 7944.345014]  dev_dax_huge_fault+0x33c/0x4a0 [device_dax]
[ 7944.345016]  __handle_mm_fault+0x7cf/0x1020
[ 7944.345020]  ? sched_tick+0xfd/0x280
[ 7944.345027]  handle_mm_fault+0xe7/0x2f0
[ 7944.345029]  do_user_addr_fault+0x22b/0x6c0
[ 7944.345033]  exc_page_fault+0x7c/0x1a0
[ 7944.345040]  asm_exc_page_fault+0x27/0x30
[ 7944.345043] RIP: 0033:0x3399d4
[ 7944.345046] Code: 7d f8 48 8b 7d f8 e8 ab 01 00 00 48 83 c4 10 5d c3 cc cc cc cc cc 55 48 89 e5 48 89 7d f8 48 89 75 f0 48 8b 45 f8 48 8b 4d f0 <48> 89 08 5d c3 cc cc cc cc cc cc cc 55 48 89 e5 48 83 ec 10 48 89
[ 7944.345047] RSP: 002b:00007fff124843a0 EFLAGS: 00010202
[ 7944.345047] RAX: 00000001016003a0 RBX: 00007fe17744e008 RCX: 0000000000000000
[ 7944.345048] RDX: 0000000000000009 RSI: 0000000000000000 RDI: 00000001016003a0
[ 7944.345049] RBP: 00007fff124843a0 R08: 0000000000000000 R09: 00007fe17743b6c0
[ 7944.345049] R10: 00007fe17743b6f0 R11: 00007fe1772e33f4 R12: 0000000000000000
[ 7944.345050] R13: 00007fff126e01a0 R14: 00007fff12484960 R15: 00000000005c0f08
[ 7944.345051]  </TASK>
[ 7972.344950] watchdog: BUG: soft lockup - CPU#0 stuck for 547s! [bench_ycsb:50138]
[ 7972.344976] Modules linked in: nd_pmem nd_btt dax_pmem kmem device_dax sunrpc binfmt_misc cfg80211 8021q garp ppdev mrp stp llc snd_pcm joydev iTCO_wdt intel_pmc_bxt iTCO_vendor_support snd_timer snd psmouse vga16fb soundcore i2c_i801 vgastate i2c_mux pcspkr sha1_ssse3 parport_pc i2c_smbus lpc_ich parport bochs input_leds serio_raw mac_hid sch_fq_codel efi_pstore nfnetlink vsock_loopback vmw_vsock_virtio_transport_common vmw_vsock_vmci_transport vsock vmw_vmci dmi_sysfs qemu_fw_cfg ip_tables x_tables autofs4
[ 7972.345297] CPU: 0 UID: 0 PID: 50138 Comm: bench_ycsb Tainted: G             L      6.16.0-rc7+ #3 PREEMPT(voluntary) 
[ 7972.345301] Tainted: [L]=SOFTLOCKUP
[ 7972.345305] Hardware name: QEMU Standard PC (Q35 + ICH9, 2009), BIOS rel-1.17.0-0-gb52ca86e094d-prebuilt.qemu.org 04/01/2014
[ 7972.345309] RIP: 0010:folio_add_file_rmap_pmd+0x161/0x190
[ 7972.345361] Code: 48 0f ba 6b 68 3f eb 84 65 ff 05 ca 9f 43 02 f0 49 0f ba 28 1f 0f 83 19 ff ff ff 65 ff 0d b7 9f 43 02 74 26 f3 90 48 8b 43 68 <a9> 00 00 00 80 75 f3 eb d5 0f 1f 44 00 00 e9 61 ff ff ff 48 89 df
[ 7972.345363] RSP: 0000:ffffc900069ffcf0 EFLAGS: 00000286
[ 7972.345367] RAX: 000000008000000b RBX: ffffea001a470000 RCX: 0000000000000000
[ 7972.345368] RDX: 0000000000000012 RSI: 0000000000000000 RDI: ffffea001a470000
[ 7972.345369] RBP: ffffc900069ffd00 R08: ffffea001a470068 R09: 0000000000000000
[ 7972.345369] R10: ffff88811bd3f500 R11: 0000000000000000 R12: ffff88811bd3f500
[ 7972.345370] R13: ffffc900069ffde8 R14: ffffea00050ddf28 R15: 0000000000000001
[ 7972.345371] FS:  00007fe17959fd40(0000) GS:ffff8882f4059000(0000) knlGS:0000000000000000
[ 7972.345371] CS:  0010 DS: 0000 ES: 0000 CR0: 0000000080050033
[ 7972.345372] CR2: 00000001016003a0 CR3: 0000000101cc4000 CR4: 00000000000406f0
[ 7972.345378] Call Trace:
[ 7972.345385]  <TASK>
[ 7972.345408]  vmf_insert_folio_pmd+0x15b/0x1e0
[ 7972.345423]  dev_dax_huge_fault+0x33c/0x4a0 [device_dax]
[ 7972.345429]  __handle_mm_fault+0x7cf/0x1020
[ 7972.345435]  ? sched_tick+0xfd/0x280
[ 7972.345457]  handle_mm_fault+0xe7/0x2f0
[ 7972.345459]  do_user_addr_fault+0x22b/0x6c0
[ 7972.345472]  exc_page_fault+0x7c/0x1a0
[ 7972.345496]  asm_exc_page_fault+0x27/0x30
[ 7972.345516] RIP: 0033:0x3399d4
[ 7972.345531] Code: 7d f8 48 8b 7d f8 e8 ab 01 00 00 48 83 c4 10 5d c3 cc cc cc cc cc 55 48 89 e5 48 89 7d f8 48 89 75 f0 48 8b 45 f8 48 8b 4d f0 <48> 89 08 5d c3 cc cc cc cc cc cc cc 55 48 89 e5 48 83 ec 10 48 89
[ 7972.345532] RSP: 002b:00007fff124843a0 EFLAGS: 00010202
[ 7972.345533] RAX: 00000001016003a0 RBX: 00007fe17744e008 RCX: 0000000000000000
[ 7972.345533] RDX: 0000000000000009 RSI: 0000000000000000 RDI: 00000001016003a0
[ 7972.345534] RBP: 00007fff124843a0 R08: 0000000000000000 R09: 00007fe17743b6c0
[ 7972.345534] R10: 00007fe17743b6f0 R11: 00007fe1772e33f4 R12: 0000000000000000
[ 7972.345535] R13: 00007fff126e01a0 R14: 00007fff12484960 R15: 00000000005c0f08
[ 7972.345538]  </TASK>
[ 7985.412522] rcu: INFO: rcu_preempt self-detected stall on CPU
[ 7985.413035] rcu: 	0-....: (599585 ticks this GP) idle=c544/1/0x4000000000000000 softirq=330499/330499 fqs=149252
[ 7985.413774] rcu: 	         hardirqs   softirqs   csw/system
[ 7985.414154] rcu: 	 number:   569722       9760            0
[ 7985.414535] rcu: 	cputime:        0          0       569520   ==> 570007(ms)
[ 7985.415042] rcu: 	(t=600009 jiffies g=639817 q=7637 ncpus=4)
[ 7985.415441] CPU: 0 UID: 0 PID: 50138 Comm: bench_ycsb Tainted: G             L      6.16.0-rc7+ #3 PREEMPT(voluntary) 
[ 7985.415444] Tainted: [L]=SOFTLOCKUP
[ 7985.415445] Hardware name: QEMU Standard PC (Q35 + ICH9, 2009), BIOS rel-1.17.0-0-gb52ca86e094d-prebuilt.qemu.org 04/01/2014
[ 7985.415447] RIP: 0010:folio_add_file_rmap_pmd+0x161/0x190
[ 7985.415461] Code: 48 0f ba 6b 68 3f eb 84 65 ff 05 ca 9f 43 02 f0 49 0f ba 28 1f 0f 83 19 ff ff ff 65 ff 0d b7 9f 43 02 74 26 f3 90 48 8b 43 68 <a9> 00 00 00 80 75 f3 eb d5 0f 1f 44 00 00 e9 61 ff ff ff 48 89 df
[ 7985.415462] RSP: 0000:ffffc900069ffcf0 EFLAGS: 00000286
[ 7985.415465] RAX: 000000008000000b RBX: ffffea001a470000 RCX: 0000000000000000
[ 7985.415466] RDX: 0000000000000012 RSI: 0000000000000000 RDI: ffffea001a470000
[ 7985.415466] RBP: ffffc900069ffd00 R08: ffffea001a470068 R09: 0000000000000000
[ 7985.415467] R10: ffff88811bd3f500 R11: 0000000000000000 R12: ffff88811bd3f500
[ 7985.415467] R13: ffffc900069ffde8 R14: ffffea00050ddf28 R15: 0000000000000001
[ 7985.415468] FS:  00007fe17959fd40(0000) GS:ffff8882f4059000(0000) knlGS:0000000000000000
[ 7985.415482] CS:  0010 DS: 0000 ES: 0000 CR0: 0000000080050033
[ 7985.415483] CR2: 00000001016003a0 CR3: 0000000101cc4000 CR4: 00000000000406f0
[ 7985.415487] Call Trace:
[ 7985.415489]  <TASK>
[ 7985.415502]  vmf_insert_folio_pmd+0x15b/0x1e0
[ 7985.415548]  dev_dax_huge_fault+0x33c/0x4a0 [device_dax]
[ 7985.415553]  __handle_mm_fault+0x7cf/0x1020
[ 7985.415557]  ? sched_tick+0xfd/0x280
[ 7985.415564]  handle_mm_fault+0xe7/0x2f0
[ 7985.415566]  do_user_addr_fault+0x22b/0x6c0
[ 7985.415571]  exc_page_fault+0x7c/0x1a0
[ 7985.415577]  asm_exc_page_fault+0x27/0x30
[ 7985.415580] RIP: 0033:0x3399d4
[ 7985.415594] Code: 7d f8 48 8b 7d f8 e8 ab 01 00 00 48 83 c4 10 5d c3 cc cc cc cc cc 55 48 89 e5 48 89 7d f8 48 89 75 f0 48 8b 45 f8 48 8b 4d f0 <48> 89 08 5d c3 cc cc cc cc cc cc cc 55 48 89 e5 48 83 ec 10 48 89
[ 7985.415595] RSP: 002b:00007fff124843a0 EFLAGS: 00010202
[ 7985.415596] RAX: 00000001016003a0 RBX: 00007fe17744e008 RCX: 0000000000000000
[ 7985.415597] RDX: 0000000000000009 RSI: 0000000000000000 RDI: 00000001016003a0
[ 7985.415597] RBP: 00007fff124843a0 R08: 0000000000000000 R09: 00007fe17743b6c0
[ 7985.415598] R10: 00007fe17743b6f0 R11: 00007fe1772e33f4 R12: 0000000000000000
[ 7985.415614] R13: 00007fff126e01a0 R14: 00007fff12484960 R15: 00000000005c0f08
[ 7985.415625]  </TASK>
[ 7988.380687] INFO: task systemd:1 blocked for more than 491 seconds.
[ 7988.382618]       Tainted: G             L      6.16.0-rc7+ #3
[ 7988.384200] "echo 0 > /proc/sys/kernel/hung_task_timeout_secs" disables this message.
[ 7988.386320] task:systemd         state:D stack:0     pid:1     tgid:1     ppid:0      task_flags:0x400100 flags:0x00004002
[ 7988.389305] Call Trace:
[ 7988.390008]  <TASK>
[ 7988.390583]  __schedule+0x41b/0x1700
[ 7988.391553]  ? security_inode_alloc+0x21/0x180
[ 7988.392858]  schedule+0x27/0xf0
[ 7988.393723]  schedule_timeout+0xbe/0x100
[ 7988.394820]  ? __memcg_slab_post_alloc_hook+0x1ba/0x3f0
[ 7988.396218]  __wait_for_common+0x7c/0x1a0
[ 7988.397337]  ? __pfx_schedule_timeout+0x10/0x10
[ 7988.398616]  wait_for_completion_state+0x21/0x50
[ 7988.400039]  __wait_rcu_gp+0x192/0x1a0
[ 7988.401099]  synchronize_rcu_normal.part.0+0x3c/0x70
[ 7988.402075]  ? __pfx_call_rcu_hurry+0x10/0x10
[ 7988.402469]  ? __pfx_wakeme_after_rcu+0x10/0x10
[ 7988.402912]  synchronize_rcu_normal+0xa5/0xb0
[ 7988.403290]  ? mntput+0x24/0x50
[ 7988.403601]  ? terminate_walk+0xf3/0x100
[ 7988.404160]  ? path_openat+0x4ea/0x12e0
[ 7988.404578]  synchronize_rcu+0xf8/0x120
[ 7988.404954]  rcu_sync_enter+0x54/0x100
[ 7988.405274]  ? _kstrtoull+0x38/0x90
[ 7988.405628]  percpu_down_write+0x24/0x200
[ 7988.405987]  cgroup_procs_write_start+0x10a/0x180
[ 7988.406457]  __cgroup_procs_write+0x58/0x180
[ 7988.407011]  cgroup_procs_write+0x17/0x30
[ 7988.407354]  cgroup_file_write+0x8b/0x1e0
[ 7988.407793]  ? __check_object_size+0x217/0x240
[ 7988.408184]  kernfs_fop_write_iter+0x154/0x200
[ 7988.408690]  vfs_write+0x229/0x460
[ 7988.409137]  ksys_write+0x69/0xe0
[ 7988.409428]  __x64_sys_write+0x19/0x30
[ 7988.409907]  x64_sys_call+0x29a/0x2320
[ 7988.410267]  do_syscall_64+0x83/0x2f0
[ 7988.410636]  ? x64_sys_call+0x1197/0x2320
[ 7988.411021]  ? do_syscall_64+0xbc/0x2f0
[ 7988.411348]  ? mntput_no_expire+0x4c/0x280
[ 7988.411788]  ? mntput+0x24/0x50
[ 7988.412084]  ? terminate_walk+0xf3/0x100
[ 7988.412439]  ? path_openat+0x4ea/0x12e0
[ 7988.412808]  ? do_filp_open+0xc3/0x180
[ 7988.413165]  ? vfs_read+0xbf/0x360
[ 7988.413515]  ? __check_object_size+0x217/0x240
[ 7988.414069]  ? kmem_cache_alloc_noprof+0x129/0x410
[ 7988.414570]  ? strncpy_from_user+0x2f/0x130
[ 7988.415012]  ? putname+0x78/0xb0
[ 7988.415295]  ? do_sys_openat2+0x8a/0xd0
[ 7988.415719]  ? __x64_sys_openat+0x5f/0xa0
[ 7988.416093]  ? x64_sys_call+0x19cc/0x2320
[ 7988.417250]  ? do_syscall_64+0xbc/0x2f0
[ 7988.419089]  ? exc_page_fault+0x8d/0x1a0
[ 7988.420820]  entry_SYSCALL_64_after_hwframe+0x76/0x7e
[ 7988.423534] RIP: 0033:0x732b15699687
[ 7988.424943] RSP: 002b:00007ffd426fada0 EFLAGS: 00000202 ORIG_RAX: 0000000000000001
[ 7988.426519] RAX: ffffffffffffffda RBX: 0000732b16058e00 RCX: 0000732b15699687
[ 7988.428019] RDX: 0000000000000006 RSI: 00007ffd426fafda RDI: 000000000000001b
[ 7988.429186] RBP: 00007ffd426fafda R08: 0000000000000000 R09: 0000000000000000
[ 7988.430263] R10: 0000000000000000 R11: 0000000000000202 R12: 0000000000000006
[ 7988.431344] R13: 00005afce710a3c0 R14: 0000732b157efe80 R15: 00000000fffffff7
[ 7988.432466]  </TASK>
[ 7988.433659] INFO: task kworker/2:0:33464 blocked for more than 368 seconds.
[ 7988.434719]       Tainted: G             L      6.16.0-rc7+ #3
[ 7988.435629] "echo 0 > /proc/sys/kernel/hung_task_timeout_secs" disables this message.
[ 7988.436905] task:kworker/2:0     state:D stack:0     pid:33464 tgid:33464 ppid:2      task_flags:0x4208060 flags:0x00004000
[ 7988.438565] Workqueue: cgroup_destroy css_release_work_fn
[ 7988.439434] Call Trace:
[ 7988.439869]  <TASK>
[ 7988.440198]  __schedule+0x41b/0x1700
[ 7988.440772]  ? sched_clock_noinstr+0x9/0x10
[ 7988.441404]  ? sched_clock+0x10/0x30
[ 7988.442066]  ? sched_clock_cpu+0xf/0x260
[ 7988.442695]  ? raw_spin_rq_lock_nested+0x1d/0x90
[ 7988.443395]  schedule+0x27/0xf0
[ 7988.443971]  schedule_preempt_disabled+0x15/0x30
[ 7988.444755]  __mutex_lock.constprop.0+0x4ce/0x9c0
[ 7988.445565]  ? __schedule+0x423/0x1700
[ 7988.446181]  __mutex_lock_slowpath+0x13/0x20
[ 7988.446846]  mutex_lock+0x3b/0x50
[ 7988.447251]  css_release_work_fn+0x2d/0x2b0
[ 7988.447740]  process_one_work+0x18a/0x370
[ 7988.448156]  worker_thread+0x347/0x480
[ 7988.448531]  ? __pfx_worker_thread+0x10/0x10
[ 7988.448987]  kthread+0x10b/0x220
[ 7988.449309]  ? __pfx_kthread+0x10/0x10
[ 7988.449705]  ret_from_fork+0x1a1/0x1d0
[ 7988.450069]  ? __pfx_kthread+0x10/0x10
[ 7988.450394]  ret_from_fork_asm+0x1a/0x30
[ 7988.450843]  </TASK>
[ 7988.451076] INFO: task kworker/2:0:33464 is blocked on a mutex likely owned by task systemd:1.
[ 7988.451915] task:systemd         state:D stack:0     pid:1     tgid:1     ppid:0      task_flags:0x400100 flags:0x00004002
[ 7988.452988] Call Trace:
[ 7988.453238]  <TASK>
[ 7988.453436]  __schedule+0x41b/0x1700
[ 7988.453823]  ? security_inode_alloc+0x21/0x180
[ 7988.454285]  schedule+0x27/0xf0
[ 7988.454570]  schedule_timeout+0xbe/0x100
[ 7988.454962]  ? __memcg_slab_post_alloc_hook+0x1ba/0x3f0
[ 7988.455434]  __wait_for_common+0x7c/0x1a0
[ 7988.455939]  ? __pfx_schedule_timeout+0x10/0x10
[ 7988.456343]  wait_for_completion_state+0x21/0x50
[ 7988.456896]  __wait_rcu_gp+0x192/0x1a0
[ 7988.457214]  synchronize_rcu_normal.part.0+0x3c/0x70
[ 7988.457699]  ? __pfx_call_rcu_hurry+0x10/0x10
[ 7988.458098]  ? __pfx_wakeme_after_rcu+0x10/0x10
[ 7988.458487]  synchronize_rcu_normal+0xa5/0xb0
[ 7988.458899]  ? mntput+0x24/0x50
[ 7988.459211]  ? terminate_walk+0xf3/0x100
[ 7988.459603]  ? path_openat+0x4ea/0x12e0
[ 7988.459953]  synchronize_rcu+0xf8/0x120
[ 7988.460288]  rcu_sync_enter+0x54/0x100
[ 7988.460626]  ? _kstrtoull+0x38/0x90
[ 7988.461152]  percpu_down_write+0x24/0x200
[ 7988.461547]  cgroup_procs_write_start+0x10a/0x180
[ 7988.461976]  __cgroup_procs_write+0x58/0x180
[ 7988.462342]  cgroup_procs_write+0x17/0x30
[ 7988.462746]  cgroup_file_write+0x8b/0x1e0
[ 7988.463117]  ? __check_object_size+0x217/0x240
[ 7988.463515]  kernfs_fop_write_iter+0x154/0x200
[ 7988.463988]  vfs_write+0x229/0x460
[ 7988.464298]  ksys_write+0x69/0xe0
[ 7988.464643]  __x64_sys_write+0x19/0x30
[ 7988.464982]  x64_sys_call+0x29a/0x2320
[ 7988.465301]  do_syscall_64+0x83/0x2f0
[ 7988.465657]  ? x64_sys_call+0x1197/0x2320
[ 7988.466003]  ? do_syscall_64+0xbc/0x2f0
[ 7988.466332]  ? mntput_no_expire+0x4c/0x280
[ 7988.466738]  ? mntput+0x24/0x50
[ 7988.467018]  ? terminate_walk+0xf3/0x100
[ 7988.467355]  ? path_openat+0x4ea/0x12e0
[ 7988.467806]  ? do_filp_open+0xc3/0x180
[ 7988.468212]  ? vfs_read+0xbf/0x360
[ 7988.468523]  ? __check_object_size+0x217/0x240
[ 7988.468950]  ? kmem_cache_alloc_noprof+0x129/0x410
[ 7988.469365]  ? strncpy_from_user+0x2f/0x130
[ 7988.469758]  ? putname+0x78/0xb0
[ 7988.470055]  ? do_sys_openat2+0x8a/0xd0
[ 7988.470415]  ? __x64_sys_openat+0x5f/0xa0
[ 7988.470939]  ? x64_sys_call+0x19cc/0x2320
[ 7988.471290]  ? do_syscall_64+0xbc/0x2f0
[ 7988.471710]  ? exc_page_fault+0x8d/0x1a0
[ 7988.472127]  entry_SYSCALL_64_after_hwframe+0x76/0x7e
[ 7988.472644] RIP: 0033:0x732b15699687
[ 7988.472969] RSP: 002b:00007ffd426fada0 EFLAGS: 00000202 ORIG_RAX: 0000000000000001
[ 7988.473669] RAX: ffffffffffffffda RBX: 0000732b16058e00 RCX: 0000732b15699687
[ 7988.474305] RDX: 0000000000000006 RSI: 00007ffd426fafda RDI: 000000000000001b
[ 7988.475004] RBP: 00007ffd426fafda R08: 0000000000000000 R09: 0000000000000000
[ 7988.475629] R10: 0000000000000000 R11: 0000000000000202 R12: 0000000000000006
[ 7988.476333] R13: 00005afce710a3c0 R14: 0000732b157efe80 R15: 00000000fffffff7
[ 7988.477126]  </TASK>
[ 8012.344902] watchdog: BUG: soft lockup - CPU#0 stuck for 585s! [bench_ycsb:50138]
[ 8012.344908] Modules linked in: nd_pmem nd_btt dax_pmem kmem device_dax sunrpc binfmt_misc cfg80211 8021q garp ppdev mrp stp llc snd_pcm joydev iTCO_wdt intel_pmc_bxt iTCO_vendor_support snd_timer snd psmouse vga16fb soundcore i2c_i801 vgastate i2c_mux pcspkr sha1_ssse3 parport_pc i2c_smbus lpc_ich parport bochs input_leds serio_raw mac_hid sch_fq_codel efi_pstore nfnetlink vsock_loopback vmw_vsock_virtio_transport_common vmw_vsock_vmci_transport vsock vmw_vmci dmi_sysfs qemu_fw_cfg ip_tables x_tables autofs4
[ 8012.345104] CPU: 0 UID: 0 PID: 50138 Comm: bench_ycsb Tainted: G             L      6.16.0-rc7+ #3 PREEMPT(voluntary) 
[ 8012.345107] Tainted: [L]=SOFTLOCKUP
[ 8012.345108] Hardware name: QEMU Standard PC (Q35 + ICH9, 2009), BIOS rel-1.17.0-0-gb52ca86e094d-prebuilt.qemu.org 04/01/2014
[ 8012.345110] RIP: 0010:folio_add_file_rmap_pmd+0x161/0x190
[ 8012.345120] Code: 48 0f ba 6b 68 3f eb 84 65 ff 05 ca 9f 43 02 f0 49 0f ba 28 1f 0f 83 19 ff ff ff 65 ff 0d b7 9f 43 02 74 26 f3 90 48 8b 43 68 <a9> 00 00 00 80 75 f3 eb d5 0f 1f 44 00 00 e9 61 ff ff ff 48 89 df
[ 8012.345122] RSP: 0000:ffffc900069ffcf0 EFLAGS: 00000286
[ 8012.345124] RAX: 000000008000000b RBX: ffffea001a470000 RCX: 0000000000000000
[ 8012.345125] RDX: 0000000000000012 RSI: 0000000000000000 RDI: ffffea001a470000
[ 8012.345126] RBP: ffffc900069ffd00 R08: ffffea001a470068 R09: 0000000000000000
[ 8012.345126] R10: ffff88811bd3f500 R11: 0000000000000000 R12: ffff88811bd3f500
[ 8012.345127] R13: ffffc900069ffde8 R14: ffffea00050ddf28 R15: 0000000000000001
[ 8012.345128] FS:  00007fe17959fd40(0000) GS:ffff8882f4059000(0000) knlGS:0000000000000000
[ 8012.345129] CS:  0010 DS: 0000 ES: 0000 CR0: 0000000080050033
[ 8012.345130] CR2: 00000001016003a0 CR3: 0000000101cc4000 CR4: 00000000000406f0
[ 8012.345134] Call Trace:
[ 8012.345136]  <TASK>
[ 8012.345141]  vmf_insert_folio_pmd+0x15b/0x1e0
[ 8012.345148]  dev_dax_huge_fault+0x33c/0x4a0 [device_dax]
[ 8012.345151]  __handle_mm_fault+0x7cf/0x1020
[ 8012.345155]  ? sched_tick+0xfd/0x280
[ 8012.345162]  handle_mm_fault+0xe7/0x2f0
[ 8012.345163]  do_user_addr_fault+0x22b/0x6c0
[ 8012.345168]  exc_page_fault+0x7c/0x1a0
[ 8012.345174]  asm_exc_page_fault+0x27/0x30
[ 8012.345177] RIP: 0033:0x3399d4
[ 8012.345185] Code: 7d f8 48 8b 7d f8 e8 ab 01 00 00 48 83 c4 10 5d c3 cc cc cc cc cc 55 48 89 e5 48 89 7d f8 48 89 75 f0 48 8b 45 f8 48 8b 4d f0 <48> 89 08 5d c3 cc cc cc cc cc cc cc 55 48 89 e5 48 83 ec 10 48 89
[ 8012.345186] RSP: 002b:00007fff124843a0 EFLAGS: 00010202
[ 8012.345186] RAX: 00000001016003a0 RBX: 00007fe17744e008 RCX: 0000000000000000
[ 8012.345187] RDX: 0000000000000009 RSI: 0000000000000000 RDI: 00000001016003a0
[ 8012.345188] RBP: 00007fff124843a0 R08: 0000000000000000 R09: 00007fe17743b6c0
[ 8012.345453] R10: 00007fe17743b6f0 R11: 00007fe1772e33f4 R12: 0000000000000000
[ 8012.345454] R13: 00007fff126e01a0 R14: 00007fff12484960 R15: 00000000005c0f08
[ 8012.345456]  </TASK>
[ 8040.344891] watchdog: BUG: soft lockup - CPU#0 stuck for 611s! [bench_ycsb:50138]
[ 8040.344897] Modules linked in: nd_pmem nd_btt dax_pmem kmem device_dax sunrpc binfmt_misc cfg80211 8021q garp ppdev mrp stp llc snd_pcm joydev iTCO_wdt intel_pmc_bxt iTCO_vendor_support snd_timer snd psmouse vga16fb soundcore i2c_i801 vgastate i2c_mux pcspkr sha1_ssse3 parport_pc i2c_smbus lpc_ich parport bochs input_leds serio_raw mac_hid sch_fq_codel efi_pstore nfnetlink vsock_loopback vmw_vsock_virtio_transport_common vmw_vsock_vmci_transport vsock vmw_vmci dmi_sysfs qemu_fw_cfg ip_tables x_tables autofs4
[ 8040.345107] CPU: 0 UID: 0 PID: 50138 Comm: bench_ycsb Tainted: G             L      6.16.0-rc7+ #3 PREEMPT(voluntary) 
[ 8040.345110] Tainted: [L]=SOFTLOCKUP
[ 8040.345111] Hardware name: QEMU Standard PC (Q35 + ICH9, 2009), BIOS rel-1.17.0-0-gb52ca86e094d-prebuilt.qemu.org 04/01/2014
[ 8040.345114] RIP: 0010:folio_add_file_rmap_pmd+0x161/0x190
[ 8040.345124] Code: 48 0f ba 6b 68 3f eb 84 65 ff 05 ca 9f 43 02 f0 49 0f ba 28 1f 0f 83 19 ff ff ff 65 ff 0d b7 9f 43 02 74 26 f3 90 48 8b 43 68 <a9> 00 00 00 80 75 f3 eb d5 0f 1f 44 00 00 e9 61 ff ff ff 48 89 df
[ 8040.345125] RSP: 0000:ffffc900069ffcf0 EFLAGS: 00000286
[ 8040.345127] RAX: 000000008000000b RBX: ffffea001a470000 RCX: 0000000000000000
[ 8040.345128] RDX: 0000000000000012 RSI: 0000000000000000 RDI: ffffea001a470000
[ 8040.345129] RBP: ffffc900069ffd00 R08: ffffea001a470068 R09: 0000000000000000
[ 8040.345129] R10: ffff88811bd3f500 R11: 0000000000000000 R12: ffff88811bd3f500
[ 8040.345130] R13: ffffc900069ffde8 R14: ffffea00050ddf28 R15: 0000000000000001
[ 8040.345131] FS:  00007fe17959fd40(0000) GS:ffff8882f4059000(0000) knlGS:0000000000000000
[ 8040.345132] CS:  0010 DS: 0000 ES: 0000 CR0: 0000000080050033
[ 8040.345132] CR2: 00000001016003a0 CR3: 0000000101cc4000 CR4: 00000000000406f0
[ 8040.345136] Call Trace:
[ 8040.345138]  <TASK>
[ 8040.345144]  vmf_insert_folio_pmd+0x15b/0x1e0
[ 8040.345152]  dev_dax_huge_fault+0x33c/0x4a0 [device_dax]
[ 8040.345155]  __handle_mm_fault+0x7cf/0x1020
[ 8040.345159]  ? sched_tick+0xfd/0x280
[ 8040.345166]  handle_mm_fault+0xe7/0x2f0
[ 8040.345168]  do_user_addr_fault+0x22b/0x6c0
[ 8040.345172]  exc_page_fault+0x7c/0x1a0
[ 8040.345179]  asm_exc_page_fault+0x27/0x30
[ 8040.345182] RIP: 0033:0x3399d4
[ 8040.345185] Code: 7d f8 48 8b 7d f8 e8 ab 01 00 00 48 83 c4 10 5d c3 cc cc cc cc cc 55 48 89 e5 48 89 7d f8 48 89 75 f0 48 8b 45 f8 48 8b 4d f0 <48> 89 08 5d c3 cc cc cc cc cc cc cc 55 48 89 e5 48 83 ec 10 48 89
[ 8040.345186] RSP: 002b:00007fff124843a0 EFLAGS: 00010202
[ 8040.345187] RAX: 00000001016003a0 RBX: 00007fe17744e008 RCX: 0000000000000000
[ 8040.345188] RDX: 0000000000000009 RSI: 0000000000000000 RDI: 00000001016003a0
[ 8040.345188] RBP: 00007fff124843a0 R08: 0000000000000000 R09: 00007fe17743b6c0
[ 8040.345189] R10: 00007fe17743b6f0 R11: 00007fe1772e33f4 R12: 0000000000000000
[ 8040.345189] R13: 00007fff126e01a0 R14: 00007fff12484960 R15: 00000000005c0f08
[ 8040.345204]  </TASK>
[ 8068.344891] watchdog: BUG: soft lockup - CPU#0 stuck for 637s! [bench_ycsb:50138]
[ 8068.344897] Modules linked in: nd_pmem nd_btt dax_pmem kmem device_dax sunrpc binfmt_misc cfg80211 8021q garp ppdev mrp stp llc snd_pcm joydev iTCO_wdt intel_pmc_bxt iTCO_vendor_support snd_timer snd psmouse vga16fb soundcore i2c_i801 vgastate i2c_mux pcspkr sha1_ssse3 parport_pc i2c_smbus lpc_ich parport bochs input_leds serio_raw mac_hid sch_fq_codel efi_pstore nfnetlink vsock_loopback vmw_vsock_virtio_transport_common vmw_vsock_vmci_transport vsock vmw_vmci dmi_sysfs qemu_fw_cfg ip_tables x_tables autofs4
[ 8068.344937] CPU: 0 UID: 0 PID: 50138 Comm: bench_ycsb Tainted: G             L      6.16.0-rc7+ #3 PREEMPT(voluntary) 
[ 8068.344939] Tainted: [L]=SOFTLOCKUP
[ 8068.344940] Hardware name: QEMU Standard PC (Q35 + ICH9, 2009), BIOS rel-1.17.0-0-gb52ca86e094d-prebuilt.qemu.org 04/01/2014
[ 8068.344943] RIP: 0010:folio_add_file_rmap_pmd+0x161/0x190
[ 8068.344954] Code: 48 0f ba 6b 68 3f eb 84 65 ff 05 ca 9f 43 02 f0 49 0f ba 28 1f 0f 83 19 ff ff ff 65 ff 0d b7 9f 43 02 74 26 f3 90 48 8b 43 68 <a9> 00 00 00 80 75 f3 eb d5 0f 1f 44 00 00 e9 61 ff ff ff 48 89 df
[ 8068.344955] RSP: 0000:ffffc900069ffcf0 EFLAGS: 00000286
[ 8068.344957] RAX: 000000008000000b RBX: ffffea001a470000 RCX: 0000000000000000
[ 8068.344983] RDX: 0000000000000012 RSI: 0000000000000000 RDI: ffffea001a470000
[ 8068.344984] RBP: ffffc900069ffd00 R08: ffffea001a470068 R09: 0000000000000000
[ 8068.344984] R10: ffff88811bd3f500 R11: 0000000000000000 R12: ffff88811bd3f500
[ 8068.344985] R13: ffffc900069ffde8 R14: ffffea00050ddf28 R15: 0000000000000001
[ 8068.344993] FS:  00007fe17959fd40(0000) GS:ffff8882f4059000(0000) knlGS:0000000000000000
[ 8068.344994] CS:  0010 DS: 0000 ES: 0000 CR0: 0000000080050033
[ 8068.344994] CR2: 00000001016003a0 CR3: 0000000101cc4000 CR4: 00000000000406f0
[ 8068.344998] Call Trace:
[ 8068.345000]  <TASK>
[ 8068.345005]  vmf_insert_folio_pmd+0x15b/0x1e0
[ 8068.345013]  dev_dax_huge_fault+0x33c/0x4a0 [device_dax]
[ 8068.345016]  __handle_mm_fault+0x7cf/0x1020
[ 8068.345019]  ? sched_tick+0xfd/0x280
[ 8068.345027]  handle_mm_fault+0xe7/0x2f0
[ 8068.345028]  do_user_addr_fault+0x22b/0x6c0
[ 8068.345033]  exc_page_fault+0x7c/0x1a0
[ 8068.345040]  asm_exc_page_fault+0x27/0x30
[ 8068.345043] RIP: 0033:0x3399d4
[ 8068.345046] Code: 7d f8 48 8b 7d f8 e8 ab 01 00 00 48 83 c4 10 5d c3 cc cc cc cc cc 55 48 89 e5 48 89 7d f8 48 89 75 f0 48 8b 45 f8 48 8b 4d f0 <48> 89 08 5d c3 cc cc cc cc cc cc cc 55 48 89 e5 48 83 ec 10 48 89
[ 8068.345047] RSP: 002b:00007fff124843a0 EFLAGS: 00010202
[ 8068.345048] RAX: 00000001016003a0 RBX: 00007fe17744e008 RCX: 0000000000000000
[ 8068.345048] RDX: 0000000000000009 RSI: 0000000000000000 RDI: 00000001016003a0
[ 8068.345049] RBP: 00007fff124843a0 R08: 0000000000000000 R09: 00007fe17743b6c0
[ 8068.345049] R10: 00007fe17743b6f0 R11: 00007fe1772e33f4 R12: 0000000000000000
[ 8068.345050] R13: 00007fff126e01a0 R14: 00007fff12484960 R15: 00000000005c0f08
[ 8068.345052]  </TASK>
[ 8096.344913] watchdog: BUG: soft lockup - CPU#0 stuck for 663s! [bench_ycsb:50138]
[ 8096.344924] Modules linked in: nd_pmem nd_btt dax_pmem kmem device_dax sunrpc binfmt_misc cfg80211 8021q garp ppdev mrp stp llc snd_pcm joydev iTCO_wdt intel_pmc_bxt iTCO_vendor_support snd_timer snd psmouse vga16fb soundcore i2c_i801 vgastate i2c_mux pcspkr sha1_ssse3 parport_pc i2c_smbus lpc_ich parport bochs input_leds serio_raw mac_hid sch_fq_codel efi_pstore nfnetlink vsock_loopback vmw_vsock_virtio_transport_common vmw_vsock_vmci_transport vsock vmw_vmci dmi_sysfs qemu_fw_cfg ip_tables x_tables autofs4
[ 8096.344964] CPU: 0 UID: 0 PID: 50138 Comm: bench_ycsb Tainted: G             L      6.16.0-rc7+ #3 PREEMPT(voluntary) 
[ 8096.344967] Tainted: [L]=SOFTLOCKUP
[ 8096.344968] Hardware name: QEMU Standard PC (Q35 + ICH9, 2009), BIOS rel-1.17.0-0-gb52ca86e094d-prebuilt.qemu.org 04/01/2014
[ 8096.344970] RIP: 0010:folio_add_file_rmap_pmd+0x161/0x190
[ 8096.344981] Code: 48 0f ba 6b 68 3f eb 84 65 ff 05 ca 9f 43 02 f0 49 0f ba 28 1f 0f 83 19 ff ff ff 65 ff 0d b7 9f 43 02 74 26 f3 90 48 8b 43 68 <a9> 00 00 00 80 75 f3 eb d5 0f 1f 44 00 00 e9 61 ff ff ff 48 89 df
[ 8096.344983] RSP: 0000:ffffc900069ffcf0 EFLAGS: 00000286
[ 8096.344985] RAX: 000000008000000b RBX: ffffea001a470000 RCX: 0000000000000000
[ 8096.344985] RDX: 0000000000000012 RSI: 0000000000000000 RDI: ffffea001a470000
[ 8096.344986] RBP: ffffc900069ffd00 R08: ffffea001a470068 R09: 0000000000000000
[ 8096.344987] R10: ffff88811bd3f500 R11: 0000000000000000 R12: ffff88811bd3f500
[ 8096.344987] R13: ffffc900069ffde8 R14: ffffea00050ddf28 R15: 0000000000000001
[ 8096.344988] FS:  00007fe17959fd40(0000) GS:ffff8882f4059000(0000) knlGS:0000000000000000
[ 8096.344989] CS:  0010 DS: 0000 ES: 0000 CR0: 0000000080050033
[ 8096.344990] CR2: 00000001016003a0 CR3: 0000000101cc4000 CR4: 00000000000406f0
[ 8096.344994] Call Trace:
[ 8096.344996]  <TASK>
[ 8096.345001]  vmf_insert_folio_pmd+0x15b/0x1e0
[ 8096.345010]  dev_dax_huge_fault+0x33c/0x4a0 [device_dax]
[ 8096.345315]  __handle_mm_fault+0x7cf/0x1020
[ 8096.345318]  ? sched_tick+0xfd/0x280
[ 8096.345326]  handle_mm_fault+0xe7/0x2f0
[ 8096.345327]  do_user_addr_fault+0x22b/0x6c0
[ 8096.345332]  exc_page_fault+0x7c/0x1a0
[ 8096.345338]  asm_exc_page_fault+0x27/0x30
[ 8096.345341] RIP: 0033:0x3399d4
[ 8096.345344] Code: 7d f8 48 8b 7d f8 e8 ab 01 00 00 48 83 c4 10 5d c3 cc cc cc cc cc 55 48 89 e5 48 89 7d f8 48 89 75 f0 48 8b 45 f8 48 8b 4d f0 <48> 89 08 5d c3 cc cc cc cc cc cc cc 55 48 89 e5 48 83 ec 10 48 89
[ 8096.345345] RSP: 002b:00007fff124843a0 EFLAGS: 00010202
[ 8096.345346] RAX: 00000001016003a0 RBX: 00007fe17744e008 RCX: 0000000000000000
[ 8096.345346] RDX: 0000000000000009 RSI: 0000000000000000 RDI: 00000001016003a0
[ 8096.345354] RBP: 00007fff124843a0 R08: 0000000000000000 R09: 00007fe17743b6c0
[ 8096.345355] R10: 00007fe17743b6f0 R11: 00007fe1772e33f4 R12: 0000000000000000
[ 8096.345355] R13: 00007fff126e01a0 R14: 00007fff12484960 R15: 00000000005c0f08
[ 8096.345358]  </TASK>
[ 8111.260564] INFO: task systemd:1 blocked for more than 614 seconds.
[ 8111.263354]       Tainted: G             L      6.16.0-rc7+ #3
[ 8111.265996] "echo 0 > /proc/sys/kernel/hung_task_timeout_secs" disables this message.
[ 8111.269442] task:systemd         state:D stack:0     pid:1     tgid:1     ppid:0      task_flags:0x400100 flags:0x00004002
[ 8111.274030] Call Trace:
[ 8111.275123]  <TASK>
[ 8111.276111]  __schedule+0x41b/0x1700
[ 8111.277684]  ? security_inode_alloc+0x21/0x180
[ 8111.279608]  schedule+0x27/0xf0
[ 8111.281010]  schedule_timeout+0xbe/0x100
[ 8111.282597]  ? __memcg_slab_post_alloc_hook+0x1ba/0x3f0
[ 8111.283157]  __wait_for_common+0x7c/0x1a0
[ 8111.283545]  ? __pfx_schedule_timeout+0x10/0x10
[ 8111.283996]  wait_for_completion_state+0x21/0x50
[ 8111.284441]  __wait_rcu_gp+0x192/0x1a0
[ 8111.284843]  synchronize_rcu_normal.part.0+0x3c/0x70
[ 8111.285346]  ? __pfx_call_rcu_hurry+0x10/0x10
[ 8111.285786]  ? __pfx_wakeme_after_rcu+0x10/0x10
[ 8111.286260]  synchronize_rcu_normal+0xa5/0xb0
[ 8111.286710]  ? mntput+0x24/0x50
[ 8111.287055]  ? terminate_walk+0xf3/0x100
[ 8111.287442]  ? path_openat+0x4ea/0x12e0
[ 8111.287807]  synchronize_rcu+0xf8/0x120
[ 8111.288252]  rcu_sync_enter+0x54/0x100
[ 8111.288615]  ? _kstrtoull+0x38/0x90
[ 8111.288947]  percpu_down_write+0x24/0x200
[ 8111.289312]  cgroup_procs_write_start+0x10a/0x180
[ 8111.289739]  __cgroup_procs_write+0x58/0x180
[ 8111.290167]  cgroup_procs_write+0x17/0x30
[ 8111.290551]  cgroup_file_write+0x8b/0x1e0
[ 8111.290915]  ? __check_object_size+0x217/0x240
[ 8111.291342]  kernfs_fop_write_iter+0x154/0x200
[ 8111.292194]  vfs_write+0x229/0x460
[ 8111.292490]  ksys_write+0x69/0xe0
[ 8111.292810]  __x64_sys_write+0x19/0x30
[ 8111.293165]  x64_sys_call+0x29a/0x2320
[ 8111.293499]  do_syscall_64+0x83/0x2f0
[ 8111.293826]  ? x64_sys_call+0x1197/0x2320
[ 8111.294196]  ? do_syscall_64+0xbc/0x2f0
[ 8111.294530]  ? mntput_no_expire+0x4c/0x280
[ 8111.294918]  ? mntput+0x24/0x50
[ 8111.295221]  ? terminate_walk+0xf3/0x100
[ 8111.295594]  ? path_openat+0x4ea/0x12e0
[ 8111.295975]  ? do_filp_open+0xc3/0x180
[ 8111.296298]  ? vfs_read+0xbf/0x360
[ 8111.296620]  ? __check_object_size+0x217/0x240
[ 8111.297035]  ? kmem_cache_alloc_noprof+0x129/0x410
[ 8111.297455]  ? strncpy_from_user+0x2f/0x130
[ 8111.297848]  ? putname+0x78/0xb0
[ 8111.298148]  ? do_sys_openat2+0x8a/0xd0
[ 8111.298495]  ? __x64_sys_openat+0x5f/0xa0
[ 8111.298850]  ? x64_sys_call+0x19cc/0x2320
[ 8111.299236]  ? do_syscall_64+0xbc/0x2f0
[ 8111.299586]  ? exc_page_fault+0x8d/0x1a0
[ 8111.299930]  entry_SYSCALL_64_after_hwframe+0x76/0x7e
[ 8111.300428] RIP: 0033:0x732b15699687
[ 8111.300772] RSP: 002b:00007ffd426fada0 EFLAGS: 00000202 ORIG_RAX: 0000000000000001
[ 8111.301435] RAX: ffffffffffffffda RBX: 0000732b16058e00 RCX: 0000732b15699687
[ 8111.302077] RDX: 0000000000000006 RSI: 00007ffd426fafda RDI: 000000000000001b
[ 8111.302707] RBP: 00007ffd426fafda R08: 0000000000000000 R09: 0000000000000000
[ 8111.303334] R10: 0000000000000000 R11: 0000000000000202 R12: 0000000000000006
[ 8111.303952] R13: 00005afce710a3c0 R14: 0000732b157efe80 R15: 00000000fffffff7
[ 8111.304605]  </TASK>
[ 8111.304851] INFO: task kworker/2:0:33464 blocked for more than 491 seconds.
[ 8111.305445]       Tainted: G             L      6.16.0-rc7+ #3
[ 8111.305952] "echo 0 > /proc/sys/kernel/hung_task_timeout_secs" disables this message.
[ 8111.306690] task:kworker/2:0     state:D stack:0     pid:33464 tgid:33464 ppid:2      task_flags:0x4208060 flags:0x00004000
[ 8111.307671] Workqueue: cgroup_destroy css_release_work_fn
[ 8111.308184] Call Trace:
[ 8111.308403]  <TASK>
[ 8111.308599]  __schedule+0x41b/0x1700
[ 8111.308927]  ? sched_clock_noinstr+0x9/0x10
[ 8111.309299]  ? sched_clock+0x10/0x30
[ 8111.309635]  ? sched_clock_cpu+0xf/0x260
[ 8111.310008]  ? raw_spin_rq_lock_nested+0x1d/0x90
[ 8111.310435]  schedule+0x27/0xf0
[ 8111.310745]  schedule_preempt_disabled+0x15/0x30
[ 8111.311212]  __mutex_lock.constprop.0+0x4ce/0x9c0
[ 8111.311645]  ? __schedule+0x423/0x1700
[ 8111.312015]  __mutex_lock_slowpath+0x13/0x20
[ 8111.312410]  mutex_lock+0x3b/0x50
[ 8111.312717]  css_release_work_fn+0x2d/0x2b0
[ 8111.313119]  process_one_work+0x18a/0x370
[ 8111.313457]  worker_thread+0x347/0x480
[ 8111.313841]  ? __pfx_worker_thread+0x10/0x10
[ 8111.314238]  kthread+0x10b/0x220
[ 8111.314529]  ? __pfx_kthread+0x10/0x10
[ 8111.314848]  ret_from_fork+0x1a1/0x1d0
[ 8111.315221]  ? __pfx_kthread+0x10/0x10
[ 8111.315551]  ret_from_fork_asm+0x1a/0x30
[ 8111.315907]  </TASK>
[ 8111.316107] INFO: task kworker/2:0:33464 is blocked on a mutex likely owned by task systemd:1.
[ 8111.316870] task:systemd         state:D stack:0     pid:1     tgid:1     ppid:0      task_flags:0x400100 flags:0x00004002
[ 8111.317846] Call Trace:
[ 8111.318087]  <TASK>
[ 8111.318276]  __schedule+0x41b/0x1700
[ 8111.318603]  ? security_inode_alloc+0x21/0x180
[ 8111.319029]  schedule+0x27/0xf0
[ 8111.319309]  schedule_timeout+0xbe/0x100
[ 8111.319673]  ? __memcg_slab_post_alloc_hook+0x1ba/0x3f0
[ 8111.320219]  __wait_for_common+0x7c/0x1a0
[ 8111.320591]  ? __pfx_schedule_timeout+0x10/0x10
[ 8111.321062]  wait_for_completion_state+0x21/0x50
[ 8111.321480]  __wait_rcu_gp+0x192/0x1a0
[ 8111.321849]  synchronize_rcu_normal.part.0+0x3c/0x70
[ 8111.322306]  ? __pfx_call_rcu_hurry+0x10/0x10
[ 8111.322721]  ? __pfx_wakeme_after_rcu+0x10/0x10
[ 8111.323137]  synchronize_rcu_normal+0xa5/0xb0
[ 8111.323534]  ? mntput+0x24/0x50
[ 8111.323826]  ? terminate_walk+0xf3/0x100
[ 8111.324201]  ? path_openat+0x4ea/0x12e0
[ 8111.324560]  synchronize_rcu+0xf8/0x120
[ 8111.325065]  rcu_sync_enter+0x54/0x100
[ 8111.325478]  ? _kstrtoull+0x38/0x90
[ 8111.325799]  percpu_down_write+0x24/0x200
[ 8111.326156]  cgroup_procs_write_start+0x10a/0x180
[ 8111.326563]  __cgroup_procs_write+0x58/0x180
[ 8111.326949]  cgroup_procs_write+0x17/0x30
[ 8111.327297]  cgroup_file_write+0x8b/0x1e0
[ 8111.327675]  ? __check_object_size+0x217/0x240
[ 8111.328083]  kernfs_fop_write_iter+0x154/0x200
[ 8111.328491]  vfs_write+0x229/0x460
[ 8111.328817]  ksys_write+0x69/0xe0
[ 8111.329170]  __x64_sys_write+0x19/0x30
[ 8111.329489]  x64_sys_call+0x29a/0x2320
[ 8111.329841]  do_syscall_64+0x83/0x2f0
[ 8111.330181]  ? x64_sys_call+0x1197/0x2320
[ 8111.330528]  ? do_syscall_64+0xbc/0x2f0
[ 8111.330890]  ? mntput_no_expire+0x4c/0x280
[ 8111.331257]  ? mntput+0x24/0x50
[ 8111.331577]  ? terminate_walk+0xf3/0x100
[ 8111.331932]  ? path_openat+0x4ea/0x12e0
[ 8111.332275]  ? do_filp_open+0xc3/0x180
[ 8111.332639]  ? vfs_read+0xbf/0x360
[ 8111.332954]  ? __check_object_size+0x217/0x240
[ 8111.333364]  ? kmem_cache_alloc_noprof+0x129/0x410
[ 8111.333794]  ? strncpy_from_user+0x2f/0x130
[ 8111.334203]  ? putname+0x78/0xb0
[ 8111.334499]  ? do_sys_openat2+0x8a/0xd0
[ 8111.334849]  ? __x64_sys_openat+0x5f/0xa0
[ 8111.335226]  ? x64_sys_call+0x19cc/0x2320
[ 8111.335617]  ? do_syscall_64+0xbc/0x2f0
[ 8111.335945]  ? exc_page_fault+0x8d/0x1a0
[ 8111.336285]  entry_SYSCALL_64_after_hwframe+0x76/0x7e
[ 8111.336727] RIP: 0033:0x732b15699687
[ 8111.337073] RSP: 002b:00007ffd426fada0 EFLAGS: 00000202 ORIG_RAX: 0000000000000001
[ 8111.337749] RAX: ffffffffffffffda RBX: 0000732b16058e00 RCX: 0000732b15699687
[ 8111.338377] RDX: 0000000000000006 RSI: 00007ffd426fafda RDI: 000000000000001b
[ 8111.339063] RBP: 00007ffd426fafda R08: 0000000000000000 R09: 0000000000000000
[ 8111.339694] R10: 0000000000000000 R11: 0000000000000202 R12: 0000000000000006
[ 8111.340323] R13: 00005afce710a3c0 R14: 0000732b157efe80 R15: 00000000fffffff7
[ 8111.340940]  </TASK>
[ 8124.344893] watchdog: BUG: soft lockup - CPU#0 stuck for 689s! [bench_ycsb:50138]
[ 8124.344898] Modules linked in: nd_pmem nd_btt dax_pmem kmem device_dax sunrpc binfmt_misc cfg80211 8021q garp ppdev mrp stp llc snd_pcm joydev iTCO_wdt intel_pmc_bxt iTCO_vendor_support snd_timer snd psmouse vga16fb soundcore i2c_i801 vgastate i2c_mux pcspkr sha1_ssse3 parport_pc i2c_smbus lpc_ich parport bochs input_leds serio_raw mac_hid sch_fq_codel efi_pstore nfnetlink vsock_loopback vmw_vsock_virtio_transport_common vmw_vsock_vmci_transport vsock vmw_vmci dmi_sysfs qemu_fw_cfg ip_tables x_tables autofs4
[ 8124.345175] CPU: 0 UID: 0 PID: 50138 Comm: bench_ycsb Tainted: G             L      6.16.0-rc7+ #3 PREEMPT(voluntary) 
[ 8124.345178] Tainted: [L]=SOFTLOCKUP
[ 8124.345179] Hardware name: QEMU Standard PC (Q35 + ICH9, 2009), BIOS rel-1.17.0-0-gb52ca86e094d-prebuilt.qemu.org 04/01/2014
[ 8124.345181] RIP: 0010:folio_add_file_rmap_pmd+0x161/0x190
[ 8124.345192] Code: 48 0f ba 6b 68 3f eb 84 65 ff 05 ca 9f 43 02 f0 49 0f ba 28 1f 0f 83 19 ff ff ff 65 ff 0d b7 9f 43 02 74 26 f3 90 48 8b 43 68 <a9> 00 00 00 80 75 f3 eb d5 0f 1f 44 00 00 e9 61 ff ff ff 48 89 df
[ 8124.345193] RSP: 0000:ffffc900069ffcf0 EFLAGS: 00000286
[ 8124.345195] RAX: 000000008000000b RBX: ffffea001a470000 RCX: 0000000000000000
[ 8124.345196] RDX: 0000000000000012 RSI: 0000000000000000 RDI: ffffea001a470000
[ 8124.345196] RBP: ffffc900069ffd00 R08: ffffea001a470068 R09: 0000000000000000
[ 8124.345197] R10: ffff88811bd3f500 R11: 0000000000000000 R12: ffff88811bd3f500
[ 8124.345197] R13: ffffc900069ffde8 R14: ffffea00050ddf28 R15: 0000000000000001
[ 8124.345198] FS:  00007fe17959fd40(0000) GS:ffff8882f4059000(0000) knlGS:0000000000000000
[ 8124.345199] CS:  0010 DS: 0000 ES: 0000 CR0: 0000000080050033
[ 8124.345200] CR2: 00000001016003a0 CR3: 0000000101cc4000 CR4: 00000000000406f0
[ 8124.345204] Call Trace:
[ 8124.345207]  <TASK>
[ 8124.345212]  vmf_insert_folio_pmd+0x15b/0x1e0
[ 8124.345219]  dev_dax_huge_fault+0x33c/0x4a0 [device_dax]
[ 8124.345231]  __handle_mm_fault+0x7cf/0x1020
[ 8124.345234]  ? sched_tick+0xfd/0x280
[ 8124.345241]  handle_mm_fault+0xe7/0x2f0
[ 8124.345243]  do_user_addr_fault+0x22b/0x6c0
[ 8124.345247]  exc_page_fault+0x7c/0x1a0
[ 8124.345254]  asm_exc_page_fault+0x27/0x30
[ 8124.345258] RIP: 0033:0x3399d4
[ 8124.345261] Code: 7d f8 48 8b 7d f8 e8 ab 01 00 00 48 83 c4 10 5d c3 cc cc cc cc cc 55 48 89 e5 48 89 7d f8 48 89 75 f0 48 8b 45 f8 48 8b 4d f0 <48> 89 08 5d c3 cc cc cc cc cc cc cc 55 48 89 e5 48 83 ec 10 48 89
[ 8124.345262] RSP: 002b:00007fff124843a0 EFLAGS: 00010202
[ 8124.345263] RAX: 00000001016003a0 RBX: 00007fe17744e008 RCX: 0000000000000000
[ 8124.345263] RDX: 0000000000000009 RSI: 0000000000000000 RDI: 00000001016003a0
[ 8124.345264] RBP: 00007fff124843a0 R08: 0000000000000000 R09: 00007fe17743b6c0
[ 8124.345264] R10: 00007fe17743b6f0 R11: 00007fe1772e33f4 R12: 0000000000000000
[ 8124.345265] R13: 00007fff126e01a0 R14: 00007fff12484960 R15: 00000000005c0f08
[ 8124.345267]  </TASK>
[ 8152.344893] watchdog: BUG: soft lockup - CPU#0 stuck for 715s! [bench_ycsb:50138]
[ 8152.344899] Modules linked in: nd_pmem nd_btt dax_pmem kmem device_dax sunrpc binfmt_misc cfg80211 8021q garp ppdev mrp stp llc snd_pcm joydev iTCO_wdt intel_pmc_bxt iTCO_vendor_support snd_timer snd psmouse vga16fb soundcore i2c_i801 vgastate i2c_mux pcspkr sha1_ssse3 parport_pc i2c_smbus lpc_ich parport bochs input_leds serio_raw mac_hid sch_fq_codel efi_pstore nfnetlink vsock_loopback vmw_vsock_virtio_transport_common vmw_vsock_vmci_transport vsock vmw_vmci dmi_sysfs qemu_fw_cfg ip_tables x_tables autofs4
[ 8152.344942] CPU: 0 UID: 0 PID: 50138 Comm: bench_ycsb Tainted: G             L      6.16.0-rc7+ #3 PREEMPT(voluntary) 
[ 8152.344945] Tainted: [L]=SOFTLOCKUP
[ 8152.344946] Hardware name: QEMU Standard PC (Q35 + ICH9, 2009), BIOS rel-1.17.0-0-gb52ca86e094d-prebuilt.qemu.org 04/01/2014
[ 8152.344948] RIP: 0010:folio_add_file_rmap_pmd+0x161/0x190
[ 8152.344960] Code: 48 0f ba 6b 68 3f eb 84 65 ff 05 ca 9f 43 02 f0 49 0f ba 28 1f 0f 83 19 ff ff ff 65 ff 0d b7 9f 43 02 74 26 f3 90 48 8b 43 68 <a9> 00 00 00 80 75 f3 eb d5 0f 1f 44 00 00 e9 61 ff ff ff 48 89 df
[ 8152.344961] RSP: 0000:ffffc900069ffcf0 EFLAGS: 00000286
[ 8152.344963] RAX: 000000008000000b RBX: ffffea001a470000 RCX: 0000000000000000
[ 8152.344964] RDX: 0000000000000012 RSI: 0000000000000000 RDI: ffffea001a470000
[ 8152.344965] RBP: ffffc900069ffd00 R08: ffffea001a470068 R09: 0000000000000000
[ 8152.344965] R10: ffff88811bd3f500 R11: 0000000000000000 R12: ffff88811bd3f500
[ 8152.344966] R13: ffffc900069ffde8 R14: ffffea00050ddf28 R15: 0000000000000001
[ 8152.345101] FS:  00007fe17959fd40(0000) GS:ffff8882f4059000(0000) knlGS:0000000000000000
[ 8152.345102] CS:  0010 DS: 0000 ES: 0000 CR0: 0000000080050033
[ 8152.345103] CR2: 00000001016003a0 CR3: 0000000101cc4000 CR4: 00000000000406f0
[ 8152.345107] Call Trace:
[ 8152.345110]  <TASK>
[ 8152.345116]  vmf_insert_folio_pmd+0x15b/0x1e0
[ 8152.345125]  dev_dax_huge_fault+0x33c/0x4a0 [device_dax]
[ 8152.345127]  __handle_mm_fault+0x7cf/0x1020
[ 8152.345131]  ? sched_tick+0xfd/0x280
[ 8152.345138]  handle_mm_fault+0xe7/0x2f0
[ 8152.345140]  do_user_addr_fault+0x22b/0x6c0
[ 8152.345144]  exc_page_fault+0x7c/0x1a0
[ 8152.345151]  asm_exc_page_fault+0x27/0x30
[ 8152.345154] RIP: 0033:0x3399d4
[ 8152.345158] Code: 7d f8 48 8b 7d f8 e8 ab 01 00 00 48 83 c4 10 5d c3 cc cc cc cc cc 55 48 89 e5 48 89 7d f8 48 89 75 f0 48 8b 45 f8 48 8b 4d f0 <48> 89 08 5d c3 cc cc cc cc cc cc cc 55 48 89 e5 48 83 ec 10 48 89
[ 8152.345159] RSP: 002b:00007fff124843a0 EFLAGS: 00010202
[ 8152.345160] RAX: 00000001016003a0 RBX: 00007fe17744e008 RCX: 0000000000000000
[ 8152.345160] RDX: 0000000000000009 RSI: 0000000000000000 RDI: 00000001016003a0
[ 8152.345169] RBP: 00007fff124843a0 R08: 0000000000000000 R09: 00007fe17743b6c0
[ 8152.345170] R10: 00007fe17743b6f0 R11: 00007fe1772e33f4 R12: 0000000000000000
[ 8152.345170] R13: 00007fff126e01a0 R14: 00007fff12484960 R15: 00000000005c0f08
[ 8152.345173]  </TASK>
[ 8165.415512] rcu: INFO: rcu_preempt self-detected stall on CPU
[ 8165.415999] rcu: 	0-....: (779459 ticks this GP) idle=c544/1/0x4000000000000000 softirq=330499/330499 fqs=194043
[ 8165.416715] rcu: 	         hardirqs   softirqs   csw/system
[ 8165.417094] rcu: 	 number:   749634      12281            0
[ 8165.417475] rcu: 	cputime:        0          0       749368   ==> 750010(ms)
[ 8165.418016] rcu: 	(t=780012 jiffies g=639817 q=10697 ncpus=4)
[ 8165.418415] CPU: 0 UID: 0 PID: 50138 Comm: bench_ycsb Tainted: G             L      6.16.0-rc7+ #3 PREEMPT(voluntary) 
[ 8165.418418] Tainted: [L]=SOFTLOCKUP
[ 8165.418419] Hardware name: QEMU Standard PC (Q35 + ICH9, 2009), BIOS rel-1.17.0-0-gb52ca86e094d-prebuilt.qemu.org 04/01/2014
[ 8165.418422] RIP: 0010:folio_add_file_rmap_pmd+0x161/0x190
[ 8165.418431] Code: 48 0f ba 6b 68 3f eb 84 65 ff 05 ca 9f 43 02 f0 49 0f ba 28 1f 0f 83 19 ff ff ff 65 ff 0d b7 9f 43 02 74 26 f3 90 48 8b 43 68 <a9> 00 00 00 80 75 f3 eb d5 0f 1f 44 00 00 e9 61 ff ff ff 48 89 df
[ 8165.418433] RSP: 0000:ffffc900069ffcf0 EFLAGS: 00000286
[ 8165.418435] RAX: 000000008000000b RBX: ffffea001a470000 RCX: 0000000000000000
[ 8165.418436] RDX: 0000000000000012 RSI: 0000000000000000 RDI: ffffea001a470000
[ 8165.418436] RBP: ffffc900069ffd00 R08: ffffea001a470068 R09: 0000000000000000
[ 8165.418437] R10: ffff88811bd3f500 R11: 0000000000000000 R12: ffff88811bd3f500
[ 8165.418437] R13: ffffc900069ffde8 R14: ffffea00050ddf28 R15: 0000000000000001
[ 8165.418438] FS:  00007fe17959fd40(0000) GS:ffff8882f4059000(0000) knlGS:0000000000000000
[ 8165.418439] CS:  0010 DS: 0000 ES: 0000 CR0: 0000000080050033
[ 8165.418440] CR2: 00000001016003a0 CR3: 0000000101cc4000 CR4: 00000000000406f0
[ 8165.418444] Call Trace:
[ 8165.418446]  <TASK>
[ 8165.418451]  vmf_insert_folio_pmd+0x15b/0x1e0
[ 8165.418463]  dev_dax_huge_fault+0x33c/0x4a0 [device_dax]
[ 8165.418466]  __handle_mm_fault+0x7cf/0x1020
[ 8165.418469]  ? sched_tick+0xfd/0x280
[ 8165.418475]  handle_mm_fault+0xe7/0x2f0
[ 8165.418477]  do_user_addr_fault+0x22b/0x6c0
[ 8165.418481]  exc_page_fault+0x7c/0x1a0
[ 8165.418487]  asm_exc_page_fault+0x27/0x30
[ 8165.418489] RIP: 0033:0x3399d4
[ 8165.418492] Code: 7d f8 48 8b 7d f8 e8 ab 01 00 00 48 83 c4 10 5d c3 cc cc cc cc cc 55 48 89 e5 48 89 7d f8 48 89 75 f0 48 8b 45 f8 48 8b 4d f0 <48> 89 08 5d c3 cc cc cc cc cc cc cc 55 48 89 e5 48 83 ec 10 48 89
[ 8165.418493] RSP: 002b:00007fff124843a0 EFLAGS: 00010202
[ 8165.418494] RAX: 00000001016003a0 RBX: 00007fe17744e008 RCX: 0000000000000000
[ 8165.418495] RDX: 0000000000000009 RSI: 0000000000000000 RDI: 00000001016003a0
[ 8165.418495] RBP: 00007fff124843a0 R08: 0000000000000000 R09: 00007fe17743b6c0
[ 8165.418496] R10: 00007fe17743b6f0 R11: 00007fe1772e33f4 R12: 0000000000000000
[ 8165.418736] R13: 00007fff126e01a0 R14: 00007fff12484960 R15: 00000000005c0f08
[ 8165.418738]  </TASK>
[ 8192.344891] watchdog: BUG: soft lockup - CPU#0 stuck for 752s! [bench_ycsb:50138]
[ 8192.344897] Modules linked in: nd_pmem nd_btt dax_pmem kmem device_dax sunrpc binfmt_misc cfg80211 8021q garp ppdev mrp stp llc snd_pcm joydev iTCO_wdt intel_pmc_bxt iTCO_vendor_support snd_timer snd psmouse vga16fb soundcore i2c_i801 vgastate i2c_mux pcspkr sha1_ssse3 parport_pc i2c_smbus lpc_ich parport bochs input_leds serio_raw mac_hid sch_fq_codel efi_pstore nfnetlink vsock_loopback vmw_vsock_virtio_transport_common vmw_vsock_vmci_transport vsock vmw_vmci dmi_sysfs qemu_fw_cfg ip_tables x_tables autofs4
[ 8192.344936] CPU: 0 UID: 0 PID: 50138 Comm: bench_ycsb Tainted: G             L      6.16.0-rc7+ #3 PREEMPT(voluntary) 
[ 8192.344938] Tainted: [L]=SOFTLOCKUP
[ 8192.345238] Hardware name: QEMU Standard PC (Q35 + ICH9, 2009), BIOS rel-1.17.0-0-gb52ca86e094d-prebuilt.qemu.org 04/01/2014
[ 8192.345240] RIP: 0010:folio_add_file_rmap_pmd+0x161/0x190
[ 8192.345252] Code: 48 0f ba 6b 68 3f eb 84 65 ff 05 ca 9f 43 02 f0 49 0f ba 28 1f 0f 83 19 ff ff ff 65 ff 0d b7 9f 43 02 74 26 f3 90 48 8b 43 68 <a9> 00 00 00 80 75 f3 eb d5 0f 1f 44 00 00 e9 61 ff ff ff 48 89 df
[ 8192.345253] RSP: 0000:ffffc900069ffcf0 EFLAGS: 00000286
[ 8192.345255] RAX: 000000008000000b RBX: ffffea001a470000 RCX: 0000000000000000
[ 8192.345259] RDX: 0000000000000012 RSI: 0000000000000000 RDI: ffffea001a470000
[ 8192.345271] RBP: ffffc900069ffd00 R08: ffffea001a470068 R09: 0000000000000000
[ 8192.345272] R10: ffff88811bd3f500 R11: 0000000000000000 R12: ffff88811bd3f500
[ 8192.345273] R13: ffffc900069ffde8 R14: ffffea00050ddf28 R15: 0000000000000001
[ 8192.345273] FS:  00007fe17959fd40(0000) GS:ffff8882f4059000(0000) knlGS:0000000000000000
[ 8192.345274] CS:  0010 DS: 0000 ES: 0000 CR0: 0000000080050033
[ 8192.345275] CR2: 00000001016003a0 CR3: 0000000101cc4000 CR4: 00000000000406f0
[ 8192.345279] Call Trace:
[ 8192.345280]  <TASK>
[ 8192.345285]  vmf_insert_folio_pmd+0x15b/0x1e0
[ 8192.345294]  dev_dax_huge_fault+0x33c/0x4a0 [device_dax]
[ 8192.345297]  __handle_mm_fault+0x7cf/0x1020
[ 8192.345301]  ? sched_tick+0xfd/0x280
[ 8192.345308]  handle_mm_fault+0xe7/0x2f0
[ 8192.345309]  do_user_addr_fault+0x22b/0x6c0
[ 8192.345314]  exc_page_fault+0x7c/0x1a0
[ 8192.345320]  asm_exc_page_fault+0x27/0x30
[ 8192.345324] RIP: 0033:0x3399d4
[ 8192.345327] Code: 7d f8 48 8b 7d f8 e8 ab 01 00 00 48 83 c4 10 5d c3 cc cc cc cc cc 55 48 89 e5 48 89 7d f8 48 89 75 f0 48 8b 45 f8 48 8b 4d f0 <48> 89 08 5d c3 cc cc cc cc cc cc cc 55 48 89 e5 48 83 ec 10 48 89
[ 8192.345327] RSP: 002b:00007fff124843a0 EFLAGS: 00010202
[ 8192.345328] RAX: 00000001016003a0 RBX: 00007fe17744e008 RCX: 0000000000000000
[ 8192.345329] RDX: 0000000000000009 RSI: 0000000000000000 RDI: 00000001016003a0
[ 8192.345330] RBP: 00007fff124843a0 R08: 0000000000000000 R09: 00007fe17743b6c0
[ 8192.345330] R10: 00007fe17743b6f0 R11: 00007fe1772e33f4 R12: 0000000000000000
[ 8192.345331] R13: 00007fff126e01a0 R14: 00007fff12484960 R15: 00000000005c0f08
[ 8192.345333]  </TASK>
[ 8220.344895] watchdog: BUG: soft lockup - CPU#0 stuck for 778s! [bench_ycsb:50138]
[ 8220.344902] Modules linked in: nd_pmem nd_btt dax_pmem kmem device_dax sunrpc binfmt_misc cfg80211 8021q garp ppdev mrp stp llc snd_pcm joydev iTCO_wdt intel_pmc_bxt iTCO_vendor_support snd_timer snd psmouse vga16fb soundcore i2c_i801 vgastate i2c_mux pcspkr sha1_ssse3 parport_pc i2c_smbus lpc_ich parport bochs input_leds serio_raw mac_hid sch_fq_codel efi_pstore nfnetlink vsock_loopback vmw_vsock_virtio_transport_common vmw_vsock_vmci_transport vsock vmw_vmci dmi_sysfs qemu_fw_cfg ip_tables x_tables autofs4
[ 8220.344944] CPU: 0 UID: 0 PID: 50138 Comm: bench_ycsb Tainted: G             L      6.16.0-rc7+ #3 PREEMPT(voluntary) 
[ 8220.344947] Tainted: [L]=SOFTLOCKUP
[ 8220.344947] Hardware name: QEMU Standard PC (Q35 + ICH9, 2009), BIOS rel-1.17.0-0-gb52ca86e094d-prebuilt.qemu.org 04/01/2014
[ 8220.344950] RIP: 0010:folio_add_file_rmap_pmd+0x161/0x190
[ 8220.345170] Code: 48 0f ba 6b 68 3f eb 84 65 ff 05 ca 9f 43 02 f0 49 0f ba 28 1f 0f 83 19 ff ff ff 65 ff 0d b7 9f 43 02 74 26 f3 90 48 8b 43 68 <a9> 00 00 00 80 75 f3 eb d5 0f 1f 44 00 00 e9 61 ff ff ff 48 89 df
[ 8220.345171] RSP: 0000:ffffc900069ffcf0 EFLAGS: 00000286
[ 8220.345173] RAX: 000000008000000b RBX: ffffea001a470000 RCX: 0000000000000000
[ 8220.345174] RDX: 0000000000000012 RSI: 0000000000000000 RDI: ffffea001a470000
[ 8220.345174] RBP: ffffc900069ffd00 R08: ffffea001a470068 R09: 0000000000000000
[ 8220.345175] R10: ffff88811bd3f500 R11: 0000000000000000 R12: ffff88811bd3f500
[ 8220.345175] R13: ffffc900069ffde8 R14: ffffea00050ddf28 R15: 0000000000000001
[ 8220.345177] FS:  00007fe17959fd40(0000) GS:ffff8882f4059000(0000) knlGS:0000000000000000
[ 8220.345178] CS:  0010 DS: 0000 ES: 0000 CR0: 0000000080050033
[ 8220.345186] CR2: 00000001016003a0 CR3: 0000000101cc4000 CR4: 00000000000406f0
[ 8220.345190] Call Trace:
[ 8220.345192]  <TASK>
[ 8220.345197]  vmf_insert_folio_pmd+0x15b/0x1e0
[ 8220.345205]  dev_dax_huge_fault+0x33c/0x4a0 [device_dax]
[ 8220.345208]  __handle_mm_fault+0x7cf/0x1020
[ 8220.345211]  ? sched_tick+0xfd/0x280
[ 8220.345218]  handle_mm_fault+0xe7/0x2f0
[ 8220.345219]  do_user_addr_fault+0x22b/0x6c0
[ 8220.345224]  exc_page_fault+0x7c/0x1a0
[ 8220.345230]  asm_exc_page_fault+0x27/0x30
[ 8220.345233] RIP: 0033:0x3399d4
[ 8220.345237] Code: 7d f8 48 8b 7d f8 e8 ab 01 00 00 48 83 c4 10 5d c3 cc cc cc cc cc 55 48 89 e5 48 89 7d f8 48 89 75 f0 48 8b 45 f8 48 8b 4d f0 <48> 89 08 5d c3 cc cc cc cc cc cc cc 55 48 89 e5 48 83 ec 10 48 89
[ 8220.345237] RSP: 002b:00007fff124843a0 EFLAGS: 00010202
[ 8220.345238] RAX: 00000001016003a0 RBX: 00007fe17744e008 RCX: 0000000000000000
[ 8220.345239] RDX: 0000000000000009 RSI: 0000000000000000 RDI: 00000001016003a0
[ 8220.345239] RBP: 00007fff124843a0 R08: 0000000000000000 R09: 00007fe17743b6c0
[ 8220.345240] R10: 00007fe17743b6f0 R11: 00007fe1772e33f4 R12: 0000000000000000
[ 8220.345240] R13: 00007fff126e01a0 R14: 00007fff12484960 R15: 00000000005c0f08
[ 8220.345243]  </TASK>
