qemu-system-x86_64: -device cxl-type3,bus=root_port13,persistent-memdev=cxl-mem1,lsa=cxl-lsa1,id=cxl-pmem0,sn=0x1: info: CXL Type3: Persistent memory initialized - size=1024 MB
c[?7l[2J[0mSeaBIOS (version rel-1.17.0-0-gb52ca86e094d-prebuilt.qemu.org)


iPXE (http://ipxe.org) 00:02.0 CA00 PCI2.10 PnP PMM+7EFD1710+7EF31710 CA00
Press Ctrl-B to configure iPXE (PCI 00:02.0)...                                                                               


Booting from ROM..c[?7l[2J[0m.[    0.000000] Linux version 6.16.0-rc7+ (root@gpu01) (gcc (Ubuntu 15-20250404-0ubuntu1) 15.0.1 20250404 (experimental) [master r15-9193-g08e803aa9be], GNU ld (GNU Binutils for Ubuntu) 2.44) #3 SMP PREEMPT_DYNAMIC Thu Aug 21 04:23:18 UTC 2025
[    0.000000] Command line: root=/dev/sda rw console=ttyS0,115200 nokaslr
[    0.000000] KERNEL supported cpus:
[    0.000000]   Intel GenuineIntel
[    0.000000]   AMD AuthenticAMD
[    0.000000]   Hygon HygonGenuine
[    0.000000]   Centaur CentaurHauls
[    0.000000]   zhaoxin   Shanghai  
[    0.000000] x86/CPU: Model not found in latest microcode list
[    0.000000] BIOS-provided physical RAM map:
[    0.000000] BIOS-e820: [mem 0x0000000000000000-0x000000000009fbff] usable
[    0.000000] BIOS-e820: [mem 0x000000000009fc00-0x000000000009ffff] reserved
[    0.000000] BIOS-e820: [mem 0x00000000000f0000-0x00000000000fffff] reserved
[    0.000000] BIOS-e820: [mem 0x0000000000100000-0x000000007ffdefff] usable
[    0.000000] BIOS-e820: [mem 0x000000007ffdf000-0x000000007fffffff] reserved
[    0.000000] BIOS-e820: [mem 0x00000000b0000000-0x00000000bfffffff] reserved
[    0.000000] BIOS-e820: [mem 0x00000000fed1c000-0x00000000fed1ffff] reserved
[    0.000000] BIOS-e820: [mem 0x00000000feffc000-0x00000000feffffff] reserved
[    0.000000] BIOS-e820: [mem 0x00000000fffc0000-0x00000000ffffffff] reserved
[    0.000000] BIOS-e820: [mem 0x0000000100000000-0x000000027fffffff] usable
[    0.000000] NX (Execute Disable) protection: active
[    0.000000] APIC: Static calls initialized
[    0.000000] SMBIOS 2.8 present.
[    0.000000] DMI: QEMU Standard PC (Q35 + ICH9, 2009), BIOS rel-1.17.0-0-gb52ca86e094d-prebuilt.qemu.org 04/01/2014
[    0.000000] DMI: Memory slots populated: 1/1
[    0.000000] Hypervisor detected: KVM
[    0.000000] kvm-clock: Using msrs 4b564d01 and 4b564d00
[    0.000000] kvm-clock: using sched offset of 304377061 cycles
[    0.000002] clocksource: kvm-clock: mask: 0xffffffffffffffff max_cycles: 0x1cd42e4dffb, max_idle_ns: 881590591483 ns
[    0.000004] tsc: Detected 2000.000 MHz processor
[    0.000553] last_pfn = 0x280000 max_arch_pfn = 0x400000000
[    0.000586] MTRR map: 4 entries (3 fixed + 1 variable; max 19), built from 8 variable MTRRs
[    0.000588] x86/PAT: Configuration [0-7]: WB  WC  UC- UC  WB  WP  UC- WT  
[    0.000629] last_pfn = 0x7ffdf max_arch_pfn = 0x400000000
[    0.003534] found SMP MP-table at [mem 0x000f54b0-0x000f54bf]
[    0.004001] ACPI: Early table checksum verification disabled
[    0.004004] ACPI: RSDP 0x00000000000F52B0 000014 (v00 BOCHS )
[    0.004012] ACPI: RSDT 0x000000007FFE3792 000040 (v01 BOCHS  BXPC     00000001 BXPC 00000001)
[    0.004016] ACPI: FACP 0x000000007FFE33F6 0000F4 (v03 BOCHS  BXPC     00000001 BXPC 00000001)
[    0.004020] ACPI: DSDT 0x000000007FFE0040 0033B6 (v01 BOCHS  BXPC     00000001 BXPC 00000001)
[    0.004022] ACPI: FACS 0x000000007FFE0000 000040
[    0.004024] ACPI: APIC 0x000000007FFE34EA 000090 (v03 BOCHS  BXPC     00000001 BXPC 00000001)
[    0.004026] ACPI: HPET 0x000000007FFE357A 000038 (v01 BOCHS  BXPC     00000001 BXPC 00000001)
[    0.004027] ACPI: SRAT 0x000000007FFE35B2 000110 (v01 BOCHS  BXPC     00000001 BXPC 00000001)
[    0.004029] ACPI: MCFG 0x000000007FFE36C2 00003C (v01 BOCHS  BXPC     00000001 BXPC 00000001)
[    0.004031] ACPI: CEDT 0x000000007FFE36FE 00006C (v01 BOCHS  BXPC     00000001 BXPC 00000001)
[    0.004033] ACPI: WAET 0x000000007FFE376A 000028 (v01 BOCHS  BXPC     00000001 BXPC 00000001)
[    0.004034] ACPI: Reserving FACP table memory at [mem 0x7ffe33f6-0x7ffe34e9]
[    0.004035] ACPI: Reserving DSDT table memory at [mem 0x7ffe0040-0x7ffe33f5]
[    0.004036] ACPI: Reserving FACS table memory at [mem 0x7ffe0000-0x7ffe003f]
[    0.004036] ACPI: Reserving APIC table memory at [mem 0x7ffe34ea-0x7ffe3579]
[    0.004037] ACPI: Reserving HPET table memory at [mem 0x7ffe357a-0x7ffe35b1]
[    0.004037] ACPI: Reserving SRAT table memory at [mem 0x7ffe35b2-0x7ffe36c1]
[    0.004038] ACPI: Reserving MCFG table memory at [mem 0x7ffe36c2-0x7ffe36fd]
[    0.004038] ACPI: Reserving CEDT table memory at [mem 0x7ffe36fe-0x7ffe3769]
[    0.004038] ACPI: Reserving WAET table memory at [mem 0x7ffe376a-0x7ffe3791]
[    0.004099] ACPI: SRAT: Node 0 PXM 0 [mem 0x00000000-0x0009ffff]
[    0.004100] ACPI: SRAT: Node 0 PXM 0 [mem 0x00100000-0x7fffffff]
[    0.004101] ACPI: SRAT: Node 0 PXM 0 [mem 0x100000000-0x27fffffff]
[    0.004102] ACPI: SRAT: Node 0 PXM 0 [mem 0x280000000-0x67fffffff] hotplug
[    0.004106] NUMA: Node 0 [mem 0x00001000-0x0009ffff] + [mem 0x00100000-0x7fffffff] -> [mem 0x00001000-0x7fffffff]
[    0.004107] NUMA: Node 0 [mem 0x00001000-0x7fffffff] + [mem 0x100000000-0x27fffffff] -> [mem 0x00001000-0x27fffffff]
[    0.004112] NODE_DATA(0) allocated [mem 0x27ffd3500-0x27fffdfff]
[    0.004262] Zone ranges:
[    0.004262]   DMA      [mem 0x0000000000001000-0x0000000000ffffff]
[    0.004264]   DMA32    [mem 0x0000000001000000-0x00000000ffffffff]
[    0.004265]   Normal   [mem 0x0000000100000000-0x000000027fffffff]
[    0.004266]   Device   empty
[    0.004266] Movable zone start for each node
[    0.004267] Early memory node ranges
[    0.004267]   node   0: [mem 0x0000000000001000-0x000000000009efff]
[    0.004268]   node   0: [mem 0x0000000000100000-0x000000007ffdefff]
[    0.004269]   node   0: [mem 0x0000000100000000-0x000000027fffffff]
[    0.004270] Initmem setup node 0 [mem 0x0000000000001000-0x000000027fffffff]
[    0.004278] Initmem setup node 1 as memoryless
[    0.004812] On node 0, zone DMA: 1 pages in unavailable ranges
[    0.004855] On node 0, zone DMA: 97 pages in unavailable ranges
[    0.025350] On node 0, zone Normal: 33 pages in unavailable ranges
[    0.025669] ACPI: PM-Timer IO Port: 0x608
[    0.025680] ACPI: LAPIC_NMI (acpi_id[0xff] dfl dfl lint[0x1])
[    0.025713] IOAPIC[0]: apic_id 0, version 17, address 0xfec00000, GSI 0-23
[    0.025716] ACPI: INT_SRC_OVR (bus 0 bus_irq 0 global_irq 2 dfl dfl)
[    0.025717] ACPI: INT_SRC_OVR (bus 0 bus_irq 5 global_irq 5 high level)
[    0.025718] ACPI: INT_SRC_OVR (bus 0 bus_irq 9 global_irq 9 high level)
[    0.025718] ACPI: INT_SRC_OVR (bus 0 bus_irq 10 global_irq 10 high level)
[    0.025719] ACPI: INT_SRC_OVR (bus 0 bus_irq 11 global_irq 11 high level)
[    0.025722] ACPI: Using ACPI (MADT) for SMP configuration information
[    0.025723] ACPI: HPET id: 0x8086a201 base: 0xfed00000
[    0.025729] CPU topo: Max. logical packages:   1
[    0.025729] CPU topo: Max. logical dies:       1
[    0.025729] CPU topo: Max. dies per package:   1
[    0.025732] CPU topo: Max. threads per core:   1
[    0.025733] CPU topo: Num. cores per package:     4
[    0.025734] CPU topo: Num. threads per package:   4
[    0.025734] CPU topo: Allowing 4 present CPUs plus 0 hotplug CPUs
[    0.025750] kvm-guest: APIC: eoi() replaced with kvm_guest_apic_eoi_write()
[    0.025763] PM: hibernation: Registered nosave memory: [mem 0x00000000-0x00000fff]
[    0.025765] PM: hibernation: Registered nosave memory: [mem 0x0009f000-0x000fffff]
[    0.025766] PM: hibernation: Registered nosave memory: [mem 0x7ffdf000-0xffffffff]
[    0.025767] [mem 0xc0000000-0xfed1bfff] available for PCI devices
[    0.025768] Booting paravirtualized kernel on KVM
[    0.025769] clocksource: refined-jiffies: mask: 0xffffffff max_cycles: 0xffffffff, max_idle_ns: 1910969940391419 ns
[    0.025778] setup_percpu: NR_CPUS:8192 nr_cpumask_bits:4 nr_cpu_ids:4 nr_node_ids:2
[    0.026086] percpu: Embedded 84 pages/cpu s221184 r8192 d114688 u524288
[    0.026116] kvm-guest: PV spinlocks disabled, no host support
[    0.026116] Kernel command line: root=/dev/sda rw console=ttyS0,115200 nokaslr
[    0.026152] Unknown kernel command line parameters "nokaslr", will be passed to user space.
[    0.026156] printk: log buffer data + meta data: 262144 + 917504 = 1179648 bytes
[    0.027407] Dentry cache hash table entries: 1048576 (order: 11, 8388608 bytes, linear)
[    0.028057] Inode-cache hash table entries: 524288 (order: 10, 4194304 bytes, linear)
[    0.028107] software IO TLB: area num 4.
[    0.042835] Fallback order for Node 0: 0 
[    0.042837] Fallback order for Node 1: 0 
[    0.042840] Built 1 zonelists, mobility grouping on.  Total pages: 2097021
[    0.042840] Policy zone: Normal
[    0.042850] mem auto-init: stack:off, heap alloc:on, heap free:off
[    0.074553] SLUB: HWalign=64, Order=0-3, MinObjects=0, CPUs=4, Nodes=2
[    0.074622] Kernel/User page tables isolation: enabled
[    0.089988] ftrace: allocating 59458 entries in 234 pages
[    0.089990] ftrace: allocated 234 pages with 5 groups
[    0.091304] Dynamic Preempt: voluntary
[    0.091705] rcu: Preemptible hierarchical RCU implementation.
[    0.091706] rcu: 	RCU restricting CPUs from NR_CPUS=8192 to nr_cpu_ids=4.
[    0.091709] 	Trampoline variant of Tasks RCU enabled.
[    0.091709] 	Rude variant of Tasks RCU enabled.
[    0.091709] 	Tracing variant of Tasks RCU enabled.
[    0.091710] rcu: RCU calculated value of scheduler-enlistment delay is 100 jiffies.
[    0.091711] rcu: Adjusting geometry for rcu_fanout_leaf=16, nr_cpu_ids=4
[    0.091717] RCU Tasks: Setting shift to 2 and lim to 1 rcu_task_cb_adjust=1 rcu_task_cpu_ids=4.
[    0.091719] RCU Tasks Rude: Setting shift to 2 and lim to 1 rcu_task_cb_adjust=1 rcu_task_cpu_ids=4.
[    0.091721] RCU Tasks Trace: Setting shift to 2 and lim to 1 rcu_task_cb_adjust=1 rcu_task_cpu_ids=4.
[    0.096141] NR_IRQS: 524544, nr_irqs: 456, preallocated irqs: 16
[    0.096370] rcu: srcu_init: Setting srcu_struct sizes based on contention.
[    0.104114] Console: colour VGA+ 80x25
[    0.104163] printk: legacy console [ttyS0] enabled
[    0.188597] ACPI: Core revision 20250404
[    0.189218] clocksource: hpet: mask: 0xffffffff max_cycles: 0xffffffff, max_idle_ns: 19112604467 ns
[    0.190309] APIC: Switch to symmetric I/O mode setup
[    0.191081] x2apic enabled
[    0.191673] APIC: Switched APIC routing to: physical x2apic
[    0.193197] ..TIMER: vector=0x30 apic1=0 pin1=2 apic2=-1 pin2=-1
[    0.193919] clocksource: tsc-early: mask: 0xffffffffffffffff max_cycles: 0x39a85c9bff6, max_idle_ns: 881590591483 ns
[    0.195088] Calibrating delay loop (skipped) preset value.. 4000.00 BogoMIPS (lpj=2000000)
[    0.196244] Last level iTLB entries: 4KB 0, 2MB 0, 4MB 0
[    0.197083] Last level dTLB entries: 4KB 0, 2MB 0, 4MB 0, 1GB 0
[    0.198087] mitigations: Enabled attack vectors: user_kernel, user_user, guest_host, guest_guest, SMT mitigations: auto
[    0.199084] Speculative Store Bypass: Vulnerable
[    0.199558] Spectre V2 : Mitigation: Retpolines
[    0.200083] ITS: Mitigation: Aligned branch/return thunks
[    0.200633] MDS: Vulnerable: Clear CPU buffers attempted, no microcode
[    0.201083] Spectre V1 : Mitigation: usercopy/swapgs barriers and __user pointer sanitization
[    0.202083] Spectre V2 : Spectre v2 / SpectreRSB: Filling RSB on context switch and VMEXIT
[    0.203084] active return thunk: its_return_thunk
[    0.203592] x86/fpu: Supporting XSAVE feature 0x001: 'x87 floating point registers'
[    0.204083] x86/fpu: Supporting XSAVE feature 0x002: 'SSE registers'
[    0.205083] x86/fpu: Supporting XSAVE feature 0x004: 'AVX registers'
[    0.206084] x86/fpu: xstate_offset[2]:  576, xstate_sizes[2]:  256
[    0.206719] x86/fpu: Enabled xstate features 0x7, context size is 832 bytes, using 'standard' format.
[    0.231536] Freeing SMP alternatives memory: 56K
[    0.232051] pid_max: default: 32768 minimum: 301
[    0.232343] LSM: initializing lsm=lockdown,capability,landlock,yama,apparmor,ima,evm
[    0.233240] landlock: Up and running.
[    0.234083] Yama: becoming mindful.
[    0.234582] AppArmor: AppArmor initialized
[    0.235287] Mount-cache hash table entries: 16384 (order: 5, 131072 bytes, linear)
[    0.236098] Mountpoint-cache hash table entries: 16384 (order: 5, 131072 bytes, linear)
[    0.340198] smpboot: CPU0: Intel QEMU Virtual CPU version 2.5+ (family: 0xf, model: 0x6b, stepping: 0x1)
[    0.341291] Performance Events: unsupported Netburst CPU model 107 no PMU driver, software events only.
[    0.342103] signal: max sigframe size: 1776
[    0.342565] rcu: Hierarchical SRCU implementation.
[    0.343083] rcu: 	Max phase no-delay instances is 400.
[    0.343674] Timer migration: 2 hierarchy levels; 8 children per group; 1 crossnode level
[    0.348949] NMI watchdog: Perf NMI watchdog permanently disabled
[    0.349145] smp: Bringing up secondary CPUs ...
[    0.350202] smpboot: x86: Booting SMP configuration:
[    0.350695] .... node  #0, CPUs:      #1 #2 #3
[    0.357325] smp: Brought up 1 node, 4 CPUs
[    0.358573] smpboot: Total of 4 processors activated (16000.00 BogoMIPS)
[    0.360130] Memory: 8117172K/8388084K available (22800K kernel code, 4866K rwdata, 9108K rodata, 5088K init, 6220K bss, 263264K reserved, 0K cma-reserved)
[    0.362210] devtmpfs: initialized
[    0.362561] x86/mm: Memory block size: 128MB
[    0.364561] clocksource: jiffies: mask: 0xffffffff max_cycles: 0xffffffff, max_idle_ns: 1911260446275000 ns
[    0.365095] posixtimers hash table entries: 2048 (order: 3, 32768 bytes, linear)
[    0.366094] futex hash table entries: 512 (32768 bytes on 2 NUMA nodes, total 64 KiB, linear).
[    0.367405] pinctrl core: initialized pinctrl subsystem
[    0.368189] PM: RTC time: 19:58:18, date: 2026-08-07
[    0.370585] NET: Registered PF_NETLINK/PF_ROUTE protocol family
[    0.371532] DMA: preallocated 1024 KiB GFP_KERNEL pool for atomic allocations
[    0.372220] DMA: preallocated 1024 KiB GFP_KERNEL|GFP_DMA pool for atomic allocations
[    0.373219] DMA: preallocated 1024 KiB GFP_KERNEL|GFP_DMA32 pool for atomic allocations
[    0.374099] audit: initializing netlink subsys (disabled)
[    0.375133] audit: type=2000 audit(1786132698.738:1): state=initialized audit_enabled=0 res=1
[    0.375218] thermal_sys: Registered thermal governor 'fair_share'
[    0.376088] thermal_sys: Registered thermal governor 'bang_bang'
[    0.377084] thermal_sys: Registered thermal governor 'step_wise'
[    0.378083] thermal_sys: Registered thermal governor 'user_space'
[    0.378676] thermal_sys: Registered thermal governor 'power_allocator'
[    0.379092] cpuidle: using governor ladder
[    0.380496] cpuidle: using governor menu
[    0.381185] acpiphp: ACPI Hot Plug PCI Controller Driver version: 0.5
[    0.382117] PCI: ECAM [mem 0xb0000000-0xbfffffff] (base 0xb0000000) for domain 0000 [bus 00-ff]
[    0.383024] PCI: ECAM [mem 0xb0000000-0xbfffffff] reserved as E820 entry
[    0.383092] PCI: Using configuration type 1 for base access
[    0.384130] kprobes: kprobe jump-optimization is enabled. All kprobes are optimized if possible.
[    0.386798] HugeTLB: allocation took 0ms with hugepage_allocation_threads=1
[    0.387121] HugeTLB: registered 2.00 MiB page size, pre-allocated 0 pages
[    0.388083] HugeTLB: 28 KiB vmemmap can be freed for a 2.00 MiB page
[    0.390605] ACPI: Added _OSI(Module Device)
[    0.391085] ACPI: Added _OSI(Processor Device)
[    0.391776] ACPI: Added _OSI(Processor Aggregator Device)
[    0.394801] ACPI: 1 ACPI AML tables successfully acquired and loaded
[    0.429260] ACPI: Interpreter enabled
[    0.430097] ACPI: PM: (supports S0 S3 S4 S5)
[    0.430583] ACPI: Using IOAPIC for interrupt routing
[    0.431184] PCI: Using host bridge windows from ACPI; if necessary, use "pci=nocrs" and report a bug
[    0.432083] PCI: Using E820 reservations for host bridge windows
[    0.433168] ACPI: Enabled 3 GPEs in block 00 to 3F
[    0.436899] ACPI: PCI Root Bridge [PCI0] (domain 0000 [bus 00-0b])
[    0.437087] acpi PNP0A08:00: _OSC: OS supports [ExtendedConfig ASPM ClockPM Segments MSI EDR HPX-Type3]
[    0.438113] acpi PNP0A08:00: _OSC: platform does not support [PCIeHotplug LTR DPC]
[    0.439125] acpi PNP0A08:00: _OSC: OS now controls [SHPCHotplug PME AER PCIeCapability]
[    0.440218] PCI host bridge to bus 0000:00
[    0.441084] pci_bus 0000:00: Unknown NUMA node; performance will be reduced
[    0.441817] pci_bus 0000:00: root bus resource [io  0x0000-0x0cf7 window]
[    0.442083] pci_bus 0000:00: root bus resource [io  0x0d00-0xffff window]
[    0.443083] pci_bus 0000:00: root bus resource [mem 0x000a0000-0x000bffff window]
[    0.444083] pci_bus 0000:00: root bus resource [mem 0x80000000-0xafffffff window]
[    0.444921] pci_bus 0000:00: root bus resource [mem 0xc0000000-0xfe7fffff window]
[    0.445083] pci_bus 0000:00: root bus resource [mem 0x7c0010000-0x7ffffffff window]
[    0.446084] pci_bus 0000:00: root bus resource [mem 0x800200000-0x103fffffff window]
[    0.447084] pci_bus 0000:00: root bus resource [bus 00-0b]
[    0.448136] pci 0000:00:00.0: [8086:29c0] type 00 class 0x060000 conventional PCI endpoint
[    0.449485] pci 0000:00:01.0: [1234:1111] type 00 class 0x030000 conventional PCI endpoint
[    0.452125] pci 0000:00:01.0: BAR 0 [mem 0xfd000000-0xfdffffff pref]
[    0.452835] pci 0000:00:01.0: BAR 2 [mem 0xfea50000-0xfea50fff]
[    0.453107] pci 0000:00:01.0: ROM [mem 0xfea40000-0xfea4ffff pref]
[    0.454129] pci 0000:00:01.0: Video device with shadowed ROM at [mem 0x000c0000-0x000dffff]
[    0.455315] pci 0000:00:02.0: [1af4:1000] type 00 class 0x020000 conventional PCI endpoint
[    0.457833] pci 0000:00:02.0: BAR 0 [io  0xc080-0xc09f]
[    0.458091] pci 0000:00:02.0: BAR 1 [mem 0xfea51000-0xfea51fff]
[    0.459111] pci 0000:00:02.0: BAR 4 [mem 0x800200000-0x800203fff 64bit pref]
[    0.460089] pci 0000:00:02.0: ROM [mem 0xfea00000-0xfea3ffff pref]
[    0.461615] pci 0000:00:03.0: [1af4:1009] type 00 class 0x000200 conventional PCI endpoint
[    0.463674] pci 0000:00:03.0: BAR 0 [io  0xc000-0xc03f]
[    0.464091] pci 0000:00:03.0: BAR 1 [mem 0xfea52000-0xfea52fff]
[    0.464715] pci 0000:00:03.0: BAR 4 [mem 0x800204000-0x800207fff 64bit pref]
[    0.466197] pci 0000:00:04.0: [1b36:000b] type 00 class 0x060000 conventional PCI endpoint
[    0.474206] pci 0000:00:1f.0: [8086:2918] type 00 class 0x060100 conventional PCI endpoint
[    0.475366] pci 0000:00:1f.0: quirk: [io  0x0600-0x067f] claimed by ICH6 ACPI/GPIO/TCO
[    0.476263] pci 0000:00:1f.2: [8086:2922] type 00 class 0x010601 conventional PCI endpoint
[    0.478108] pci 0000:00:1f.2: BAR 4 [io  0xc0a0-0xc0bf]
[    0.478653] pci 0000:00:1f.2: BAR 5 [mem 0xfea53000-0xfea53fff]
[    0.479368] pci 0000:00:1f.3: [8086:2930] type 00 class 0x0c0500 conventional PCI endpoint
[    0.480589] pci 0000:00:1f.3: BAR 4 [io  0x0700-0x073f]
[    0.481395] ACPI: PCI: Interrupt link LNKA configured for IRQ 10
[    0.482139] ACPI: PCI: Interrupt link LNKB configured for IRQ 10
[    0.483135] ACPI: PCI: Interrupt link LNKC configured for IRQ 11
[    0.484093] ACPI: PCI: Interrupt link LNKD configured for IRQ 11
[    0.484737] ACPI: PCI: Interrupt link LNKE configured for IRQ 10
[    0.485134] ACPI: PCI: Interrupt link LNKF configured for IRQ 10
[    0.486103] ACPI: PCI: Interrupt link LNKG configured for IRQ 11
[    0.486749] ACPI: PCI: Interrupt link LNKH configured for IRQ 11
[    0.487105] ACPI: PCI: Interrupt link GSIA configured for IRQ 16
[    0.487763] ACPI: PCI: Interrupt link GSIB configured for IRQ 17
[    0.488088] ACPI: PCI: Interrupt link GSIC configured for IRQ 18
[    0.489092] ACPI: PCI: Interrupt link GSID configured for IRQ 19
[    0.489696] ACPI: PCI: Interrupt link GSIE configured for IRQ 20
[    0.490088] ACPI: PCI: Interrupt link GSIF configured for IRQ 21
[    0.490688] ACPI: PCI: Interrupt link GSIG configured for IRQ 22
[    0.491088] ACPI: PCI: Interrupt link GSIH configured for IRQ 23
[    0.492357] ACPI: PCI Root Bridge [CL0C] (domain 0000 [bus 0c-0d])
[    0.493008] acpi ACPI0016:00: _OSC: OS supports [ExtendedConfig ASPM ClockPM Segments MSI EDR HPX-Type3]
[    0.493084] acpi ACPI0016:00: _OSC: OS supports [CXL11PortRegAccess CXL20PortDevRegAccess CXLProtocolErrorReporting CXLNativeHot]
[    0.494130] acpi ACPI0016:00: _OSC: platform does not support [LTR DPC]
[    0.494897] acpi ACPI0016:00: _OSC: OS now controls [PCIeHotplug SHPCHotplug PME AER PCIeCapability]
[    0.495084] acpi ACPI0016:00: _OSC: OS now controls [CXLMemErrorReporting]
[    0.496109] PCI host bridge to bus 0000:0c
[    0.497083] pci_bus 0000:0c: Unknown NUMA node; performance will be reduced
[    0.497809] pci_bus 0000:0c: root bus resource [mem 0xfe800000-0xfe9fffff window]
[    0.498083] pci_bus 0000:0c: root bus resource [mem 0x7c0000000-0x7c000ffff window]
[    0.499083] pci_bus 0000:0c: root bus resource [mem 0x800000000-0x8001fffff window]
[    0.500083] pci_bus 0000:0c: root bus resource [bus 0c-0d]
[    0.501212] pci 0000:0c:00.0: [8086:7075] type 01 class 0x060400 PCIe Root Port
[    0.503579] pci 0000:0c:00.0: BAR 0 [mem 0x7c0000000-0x7c000ffff 64bit]
[    0.504098] pci 0000:0c:00.0: PCI bridge to [bus 0d]
[    0.504629] pci 0000:0c:00.0:   bridge window [mem 0xfe800000-0xfe9fffff]
[    0.506108] pci 0000:0c:00.0:   bridge window [mem 0x800000000-0x8001fffff 64bit pref]
[    0.507135] pci 0000:0c:00.0: enabling Extended Tags
[    0.517130] pci 0000:0d:00.0: [8086:0d93] type 00 class 0x050210 PCIe Endpoint
[    0.518763] pci 0000:0d:00.0: BAR 0 [mem 0xfe800000-0xfe80ffff 64bit]
[    0.519097] pci 0000:0d:00.0: BAR 2 [mem 0xfe810000-0xfe810fff 64bit]
[    0.520090] pci 0000:0d:00.0: BAR 4 [mem 0xfe811000-0xfe811fff]
[    0.521120] pci 0000:0d:00.0: enabling Extended Tags
[    0.532112] pci 0000:0c:00.0: PCI bridge to [bus 0d]
[    0.533295] iommu: Default domain type: Translated
[    0.534084] iommu: DMA domain TLB invalidation policy: lazy mode
[    0.536402]  pci0000:0c: host supports CXL
[    0.536947] SCSI subsystem initialized
[    0.537137] ACPI: bus type USB registered
[    0.538093] usbcore: registered new interface driver usbfs
[    0.538675] usbcore: registered new interface driver hub
[    0.539089] usbcore: registered new device driver usb
[    0.539660] pps_core: LinuxPPS API ver. 1 registered
[    0.540083] pps_core: Software ver. 5.3.6 - Copyright 2005-2007 Rodolfo Giometti <giometti@linux.it>
[    0.541084] PTP clock support registered
[    0.541504] EDAC MC: Ver: 3.0.0
[    0.542242] NetLabel: Initializing
[    0.543084] NetLabel:  domain hash size = 128
[    0.543535] NetLabel:  protocols = UNLABELED CIPSOv4 CALIPSO
[    0.544093] NetLabel:  unlabeled traffic allowed by default
[    0.545094] mctp: management component transport protocol core
[    0.546083] NET: Registered PF_MCTP protocol family
[    0.546589] PCI: Using ACPI for IRQ routing
[    0.660039] pci 0000:00:01.0: BAR 2 [mem 0xfea50000-0xfea50fff]: can't claim; no compatible bridge window
[    0.660090] pci 0000:00:02.0: BAR 1 [mem 0xfea51000-0xfea51fff]: can't claim; no compatible bridge window
[    0.661090] pci 0000:00:03.0: BAR 1 [mem 0xfea52000-0xfea52fff]: can't claim; no compatible bridge window
[    0.662103] pci 0000:00:1f.2: BAR 5 [mem 0xfea53000-0xfea53fff]: can't claim; no compatible bridge window
[    0.663177] pci 0000:00:01.0: vgaarb: setting as boot VGA device
[    0.663768] pci 0000:00:01.0: vgaarb: bridge control possible
[    0.664082] pci 0000:00:01.0: vgaarb: VGA device added: decodes=io+mem,owns=io+mem,locks=none
[    0.664085] vgaarb: loaded
[    0.665117] hpet: 3 channels of 0 reserved for per-cpu timers
[    0.665731] hpet0: at MMIO 0xfed00000, IRQs 2, 8, 0
[    0.666083] hpet0: 3 comparators, 64-bit 100.000000 MHz counter
[    0.671287] clocksource: Switched to clocksource kvm-clock
[    0.674009] VFS: Disk quotas dquot_6.6.0
[    0.674490] VFS: Dquot-cache hash table entries: 512 (order 0, 4096 bytes)
[    0.675414] netfs: FS-Cache loaded
[    0.675987] AppArmor: AppArmor Filesystem Enabled
[    0.676495] pnp: PnP ACPI init
[    0.677015] system 00:05: [mem 0xb0000000-0xbfffffff window] has been reserved
[    0.678162] pnp: PnP ACPI: found 6 devices
[    0.686987] clocksource: acpi_pm: mask: 0xffffff max_cycles: 0xffffff, max_idle_ns: 2085701024 ns
[    0.688104] NET: Registered PF_INET protocol family
[    0.689017] IP idents hash table entries: 131072 (order: 8, 1048576 bytes, linear)
[    0.691035] tcp_listen_portaddr_hash hash table entries: 4096 (order: 4, 65536 bytes, linear)
[    0.692020] Table-perturb hash table entries: 65536 (order: 6, 262144 bytes, linear)
[    0.692922] TCP established hash table entries: 65536 (order: 7, 524288 bytes, linear)
[    0.694282] TCP bind hash table entries: 65536 (order: 9, 2097152 bytes, linear)
[    0.695314] TCP: Hash tables configured (established 65536 bind 65536)
[    0.696189] MPTCP token hash table entries: 8192 (order: 5, 196608 bytes, linear)
[    0.697080] UDP hash table entries: 4096 (order: 6, 262144 bytes, linear)
[    0.697863] UDP-Lite hash table entries: 4096 (order: 6, 262144 bytes, linear)
[    0.698693] NET: Registered PF_UNIX/PF_LOCAL protocol family
[    0.699323] NET: Registered PF_XDP protocol family
[    0.699854] pci 0000:00:02.0: ROM [mem 0xfea00000-0xfea3ffff pref]: can't claim; no compatible bridge window
[    0.700887] pci 0000:00:02.0: ROM [mem 0x80000000-0x8003ffff pref]: assigned
[    0.701613] pci 0000:00:01.0: BAR 2 [mem 0x80040000-0x80040fff]: assigned
[    0.702927] pci 0000:00:02.0: BAR 1 [mem 0x80041000-0x80041fff]: assigned
[    0.704157] pci 0000:00:03.0: BAR 1 [mem 0x80042000-0x80042fff]: assigned
[    0.705498] pci 0000:00:1f.2: BAR 5 [mem 0x80043000-0x80043fff]: assigned
[    0.706695] pci_bus 0000:00: resource 4 [io  0x0000-0x0cf7 window]
[    0.707347] pci_bus 0000:00: resource 5 [io  0x0d00-0xffff window]
[    0.708028] pci_bus 0000:00: resource 6 [mem 0x000a0000-0x000bffff window]
[    0.708814] pci_bus 0000:00: resource 7 [mem 0x80000000-0xafffffff window]
[    0.709517] pci_bus 0000:00: resource 8 [mem 0xc0000000-0xfe7fffff window]
[    0.710305] pci_bus 0000:00: resource 9 [mem 0x7c0010000-0x7ffffffff window]
[    0.711066] pci_bus 0000:00: resource 10 [mem 0x800200000-0x103fffffff window]
[    0.711860] pci 0000:0c:00.0: bridge window [io  0x1000-0x0fff] to [bus 0d] add_size 1000
[    0.712741] pci 0000:0c:00.0: bridge window [io  size 0x1000]: can't assign; no space
[    0.714233] pci 0000:0c:00.0: bridge window [io  size 0x1000]: failed to assign
[    0.715016] pci 0000:0c:00.0: bridge window [io  size 0x1000]: can't assign; no space
[    0.715844] pci 0000:0c:00.0: bridge window [io  size 0x1000]: failed to assign
[    0.716608] pci 0000:0c:00.0: PCI bridge to [bus 0d]
[    0.717562] pci 0000:0c:00.0:   bridge window [mem 0xfe800000-0xfe9fffff]
[    0.718562] pci 0000:0c:00.0:   bridge window [mem 0x800000000-0x8001fffff 64bit pref]
[    0.720135] pci_bus 0000:0c: Some PCI device resources are unassigned, try booting with pci=realloc
[    0.721155] pci_bus 0000:0c: resource 4 [mem 0xfe800000-0xfe9fffff window]
[    0.721897] pci_bus 0000:0c: resource 5 [mem 0x7c0000000-0x7c000ffff window]
[    0.722628] pci_bus 0000:0c: resource 6 [mem 0x800000000-0x8001fffff window]
[    0.723408] pci_bus 0000:0d: resource 1 [mem 0xfe800000-0xfe9fffff]
[    0.724796] pci_bus 0000:0d: resource 2 [mem 0x800000000-0x8001fffff 64bit pref]
[    0.725603] PCI: CLS 0 bytes, default 64
[    0.726105] PCI-DMA: Using software bounce buffering for IO (SWIOTLB)
[    0.726862] software IO TLB: mapped [mem 0x000000007bfdf000-0x000000007ffdf000] (64MB)
[    0.727746] clocksource: tsc: mask: 0xffffffffffffffff max_cycles: 0x39a85c9bff6, max_idle_ns: 881590591483 ns
[    0.729463] Initialise system trusted keyrings
[    0.730005] Key type blacklist registered
[    0.730952] workingset: timestamp_bits=36 max_order=21 bucket_order=0
[    0.733355] squashfs: version 4.0 (2009/01/31) Phillip Lougher
[    0.734863] fuse: init (API version 7.44)
[    0.735464] 9p: Installing v9fs 9p2000 file system support
[    0.736637] integrity: Platform Keyring initialized
[    0.737241] integrity: Machine keyring initialized
[    0.743632] Key type asymmetric registered
[    0.744108] Asymmetric key parser 'x509' registered
[    0.744645] Block layer SCSI generic (bsg) driver version 0.4 loaded (major 242)
[    0.746007] io scheduler mq-deadline registered
[    0.747757] ledtrig-cpu: registered to indicate activity on CPUs
[    0.749243] ACPI: \_SB_.LNKD: Enabled at IRQ 11
[    0.750879] pcieport 0000:0c:00.0: PME: Signaling with IRQ 24
[    0.751998] pcieport 0000:0c:00.0: AER: enabled with IRQ 24
[    0.752612] pcieport 0000:0c:00.0: pciehp: Slot #0 AttnBtn+ PwrCtrl+ MRL- AttnInd+ PwrInd+ HotPlug+ Surprise+ Interlock+ NoCompl- IbPresDis- LLActRep+ (with Cmd Compl erratum)
[    0.755410] input: Power Button as /devices/LNXSYSTM:00/LNXPWRBN:00/input/input0
[    0.756266] ACPI: button: Power Button [PWRF]
[    0.758415] ACPI: \_SB_.GSIG: Enabled at IRQ 22
[    0.759979] ACPI: \_SB_.GSIH: Enabled at IRQ 23
[    0.761617] Serial: 8250/16550 driver, 32 ports, IRQ sharing enabled
[    0.785407] 00:03: ttyS0 at I/O 0x3f8 (irq = 4, base_baud = 115200) is a 16550A
[    0.788671] Linux agpgart interface v0.103
[    0.789216] ACPI: bus type drm_connector registered
[    0.792982] loop: module loaded
[    0.793631] Key type psk registered
[    0.797269] ACPI: \_SB_.GSIA: Enabled at IRQ 16
[    0.798859] ahci 0000:00:1f.2: AHCI vers 0001.0000, 32 command slots, 1.5 Gbps, SATA mode
[    0.800186] ahci 0000:00:1f.2: 6/6 ports implemented (port mask 0x3f)
[    0.801252] ahci 0000:00:1f.2: flags: 64bit ncq only 
[    0.801987] cxl_nvdimm pmem0: GPF: could not set dirty shutdown state
[    0.804138] scsi host0: ahci
[    0.806749] scsi host1: ahci
[    0.807557] scsi host2: ahci
[    0.808406] scsi host3: ahci
[    0.809337] scsi host4: ahci
[    0.810202] scsi host5: ahci
[    0.810551] ata1: SATA max UDMA/133 abar m4096@0x80043000 port 0x80043100 irq 33 lpm-pol 0
[    0.811444] ata2: SATA max UDMA/133 abar m4096@0x80043000 port 0x80043180 irq 33 lpm-pol 0
[    0.812357] ata3: SATA max UDMA/133 abar m4096@0x80043000 port 0x80043200 irq 33 lpm-pol 0
[    0.813254] ata4: SATA max UDMA/133 abar m4096@0x80043000 port 0x80043280 irq 33 lpm-pol 0
[    0.814158] ata5: SATA max UDMA/133 abar m4096@0x80043000 port 0x80043300 irq 33 lpm-pol 0
[    0.815055] ata6: SATA max UDMA/133 abar m4096@0x80043000 port 0x80043380 irq 33 lpm-pol 0
[    0.816073] tun: Universal TUN/TAP device driver, 1.6
[    0.823790] e1000: Intel(R) PRO/1000 Network Driver
[    0.825942] e1000: Copyright (c) 1999-2006 Intel Corporation.
[    0.828207] e1000e: Intel(R) PRO/1000 Network Driver
[    0.830080] e1000e: Copyright(c) 1999 - 2015 Intel Corporation.
[    0.832346] PPP generic driver version 2.4.2
[    0.834505] i8042: PNP: PS/2 Controller [PNP0303:KBD,PNP0f13:MOU] at 0x60,0x64 irq 1,12
[    0.838700] serio: i8042 KBD port at 0x60,0x64 irq 1
[    0.840347] serio: i8042 AUX port at 0x60,0x64 irq 12
[    0.842424] mousedev: PS/2 mouse device common for all mice
[    0.844514] rtc_cmos 00:04: RTC can wake from S4
[    0.847450] input: AT Translated Set 2 keyboard as /devices/platform/i8042/serio0/input/input1
[    0.850413] rtc_cmos 00:04: registered as rtc0
[    0.852391] rtc_cmos 00:04: setting system clock to 2026-08-07T19:58:19 UTC (1786132699)
[    0.855485] rtc_cmos 00:04: alarms up to one day, y3k, 242 bytes nvram, hpet irqs
[    0.858301] i2c_dev: i2c /dev entries driver
[    0.860126] device-mapper: core: CONFIG_IMA_DISABLE_HTABLE is disabled. Duplicate IMA measurements will not be recorded in the IMA log.
[    0.866849] device-mapper: uevent: version 1.0.3
[    0.869799] device-mapper: ioctl: 4.50.0-ioctl (2025-04-28) initialised: dm-devel@lists.linux.dev
[    0.874728] intel_pstate: CPU model not supported
[    0.877077] drop_monitor: Initializing network drop monitor service
[    0.878174] NET: Registered PF_INET6 protocol family
[    0.879817] Segment Routing with IPv6
[    0.880294] In-situ OAM (IOAM) with IPv6
[    0.880826] NET: Registered PF_PACKET protocol family
[    0.881500] 9pnet: Installing 9P2000 support
[    0.882865] Key type dns_resolver registered
[    0.884391] IPI shorthand broadcast: enabled
[    0.886213] sched_clock: Marking stable (790002161, 95703815)->(894353256, -8647280)
[    0.887677] registered taskstats version 1
[    0.889173] Loading compiled-in X.509 certificates
[    0.890316] Loaded X.509 cert 'Build time autogenerated kernel key: d04e987abe4214284e46b7b27904783efe65024e'
[    0.894903] Demotion targets for Node 0: null
[    0.895596] Key type .fscrypt registered
[    0.896108] Key type fscrypt-provisioning registered
[    0.897359] Key type encrypted registered
[    0.897924] AppArmor: AppArmor sha256 policy hashing enabled
[    0.898617] ima: No TPM chip found, activating TPM-bypass!
[    0.899311] Loading compiled-in module X.509 certificates
[    0.900284] Loaded X.509 cert 'Build time autogenerated kernel key: d04e987abe4214284e46b7b27904783efe65024e'
[    0.901498] ima: Allocated hash algorithm: sha256
[    0.902139] ima: No architecture policies found
[    0.902729] evm: Initialising EVM extended attributes:
[    0.903374] evm: security.selinux
[    0.903811] evm: security.SMACK64
[    0.904229] evm: security.SMACK64EXEC
[    0.904698] evm: security.SMACK64TRANSMUTE
[    0.905196] evm: security.SMACK64MMAP
[    0.905687] evm: security.apparmor
[    0.906098] evm: security.ima
[    0.906455] evm: security.capability
[    0.906918] evm: HMAC attrs: 0x1
[    0.907619] PM:   Magic number: 6:995:1000
[    0.908193] pnp 00:02: hash matches
[    0.908846] RAS: Correctable Errors collector initialized.
[    0.910281] clk: Disabling unused clocks
[    0.911166] PM: genpd: Disabling unused power domains
[    1.126248] ata2: SATA link down (SStatus 0 SControl 300)
[    1.127901] ata5: SATA link down (SStatus 0 SControl 300)
[    1.130420] ata6: SATA link down (SStatus 0 SControl 300)
[    1.132024] ata1: SATA link up 1.5 Gbps (SStatus 113 SControl 300)
[    1.133614] ata3: SATA link up 1.5 Gbps (SStatus 113 SControl 300)
[    1.135678] ata1.00: ATA-7: QEMU HARDDISK, 2.5+, max UDMA/100
[    1.136639] ata1.00: 104857600 sectors, multi 16: LBA48 NCQ (depth 32)
[    1.137714] ata1.00: applying bridge limits
[    1.138601] ata4: SATA link down (SStatus 0 SControl 300)
[    1.139510] ata3.00: ATAPI: QEMU DVD-ROM, 2.5+, max UDMA/100
[    1.140910] ata3.00: applying bridge limits
[    1.142238] ata1.00: configured for UDMA/100
[    1.143317] ata3.00: configured for UDMA/100
[    1.143449] scsi 0:0:0:0: Direct-Access     ATA      QEMU HARDDISK    2.5+ PQ: 0 ANSI: 5
[    1.145968] scsi 0:0:0:0: Attached scsi generic sg0 type 0
[    1.146114] sd 0:0:0:0: [sda] 104857600 512-byte logical blocks: (53.7 GB/50.0 GiB)
[    1.147293] scsi 2:0:0:0: CD-ROM            QEMU     QEMU DVD-ROM     2.5+ PQ: 0 ANSI: 5
[    1.147732] sd 0:0:0:0: [sda] Write Protect is off
[    1.149046] sd 0:0:0:0: [sda] Write cache: enabled, read cache: enabled, doesn't support DPO or FUA
[    1.150146] sd 0:0:0:0: [sda] Preferred minimum I/O size 512 bytes
[    1.163059] sd 0:0:0:0: [sda] Attached SCSI disk
[    1.166176] sr 2:0:0:0: [sr0] scsi3-mmc drive: 4x/4x cd/rw xa/form2 tray
[    1.166732] cdrom: Uniform CD-ROM driver Revision: 3.20
[    1.175718] sr 2:0:0:0: Attached scsi generic sg1 type 5
[    1.176285] md: Waiting for all devices to be available before autodetect
[    1.176875] md: If you don't use raid, use raid=noautodetect
[    1.177280] md: Autodetecting RAID arrays.
[    1.177584] md: autorun ...
[    1.177844] md: ... autorun DONE.
[    1.368660] EXT4-fs (sda): recovery complete
[    1.378819] EXT4-fs (sda): mounted filesystem 412a31d6-761b-4b59-b4f9-53f8a4b8ad2f r/w with ordered data mode. Quota mode: none.
[    1.380766] VFS: Mounted root (ext4 filesystem) on device 8:0.
[    1.382995] devtmpfs: mounted
[    1.386375] Freeing unused decrypted memory: 2028K
[    1.388698] Freeing unused kernel image (initmem) memory: 5088K
[    1.390029] Write protecting the kernel read-only data: 34816k
[    1.392181] Freeing unused kernel image (text/rodata gap) memory: 1772K
[    1.393999] Freeing unused kernel image (rodata/data gap) memory: 1132K
[    1.436652] x86/mm: Checked W+X mappings: passed, no W+X pages found.
[    1.437446] x86/mm: Checking user space page tables
[    1.488813] x86/mm: Checked W+X mappings: passed, no W+X pages found.
[    1.489307] Run /sbin/init as init process
[    1.579102] systemd[1]: Inserted module 'autofs4'
[!p]104[?7h[    1.614226] systemd[1]: systemd 257.7-1 running in system mode (+PAM +AUDIT +SELINUX +APPARMOR +IMA +IPE +SMACK +SECCOMP +GCRYPT -GNUTLS +OPENSSL +ACL +BLKID +CURL +ELFUTILS +FIDO2 +IDN2 -IDN +IPTC +KMOD +LIBCRYPTSETUP +LIBCRYPTSETUP_PLUGINS +LIBFDISK +PCRE2 +PWQUALITY +P11KIT +QRENCODE +TPM2 +BZIP2 +LZ4 +XZ +ZLIB +ZSTD +BPF_FRAMEWORK +BTF -XKBCOMMON -UTMP +SYSVINIT +LIBARCHIVE)
[    1.616701] systemd[1]: Detected virtualization kvm.
[    1.617078] systemd[1]: Detected architecture x86-64.

[0;1;39mWelcome to [0m[1mDebian GNU/Linux 13 (trixie)[0m[0;1;39m![0m

[    1.621823] systemd[1]: Hostname set to <node1>.
[    1.659554] systemd[1]: bpf-restrict-fs: BPF LSM hook not enabled in the kernel, BPF LSM not supported.
[    1.699070] Guest personality initialized and is inactive
[    1.699622] VMCI host device registered (name=vmci, major=10, minor=262)
[    1.700133] Initialized host personality
[    1.708395] NET: Registered PF_VSOCK protocol family
[    1.884544] systemd[1]: Queued start job for default target graphical.target.
[    1.920979] systemd[1]: Created slice system-getty.slice - Slice /system/getty.
[[0;32m  OK  [0m] Created slice [0;1;39msystem-getty.slice[0m - Slice /system/getty.
[    1.925430] systemd[1]: Created slice system-modprobe.slice - Slice /system/modprobe.
[[0;32m  OK  [0m] Created slice [0;1;39msystem-modprobe.slice[0m - Slice /system/modprobe.
[    1.929993] systemd[1]: Created slice system-serial\x2dgetty.slice - Slice /system/serial-getty.
[[0;32m  OK  [0m] Created slice [0;1;39msystem-serial\x2dget…slice[0m - Slice /system/serial-getty.
[    1.934477] systemd[1]: Created slice user.slice - User and Session Slice.
[[0;32m  OK  [0m] Created slice [0;1;39muser.slice[0m - User and Session Slice.
[    1.938182] systemd[1]: Started systemd-ask-password-console.path - Dispatch Password Requests to Console Directory Watch.
[[0;32m  OK  [0m] Started [0;1;39msystemd-ask-password-conso…[0mequests to Console Directory Watch.
[    1.941667] systemd[1]: Started systemd-ask-password-wall.path - Forward Password Requests to Wall Directory Watch.
[[0;32m  OK  [0m] Started [0;1;39msystemd-ask-password-wall.…[0md Requests to Wall Directory Watch.
[    1.943377] systemd[1]: Set up automount proc-sys-fs-binfmt_misc.automount - Arbitrary Executable File Formats File System Automount Point.
[[0;32m  OK  [0m] Set up automount [0;1;39mproc-sys-fs-binfm…[0mormats File System Automount Point.
[    1.945470] systemd[1]: Expecting device dev-ttyS0.device - /dev/ttyS0...
         Expecting device [0;1;39mdev-ttyS0.device[0m - /dev/ttyS0...
[    1.946614] systemd[1]: Reached target paths.target - Path Units.
[[0;32m  OK  [0m] Reached target [0;1;39mpaths.target[0m - Path Units.
[    1.947720] systemd[1]: Reached target slices.target - Slice Units.
[[0;32m  OK  [0m] Reached target [0;1;39mslices.target[0m - Slice Units.
[    1.948816] systemd[1]: Reached target swap.target - Swaps.
[[0;32m  OK  [0m] Reached target [0;1;39mswap.target[0m - Swaps.
[    1.972027] systemd[1]: Listening on rpcbind.socket - RPCbind Server Activation Socket.
[[0;32m  OK  [0m] Listening on [0;1;39mrpcbind.socket[0m - RPCbind Server Activation Socket.
[    1.974963] systemd[1]: Listening on systemd-creds.socket - Credential Encryption/Decryption.
[[0;32m  OK  [0m] Listening on [0;1;39msystemd-creds.socket[0m - Credential Encryption/Decryption.
[    1.976720] systemd[1]: Listening on systemd-initctl.socket - initctl Compatibility Named Pipe.
[[0;32m  OK  [0m] Listening on [0;1;39msystemd-initctl.socke…[0m- initctl Compatibility Named Pipe.
[    1.978521] systemd[1]: Listening on systemd-journald-dev-log.socket - Journal Socket (/dev/log).
[[0;32m  OK  [0m] Listening on [0;1;39msystemd-journald-dev-…socket[0m - Journal Socket (/dev/log).
[    1.980340] systemd[1]: Listening on systemd-journald.socket - Journal Sockets.
[[0;32m  OK  [0m] Listening on [0;1;39msystemd-journald.socket[0m - Journal Sockets.
[    1.982559] systemd[1]: Listening on systemd-networkd.socket - Network Service Netlink Socket.
[[0;32m  OK  [0m] Listening on [0;1;39msystemd-networkd.socket[0m - Network Service Netlink Socket.
[    1.984262] systemd[1]: systemd-pcrextend.socket - TPM PCR Measurements was skipped because of an unmet condition check (ConditionSecurity=measured-uki).
[    1.985292] systemd[1]: systemd-pcrlock.socket - Make TPM PCR Policy was skipped because of an unmet condition check (ConditionSecurity=measured-uki).
[    1.986378] systemd[1]: Listening on systemd-udevd-control.socket - udev Control Socket.
[[0;32m  OK  [0m] Listening on [0;1;39msystemd-udevd-control.socket[0m - udev Control Socket.
[    1.987891] systemd[1]: Listening on systemd-udevd-kernel.socket - udev Kernel Socket.
[[0;32m  OK  [0m] Listening on [0;1;39msystemd-udevd-kernel.socket[0m - udev Kernel Socket.
[    1.990545] systemd[1]: Mounting dev-hugepages.mount - Huge Pages File System...
         Mounting [0;1;39mdev-hugepages.mount[0m - Huge Pages File System...
[    1.992684] systemd[1]: Mounting dev-mqueue.mount - POSIX Message Queue File System...
         Mounting [0;1;39mdev-mqueue.mount[0m - POSIX Message Queue File System...
[    1.994980] systemd[1]: Mounting run-lock.mount - Legacy Locks Directory /run/lock...
         Mounting [0;1;39mrun-lock.mount[0m - Legacy Locks Directory /run/lock...
[    1.998816] systemd[1]: Mounting sys-kernel-debug.mount - Kernel Debug File System...
         Mounting [0;1;39msys-kernel-debug.mount[0m - Kernel Debug File System...
[    2.008418] systemd[1]: Mounting sys-kernel-tracing.mount - Kernel Trace File System...
         Mounting [0;1;39msys-kernel-tracing.mount[0m - Kernel Trace File System...
[    2.012018] systemd[1]: Mounting tmp.mount - Temporary Directory /tmp...
         Mounting [0;1;39mtmp.mount[0m - Temporary Directory /tmp...
[    2.013373] systemd[1]: auth-rpcgss-module.service - Kernel Module supporting RPCSEC_GSS was skipped because of an unmet condition check (ConditionPathExists=/etc/krb5.keytab).
[    2.015678] systemd[1]: Starting kmod-static-nodes.service - Create List of Static Device Nodes...
         Starting [0;1;39mkmod-static-nodes.service[0m…eate List of Static Device Nodes...
[    2.018375] systemd[1]: Starting modprobe@configfs.service - Load Kernel Module configfs...
         Starting [0;1;39mmodprobe@configfs.service[0m - Load Kernel Module configfs...
[    2.020848] systemd[1]: Starting modprobe@drm.service - Load Kernel Module drm...
         Starting [0;1;39mmodprobe@drm.service[0m - Load Kernel Module drm...
[    2.025537] systemd[1]: Starting modprobe@efi_pstore.service - Load Kernel Module efi_pstore...
         Starting [0;1;39mmodprobe@efi_pstore.servi…[0m - Load Kernel Module efi_pstore...
[    2.027910] systemd[1]: Starting modprobe@fuse.service - Load Kernel Module fuse...
         Starting [0;1;39mmodprobe@fuse.service[0m - Load Kernel Module fuse...
[    2.029327] systemd[1]: systemd-hibernate-clear.service - Clear Stale Hibernate Storage Info was skipped because of an unmet condition check (ConditionPathExists=/sys/firmware/efi/efivars/HibernateLocation-8cf2644b-4b0b-428f-9387-6d876050dc67).
[    2.032253] systemd[1]: Starting systemd-journald.service - Journal Service...
         Starting [0;1;39msystemd-journald.service[0m - Journal Service...
[    2.034918] systemd[1]: Starting systemd-modules-load.service - Load Kernel Modules...
         Starting [0;1;39msystemd-modules-load.service[0m - Load Kernel Modules...
[    2.036289] systemd[1]: systemd-pcrmachine.service - TPM PCR Machine ID Measurement was skipped because of an unmet condition check (ConditionSecurity=measured-uki).
[    2.038054] systemd[1]: Starting systemd-remount-fs.service - Remount Root and Kernel File Systems...
         Starting [0;1;39msystemd-remount-fs.servic…[0munt Root and Kernel File Systems...
[    2.039840] systemd[1]: systemd-tpm2-setup-early.service - Early TPM SRK Setup was skipped because of an unmet condition check (ConditionSecurity=measured-uki).
[    2.041581] systemd[1]: Starting systemd-udev-load-credentials.service - Load udev Rules from Credentials...
         Starting [0;1;39msystemd-udev-load-credent…[0mLoad udev Rules from Credentials...
[    2.045849] systemd[1]: Starting systemd-udev-trigger.service - Coldplug All udev Devices...
         Starting [0;1;39msystemd-udev-trigger.service[0m - Coldplug All udev Devices...
[    2.048781] systemd[1]: Mounted dev-hugepages.mount - Huge Pages File System.
[[0;32m  OK  [0m] Mounted [0;1;39mdev-hugepages.mount[0m - Huge Pages File System.
[    2.050432] systemd[1]: Mounted dev-mqueue.mount - POSIX Message Queue File System.
[[0;32m  OK  [0m] Mounted [0;1;39mdev-mqueue.mount[0m - POSIX Message Queue File System.
[    2.052062] systemd[1]: Mounted run-lock.mount - Legacy Locks Directory /run/lock.
[[0;32m  OK  [0m] Mounted [0;1;39mrun-lock.mount[0m - Legacy Locks Directory /run/lock.
[    2.053664] systemd[1]: Mounted sys-kernel-debug.mount - Kernel Debug File System.
[[0;32m  OK  [0m] Mounted [0;1;39msys-kernel-debug.mount[0m - Kernel Debug File System.
[    2.055038] systemd[1]: Mounted sys-kernel-tracing.mount - Kernel Trace File System.
[[0;32m  OK  [0m] Mounted [0;1;39msys-kernel-tracing.mount[0m - Kernel Trace File System.
[    2.056466] systemd[1]: Mounted tmp.mount - Temporary Directory /tmp.
[[0;32m  OK  [0m] Mounted [0;1;39mtmp.mount[0m - Temporary Directory /tmp.
[    2.057955] systemd[1]: Finished kmod-static-nodes.service - Create List of Static Device Nodes.
[[0;32m  OK  [0m] Finished [0;1;39mkmod-static-nodes.service[0m…Create List of Static Device Nodes.
[    2.059813] systemd[1]: modprobe@configfs.service: Deactivated successfully.
[    2.059939] systemd-journald[169]: Collecting audit messages is disabled.
[    2.060462] systemd[1]: Finished modprobe@configfs.service - Load Kernel Module configfs.
[[0;32m  OK  [0m] Finished [0;1;39mmodprobe@configfs.service[0m - Load Kernel Module configfs.
[    2.062522] systemd[1]: modprobe@drm.service: Deactivated successfully.
[    2.063219] systemd[1]: Finished modprobe@drm.service - Load Kernel Module drm.
[[0;32m  OK  [0m] Finished [0;1;39mmodprobe@drm.service[0m - Load Kernel Module drm.
[    2.064758] systemd[1]: modprobe@efi_pstore.service: Deactivated successfully.
[    2.065393] systemd[1]: Finished modprobe@efi_pstore.service - Load Kernel Module efi_pstore.
[[0;32m  OK  [0m] Finished [0;1;39mmodprobe@efi_pstore.service[0m - Load Kernel Module efi_pstore.
[    2.067205] systemd[1]: modprobe@fuse.service: Deactivated successfully.
[    2.067871] systemd[1]: Finished modprobe@fuse.service - Load Kernel Module fuse.
[[0;32m  OK  [0m] Finished [0;1;39mmodprobe@fuse.service[0m - Load Kernel Module fuse.
[    2.069347] systemd[1]: Finished systemd-modules-load.service - Load Kernel Modules.
[[0;32m  OK  [0m] Finished [0;1;39msystemd-modules-load.service[0m - Load Kernel Modules.
[    2.070964] systemd[1]: Finished systemd-remount-fs.service - Remount Root and Kernel File Systems.
[[0;32m  OK  [0m] Finished [0;1;39msystemd-remount-fs.servic…[0mmount Root and Kernel File Systems.
[    2.072716] systemd[1]: Finished systemd-udev-load-credentials.service - Load udev Rules from Credentials.
[[0;32m  OK  [0m] Finished [0;1;39msystemd-udev-load-credent…[0m- Load udev Rules from Credentials.
[    2.075516] systemd[1]: Mounting sys-fs-fuse-connections.mount - FUSE Control File System...
         Mounting [0;1;39msys-fs-fuse-connections.mount[0m - FUSE Control File System...
[    2.078814] systemd[1]: Mounting sys-kernel-config.mount - Kernel Configuration File System...
         Mounting [0;1;39msys-kernel-config.mount[0m - Kernel Configuration File System...
[    2.080863] systemd[1]: systemd-hwdb-update.service - Rebuild Hardware Database was skipped because of an unmet condition check (ConditionNeedsUpdate=/etc).
[    2.082046] systemd[1]: systemd-pstore.service - Platform Persistent Storage Archival was skipped because of an unmet condition check (ConditionDirectoryNotEmpty=/sys/fs/pstore).
[    2.085503] systemd[1]: Starting systemd-random-seed.service - Load/Save OS Random Seed...
         Starting [0;1;39msystemd-random-seed.service[0m - Load/Save OS Random Seed...
[    2.088859] systemd[1]: Starting systemd-sysctl.service - Apply Kernel Variables...
         Starting [0;1;39msystemd-sysctl.service[0m - Apply Kernel Variables...
[    2.093846] systemd[1]: Starting systemd-tmpfiles-setup-dev-early.service - Create Static Device Nodes in /dev gracefully...
         Starting [0;1;39msystemd-tmpfiles-setup-de…[0m Device Nodes in /dev gracefully...
[    2.095905] systemd[1]: systemd-tpm2-setup.service - TPM SRK Setup was skipped because of an unmet condition check (ConditionSecurity=measured-uki).
[    2.098032] systemd[1]: Started systemd-journald.service - Journal Service.
[[0;32m  OK  [0m] Started [0;1;39msystemd-journald.service[0m - Journal Service.
[[0;32m  OK  [0m] Mounted [0;1;39msys-fs-fuse-connections.mount[0m - FUSE Control File System.
[[0;32m  OK  [0m] Mounted [0;1;39msys-kernel-config.mount[0m - Kernel Configuration File System.
         Starting [0;1;39msystemd-journal-flush.ser…[0msh Journal to Persistent Storage...
[[0;32m  OK  [0m] Finished [0;1;39msystemd-sysctl.service[0m - Apply Kernel Variables.
[[0;32m  OK  [0m] Finished [0;1;39msystemd-tmpfiles-setup-de…[0mic Device Nodes in /dev gracefully.
[    2.125468] systemd-journald[169]: Received client request to flush runtime journal.
         Starting [0;1;39msystemd-tmpfiles-setup-de…[0meate Static Device Nodes in /dev...
[    2.130614] systemd-journald[169]: File /var/log/journal/052ada13ad154e7481baeec066fefe4c/system.journal corrupted or uncleanly shut down, renaming and replacing.
[[0;32m  OK  [0m] Finished [0;1;39msystemd-udev-trigger.service[0m - Coldplug All udev Devices.
         Starting [0;1;39mifupdown-pre.service[0m - He…synchronize boot up for ifupdown...
[[0;32m  OK  [0m] Finished [0;1;39msystemd-tmpfiles-setup-de…[0mCreate Static Device Nodes in /dev.
[[0;32m  OK  [0m] Reached target [0;1;39mlocal-fs-pre.target[0m…Preparation for Local File Systems.
[[0;32m  OK  [0m] Reached target [0;1;39mlocal-fs.target[0m - Local File Systems.
[[0;32m  OK  [0m] Listening on [0;1;39msystemd-sysext.socket[0m… System Extension Image Management.
         Starting [0;1;39msystemd-binfmt.service[0m - Set Up Additional Binary Formats...
         Starting [0;1;39msystemd-udevd.service[0m - R…ager for Device Events and Files...
[[0;32m  OK  [0m] Finished [0;1;39msystemd-journal-flush.ser…[0mlush Journal to Persistent Storage.
         Starting [0;1;39msystemd-tmpfiles-setup.se…[0mate System Files and Directories...
[[0;32m  OK  [0m] Started [0;1;39msystemd-udevd.service[0m - Ru…anager for Device Events and Files.
         Starting [0;1;39msystemd-networkd.service[0m - Network Configuration...
[[0;32m  OK  [0m] Finished [0;1;39msystemd-tmpfiles-setup.se…[0mreate System Files and Directories.
[    2.241729] random: crng init done
         Starting [0;1;39mrpcbind.service[0m - RPC bind portmap service...
[[0;32m  OK  [0m] Finished [0;1;39msystemd-random-seed.service[0m - Load/Save OS Random Seed.
[    2.256556] virtio_net virtio0 enp0s2: renamed from eth0
[[0;32m  OK  [0m] Started [0;1;39mrpcbind.service[0m - RPC bind portmap service.
[[0;32m  OK  [0m] Found device [0;1;39mdev-ttyS0.device[0m - /dev/ttyS0.
[[0;32m  OK  [0m] Reached target [0;1;39mrpcbind.target[0m - RPC Port Mapper.
         Expecting device [0;1;39msys-subsystem-net…[0msys/subsystem/net/devices/enp0s2...
[    2.294812] lpc_ich 0000:00:1f.0: I/O space for GPIO uninitialized
[    2.302364] bochs-drm 0000:00:01.0: vgaarb: deactivate vga console
[    2.305897] Console: switching to colour dummy device 80x25
[    2.307016] [drm] Found bochs VGA, ID 0xb0c5.
[    2.307588] [drm] Framebuffer size 16384 kB @ 0xfd000000, mmio @ 0x80040000.
[    2.309066] [drm] Initialized bochs-drm 1.0.0 for 0000:00:01.0 on minor 0
[    2.317772] fbcon: bochs-drmdrmfb (fb0) is primary device
[    2.319496] i801_smbus 0000:00:1f.3: SMBus using PCI interrupt
[    2.319843] i2c i2c-0: Memory type 0x07 not supported yet, not instantiating SPD
[    2.324183] input: PC Speaker as /devices/platform/pcspkr/input/input3
[    2.327231] input: VirtualPS/2 VMware VMMouse as /devices/platform/i8042/serio1/input/input5
[    2.328768] Console: switching to colour frame buffer device 160x50
[    2.329562] input: VirtualPS/2 VMware VMMouse as /devices/platform/i8042/serio1/input/input4
[    2.336604] bochs-drm 0000:00:01.0: [drm] fb0: bochs-drmdrmfb frame buffer device
[[0;32m  OK  [0m] Listening on [0;1;39msystemd-rfkill.socket[0m…ll Switch Status /dev/rfkill Watch.
[    2.359453] parport_pc 00:02: reported by Plug and Play ACPI
[[0;32m  OK  [0m] Found device [0;1;39msys-subsystem-net-dev…0s2.device[0m - Virtio network device.
[    2.363380] parport0: PC-style at 0x378, irq 7 [PCSPP,TRISTATE]
[    2.369149] iTCO_vendor_support: vendor-support=0
[[0;32m  OK  [0m] Started [0;1;39mifup@enp0s2.service[0m - ifup for enp0s2.
[    2.381281] iTCO_wdt iTCO_wdt.1.auto: Found a ICH9 TCO device (Version=2, TCOBASE=0x0660)
[    2.382496] iTCO_wdt iTCO_wdt.1.auto: initialized. heartbeat=30 sec (nowayout=0)
[    2.399286] Error: Driver 'pcspkr' is already registered, aborting...
[    2.448497] 8021q: 802.1Q VLAN Support v1.8
[    2.476838] ppdev: user-space parallel port driver
[[0;32m  OK  [0m] Finished [0;1;39mifupdown-pre.service[0m - He…o synchronize boot up for ifupdown.
         Starting [0;1;39mnetworking.service[0m - Raise network interfaces...
[    2.562879] cfg80211: Loading compiled-in X.509 certificates for regulatory database
[    2.563766] Loaded X.509 cert 'sforshee: 00b28ddf47aef9cea7'
[    2.564259] Loaded X.509 cert 'wens: 61c038651aabdcf94bd0ac7ff06c7248db18c600'
[    2.564829] platform regulatory.0: Direct firmware load for regulatory.db failed with error -2
[    2.565411] cfg80211: failed to load regulatory.db
[    2.577149] 8021q: adding VLAN 0 to HW filter on device enp0s2
         Mounting [0;1;39mproc-sys-fs-binfmt_misc.m…[0mcutable File Formats File System...
         Mounting [0;1;39mrun-rpc_pipefs.mount[0m - RPC Pipe File System...
[[0;32m  OK  [0m] Mounted [0;1;39mproc-sys-fs-binfmt_misc.mo…[0mxecutable File Formats File System.
[[0;32m  OK  [0m] Finished [0;1;39msystemd-binfmt.service[0m - Set Up Additional Binary Formats.
[[0;32m  OK  [0m] Reached target [0;1;39msysinit.target[0m - System Initialization.
[[0;32m  OK  [0m] Started [0;1;39mapt-daily.timer[0m - Daily apt download activities.
[[0;32m  OK  [0m] Started [0;1;39mapt-daily-upgrade.timer[0m - …y apt upgrade and clean activities.
[[0;32m  OK  [0m] Started [0;1;39mdpkg-db-backup.timer[0m - Daily dpkg database backup timer.
[[0;32m  OK  [0m] Started [0;1;39me2scrub_all.timer[0m - Period…Metadata Check for All Filesystems.
[[0;32m  OK  [0m] Started [0;1;39mfstrim.timer[0m - Discard unused filesystem blocks once a week.
[[0;32m  OK  [0m] Started [0;1;39mlogrotate.timer[0m - Daily rotation of log files.
[[0;32m  OK  [0m] Started [0;1;39msystemd-tmpfiles-clean.tim…[0my Cleanup of Temporary Directories.
[[0;32m  OK  [0m] Reached target [0;1;39mtimers.target[0m - Timer Units.
[[0;32m  OK  [0m] Listening on [0;1;39mdbus.socket[0m - D-Bus System Message Bus Socket.
[[0;32m  OK  [0m] Listening on [0;1;39msshd-unix-local.socke…[0mtemd-ssh-generator, AF_UNIX Local).
[[0;32m  OK  [0m] Listening on [0;1;39msshd-vsock.socket[0m - O… (systemd-ssh-generator, AF_VSOCK).
[[0;32m  OK  [0m] Reached target [0;1;39mssh-access.target[0m - SSH Access Available.
[[0;32m  OK  [0m] Listening on [0;1;39msystemd-hostnamed.socket[0m - Hostname Service Socket.
[[0;32m  OK  [0m] Reached target [0;1;39msockets.target[0m - Socket Units.
         Starting [0;1;39mcxl-numa-setup.service[0m - Configure CXL Memory as NUMA Node...
[[0;32m  OK  [0m] Started [0;1;39msystemd-networkd.service[0m - Network Configuration.
         Starting [0;1;39msystemd-networkd-persiste…[0mtent Storage in systemd-networkd...
[[0;32m  OK  [0m] Finished [0;1;39msystemd-networkd-persiste…[0mistent Storage in systemd-networkd.
[    3.172420] cxl region0: Bypassing cpu_cache_invalidate_memregion() for testing!
[    3.185631] RPC: Registered named UNIX socket transport module.
[    3.186142] RPC: Registered udp transport module.
[    3.186491] RPC: Registered tcp transport module.
[    3.186878] RPC: Registered tcp-with-tls transport module.
[    3.187276] RPC: Registered tcp NFSv4.1 backchannel transport module.
[[0;32m  OK  [0m] Mounted [0;1;39mrun-rpc_pipefs.mount[0m - RPC Pipe File System.
[[0;32m  OK  [0m] Reached target [0;1;39mrpc_pipefs.target[0m.
         Starting [0;1;39mnfs-blkmap.service[0m - pNFS block layout mapping daemon...
[[0;32m  OK  [0m] Reached target [0;1;39mnfs-client.target[0m - NFS client services.
[[0;32m  OK  [0m] Reached target [0;1;39mremote-fs-pre.targe…[0mreparation for Remote File Systems.
[[0;32m  OK  [0m] Reached target [0;1;39mremote-fs.target[0m - Remote File Systems.
[[0;32m  OK  [0m] Started [0;1;39mnfs-blkmap.service[0m - pNFS block layout mapping daemon.
[[0m[0;31m*     [0m] (1 of 2) Job cxl-numa-setup.service/start running (3s / 1min 1s)
M[K[[0;1;31m*[0m[0;31m*    [0m] (1 of 2) Job cxl-numa-setup.service/start running (4s / 1min 1s)
qemu-system-x86_64: info: CXL Type3: Initializing CXLMemSim integration
qemu-system-x86_64: info: CXL Type3: CXLMemSim SHM mode - /cxlmemsim_pgas
qemu-system-x86_64: info: CXL Type3: Active latency injection ENABLED (min=0 ns)
M[K[[0;31m*[0;1;31m*[0m[0;31m*   [0m] (1 of 2) Job cxl-numa-setup.service/start running (4s / 1min 1s)
M[K[[0;32m  OK  [0m] Created slice [0;1;39msystem-daxdev\x2drec…[0m- Slice /system/daxdev-reconfigure.
[K[ [0;31m*[0;1;31m*[0m[0;31m*  [0m] (2 of 2) Job networking.service/start running (6s / 5min)
M[K[  [0;31m*[0;1;31m*[0m[0;31m* [0m] (2 of 2) Job networking.service/start running (7s / 5min)
M[K[   [0;31m*[0;1;31m*[0m[0;31m*[0m] (2 of 2) Job networking.service/start running (7s / 5min)
M[K[    [0;31m*[0;1;31m*[0m] (1 of 2) Job cxl-numa-setup.service/start running (8s / 1min 1s)
M[K[     [0;31m*[0m] (1 of 2) Job cxl-numa-setup.service/start running (9s / 1min 1s)
M[K[[0;32m  OK  [0m] Finished [0;1;39mcxl-numa-setup.service[0m - Configure CXL Memory as NUMA Node.
[K[[0;32m  OK  [0m] Reached target [0;1;39mbasic.target[0m - Basic System.
[[0;32m  OK  [0m] Started [0;1;39mcron.service[0m - Regular background program processing daemon.
[[0;32m  OK  [0m] Started [0;1;39mcxl-monitor.service[0m - CXL Monitor Daemon.
         Starting [0;1;39mdaxdev-reconfigure@dev-da…[0mic daxctl device reconfiguration...
         Starting [0;1;39mdbus.service[0m - D-Bus System Message Bus...
         Starting [0;1;39me2scrub_reap.service[0m - Re…ne ext4 Metadata Check Snapshots...
[[0;32m  OK  [0m] Started [0;1;39mndctl-monitor.service[0m - Ndctl Monitor Daemon.
         Starting [0;1;39msystemd-logind.service[0m - User Login Management...
[[0;32m  OK  [0m] Started [0;1;39mdaxdev-reconfigure@dev-dax…[0matic daxctl device reconfiguration.
[[0;32m  OK  [0m] Started [0;1;39mdbus.service[0m - D-Bus System Message Bus.
[[0;32m  OK  [0m] Finished [0;1;39me2scrub_reap.service[0m - Re…line ext4 Metadata Check Snapshots.
[[0;32m  OK  [0m] Started [0;1;39msystemd-logind.service[0m - User Login Management.
[    [0;31m*[0;1;31m*[0m] Job networking.service/start running (11s / 5min)
M[K[[0;32m  OK  [0m] Finished [0;1;39mnetworking.service[0m - Raise network interfaces.
[K[[0;32m  OK  [0m] Reached target [0;1;39mnetwork.target[0m - Network.
[[0;32m  OK  [0m] Reached target [0;1;39mnetwork-online.target[0m - Network is Online.
         Starting [0;1;39mrc-local.service[0m - /etc/rc.local Compatibility...
         Starting [0;1;39mrpc-statd-notify.service[0m - Notify NFS peers of a restart...
         Starting [0;1;39mssh.service[0m - OpenBSD Secure Shell server...
         Starting [0;1;39msystemd-user-sessions.service[0m - Permit User Sessions...
[[0;32m  OK  [0m] Started [0;1;39mrc-local.service[0m - /etc/rc.local Compatibility.
[[0;32m  OK  [0m] Started [0;1;39mrpc-statd-notify.service[0m - Notify NFS peers of a restart.
[[0;32m  OK  [0m] Finished [0;1;39msystemd-user-sessions.service[0m - Permit User Sessions.
[[0;32m  OK  [0m] Started [0;1;39mgetty@tty1.service[0m - Getty on tty1.
[[0;32m  OK  [0m] Started [0;1;39mserial-getty@ttyS0.service[0m - Serial Getty on ttyS0.
[[0;32m  OK  [0m] Reached target [0;1;39mgetty.target[0m - Login Prompts.
[[0;32m  OK  [0m] Started [0;1;39mssh.service[0m - OpenBSD Secure Shell server.
[[0;32m  OK  [0m] Reached target [0;1;39mmulti-user.target[0m - Multi-User System.
[[0;32m  OK  [0m] Reached target [0;1;39mgraphical.target[0m - Graphical Interface.
[!p]104[?7h[6n[32766;32766H[6n[!p]104[?7h[6n[32766;32766H[6n
Debian GNU/Linux 13 node1 ttyS0

node1 login: [   38.538261] sched: DL replenish lagged too much
[ 2496.353099] watchdog: BUG: soft lockup - CPU#1 stuck for 26s! [kworker/1:2:1286]
[ 2496.353334] Modules linked in: nd_pmem nd_btt dax_pmem sunrpc kmem device_dax binfmt_misc cfg80211 ppdev 8021q garp mrp stp llc snd_pcm iTCO_wdt snd_timer intel_pmc_bxt snd joydev iTCO_vendor_support vga16fb parport_pc soundcore vgastate parport sha1_ssse3 psmouse pcspkr i2c_i801 i2c_mux i2c_smbus bochs input_leds lpc_ich mac_hid serio_raw sch_fq_codel efi_pstore nfnetlink vsock_loopback vmw_vsock_virtio_transport_common vmw_vsock_vmci_transport vsock vmw_vmci dmi_sysfs qemu_fw_cfg ip_tables x_tables autofs4
[ 2496.353503] CPU: 1 UID: 0 PID: 1286 Comm: kworker/1:2 Not tainted 6.16.0-rc7+ #3 PREEMPT(voluntary) 
[ 2496.353507] Hardware name: QEMU Standard PC (Q35 + ICH9, 2009), BIOS rel-1.17.0-0-gb52ca86e094d-prebuilt.qemu.org 04/01/2014
[ 2496.353512] Workqueue: events psi_avgs_work
[ 2496.353562] RIP: 0010:collect_percpu_times+0x415/0x840
[ 2496.353567] Code: 5d 41 5e 41 5f 5d 31 c0 31 d2 31 c9 31 f6 31 ff 45 31 c0 45 31 c9 45 31 d2 45 31 db c3 cc cc cc cc 48 c7 c0 40 3d bc 83 f3 90 <48> 81 f9 00 20 00 00 0f 83 d7 03 00 00 48 8b 14 cd c0 1f fd 82 48
[ 2496.353568] RSP: 0018:ffffc90004a4bcf0 EFLAGS: 00000202
[ 2496.353573] RAX: ffffffff83bc3d40 RBX: 0000000000000027 RCX: 0000000000000001
[ 2496.353574] RDX: ffff888277c9cd40 RSI: 0000000000000000 RDI: ffffffff83bc3d80
[ 2496.353574] RBP: ffffc90004a4be00 R08: ffff888277c9cd80 R09: 0000000000000000
[ 2496.353575] R10: 0000000000000001 R11: 0000000000000000 R12: ffffc90004a4bda0
[ 2496.353582] R13: ffff888277c9cd94 R14: 0000000000000001 R15: ffffc90004a4bd84
[ 2496.353583] FS:  0000000000000000(0000) GS:ffff8882f40d9000(0000) knlGS:0000000000000000
[ 2496.353584] CS:  0010 DS: 0000 ES: 0000 CR0: 0000000080050033
[ 2496.353584] CR2: 00007d40c42cc200 CR3: 0000000119a54000 CR4: 00000000000406f0
[ 2496.353591] Call Trace:
[ 2496.353598]  <TASK>
[ 2496.353623]  ? finish_task_switch.isra.0+0x9c/0x340
[ 2496.353636]  psi_avgs_work+0x43/0xd0
[ 2496.353637]  ? css_free_rwork_fn+0x167/0x420
[ 2496.353655]  process_one_work+0x18a/0x370
[ 2496.353666]  worker_thread+0x347/0x480
[ 2496.353668]  ? __pfx_worker_thread+0x10/0x10
[ 2496.353670]  kthread+0x10b/0x220
[ 2496.353675]  ? __pfx_kthread+0x10/0x10
[ 2496.353676]  ret_from_fork+0x1a1/0x1d0
[ 2496.353689]  ? __pfx_kthread+0x10/0x10
[ 2496.353691]  ret_from_fork_asm+0x1a/0x30
[ 2496.353705]  </TASK>
[ 2524.353113] watchdog: BUG: soft lockup - CPU#1 stuck for 52s! [kworker/1:2:1286]
[ 2524.353131] Modules linked in: nd_pmem nd_btt dax_pmem sunrpc kmem device_dax binfmt_misc cfg80211 ppdev 8021q garp mrp stp llc snd_pcm iTCO_wdt snd_timer intel_pmc_bxt snd joydev iTCO_vendor_support vga16fb parport_pc soundcore vgastate parport sha1_ssse3 psmouse pcspkr i2c_i801 i2c_mux i2c_smbus bochs input_leds lpc_ich mac_hid serio_raw sch_fq_codel efi_pstore nfnetlink vsock_loopback vmw_vsock_virtio_transport_common vmw_vsock_vmci_transport vsock vmw_vmci dmi_sysfs qemu_fw_cfg ip_tables x_tables autofs4
[ 2524.353385] CPU: 1 UID: 0 PID: 1286 Comm: kworker/1:2 Tainted: G             L      6.16.0-rc7+ #3 PREEMPT(voluntary) 
[ 2524.353390] Tainted: [L]=SOFTLOCKUP
[ 2524.353394] Hardware name: QEMU Standard PC (Q35 + ICH9, 2009), BIOS rel-1.17.0-0-gb52ca86e094d-prebuilt.qemu.org 04/01/2014
[ 2524.353404] Workqueue: events psi_avgs_work
[ 2524.353457] RIP: 0010:collect_percpu_times+0x415/0x840
[ 2524.353465] Code: 5d 41 5e 41 5f 5d 31 c0 31 d2 31 c9 31 f6 31 ff 45 31 c0 45 31 c9 45 31 d2 45 31 db c3 cc cc cc cc 48 c7 c0 40 3d bc 83 f3 90 <48> 81 f9 00 20 00 00 0f 83 d7 03 00 00 48 8b 14 cd c0 1f fd 82 48
[ 2524.353466] RSP: 0018:ffffc90004a4bcf0 EFLAGS: 00000202
[ 2524.353470] RAX: ffffffff83bc3d40 RBX: 0000000000000027 RCX: 0000000000000001
[ 2524.353471] RDX: ffff888277c9cd40 RSI: 0000000000000000 RDI: ffffffff83bc3d80
[ 2524.353472] RBP: ffffc90004a4be00 R08: ffff888277c9cd80 R09: 0000000000000000
[ 2524.353472] R10: 0000000000000001 R11: 0000000000000000 R12: ffffc90004a4bda0
[ 2524.353473] R13: ffff888277c9cd94 R14: 0000000000000001 R15: ffffc90004a4bd84
[ 2524.353476] FS:  0000000000000000(0000) GS:ffff8882f40d9000(0000) knlGS:0000000000000000
[ 2524.353477] CS:  0010 DS: 0000 ES: 0000 CR0: 0000000080050033
[ 2524.353478] CR2: 00007d40c42cc200 CR3: 0000000119a54000 CR4: 00000000000406f0
[ 2524.353484] Call Trace:
[ 2524.353493]  <TASK>
[ 2524.353523]  ? finish_task_switch.isra.0+0x9c/0x340
[ 2524.353538]  psi_avgs_work+0x43/0xd0
[ 2524.353539]  ? css_free_rwork_fn+0x167/0x420
[ 2524.353558]  process_one_work+0x18a/0x370
[ 2524.353569]  worker_thread+0x347/0x480
[ 2524.353571]  ? __pfx_worker_thread+0x10/0x10
[ 2524.353573]  kthread+0x10b/0x220
[ 2524.353578]  ? __pfx_kthread+0x10/0x10
[ 2524.353579]  ret_from_fork+0x1a1/0x1d0
[ 2524.353593]  ? __pfx_kthread+0x10/0x10
[ 2524.353610]  ret_from_fork_asm+0x1a/0x30
[ 2524.353625]  </TASK>
[ 2552.353087] watchdog: BUG: soft lockup - CPU#1 stuck for 79s! [kworker/1:2:1286]
[ 2552.353092] Modules linked in: nd_pmem nd_btt dax_pmem sunrpc kmem device_dax binfmt_misc cfg80211 ppdev 8021q garp mrp stp llc snd_pcm iTCO_wdt snd_timer intel_pmc_bxt snd joydev iTCO_vendor_support vga16fb parport_pc soundcore vgastate parport sha1_ssse3 psmouse pcspkr i2c_i801 i2c_mux i2c_smbus bochs input_leds lpc_ich mac_hid serio_raw sch_fq_codel efi_pstore nfnetlink vsock_loopback vmw_vsock_virtio_transport_common vmw_vsock_vmci_transport vsock vmw_vmci dmi_sysfs qemu_fw_cfg ip_tables x_tables autofs4
[ 2552.353133] CPU: 1 UID: 0 PID: 1286 Comm: kworker/1:2 Tainted: G             L      6.16.0-rc7+ #3 PREEMPT(voluntary) 
[ 2552.353137] Tainted: [L]=SOFTLOCKUP
[ 2552.353138] Hardware name: QEMU Standard PC (Q35 + ICH9, 2009), BIOS rel-1.17.0-0-gb52ca86e094d-prebuilt.qemu.org 04/01/2014
[ 2552.353140] Workqueue: events psi_avgs_work
[ 2552.353151] RIP: 0010:collect_percpu_times+0x415/0x840
[ 2552.353155] Code: 5d 41 5e 41 5f 5d 31 c0 31 d2 31 c9 31 f6 31 ff 45 31 c0 45 31 c9 45 31 d2 45 31 db c3 cc cc cc cc 48 c7 c0 40 3d bc 83 f3 90 <48> 81 f9 00 20 00 00 0f 83 d7 03 00 00 48 8b 14 cd c0 1f fd 82 48
[ 2552.353306] RSP: 0018:ffffc90004a4bcf0 EFLAGS: 00000202
[ 2552.353308] RAX: ffffffff83bc3d40 RBX: 0000000000000027 RCX: 0000000000000001
[ 2552.353309] RDX: ffff888277c9cd40 RSI: 0000000000000000 RDI: ffffffff83bc3d80
[ 2552.353309] RBP: ffffc90004a4be00 R08: ffff888277c9cd80 R09: 0000000000000000
[ 2552.353310] R10: 0000000000000001 R11: 0000000000000000 R12: ffffc90004a4bda0
[ 2552.353310] R13: ffff888277c9cd94 R14: 0000000000000001 R15: ffffc90004a4bd84
[ 2552.353311] FS:  0000000000000000(0000) GS:ffff8882f40d9000(0000) knlGS:0000000000000000
[ 2552.353312] CS:  0010 DS: 0000 ES: 0000 CR0: 0000000080050033
[ 2552.353313] CR2: 00007d40c42cc200 CR3: 0000000119a54000 CR4: 00000000000406f0
[ 2552.353317] Call Trace:
[ 2552.353319]  <TASK>
[ 2552.353332]  ? finish_task_switch.isra.0+0x9c/0x340
[ 2552.353338]  psi_avgs_work+0x43/0xd0
[ 2552.353340]  ? css_free_rwork_fn+0x167/0x420
[ 2552.353346]  process_one_work+0x18a/0x370
[ 2552.353351]  worker_thread+0x347/0x480
[ 2552.353353]  ? __pfx_worker_thread+0x10/0x10
[ 2552.353354]  kthread+0x10b/0x220
[ 2552.353357]  ? __pfx_kthread+0x10/0x10
[ 2552.353358]  ret_from_fork+0x1a1/0x1d0
[ 2552.353362]  ? __pfx_kthread+0x10/0x10
[ 2552.353363]  ret_from_fork_asm+0x1a/0x30
[ 2552.353367]  </TASK>
[ 2580.353116] watchdog: BUG: soft lockup - CPU#1 stuck for 105s! [kworker/1:2:1286]
[ 2580.353134] Modules linked in: nd_pmem nd_btt dax_pmem sunrpc kmem device_dax binfmt_misc cfg80211 ppdev 8021q garp mrp stp llc snd_pcm iTCO_wdt snd_timer intel_pmc_bxt snd joydev iTCO_vendor_support vga16fb parport_pc soundcore vgastate parport sha1_ssse3 psmouse pcspkr i2c_i801 i2c_mux i2c_smbus bochs input_leds lpc_ich mac_hid serio_raw sch_fq_codel efi_pstore nfnetlink vsock_loopback vmw_vsock_virtio_transport_common vmw_vsock_vmci_transport vsock vmw_vmci dmi_sysfs qemu_fw_cfg ip_tables x_tables autofs4
[ 2580.353389] CPU: 1 UID: 0 PID: 1286 Comm: kworker/1:2 Tainted: G             L      6.16.0-rc7+ #3 PREEMPT(voluntary) 
[ 2580.353394] Tainted: [L]=SOFTLOCKUP
[ 2580.353398] Hardware name: QEMU Standard PC (Q35 + ICH9, 2009), BIOS rel-1.17.0-0-gb52ca86e094d-prebuilt.qemu.org 04/01/2014
[ 2580.353408] Workqueue: events psi_avgs_work
[ 2580.353461] RIP: 0010:collect_percpu_times+0x415/0x840
[ 2580.353468] Code: 5d 41 5e 41 5f 5d 31 c0 31 d2 31 c9 31 f6 31 ff 45 31 c0 45 31 c9 45 31 d2 45 31 db c3 cc cc cc cc 48 c7 c0 40 3d bc 83 f3 90 <48> 81 f9 00 20 00 00 0f 83 d7 03 00 00 48 8b 14 cd c0 1f fd 82 48
[ 2580.353469] RSP: 0018:ffffc90004a4bcf0 EFLAGS: 00000202
[ 2580.353473] RAX: ffffffff83bc3d40 RBX: 0000000000000027 RCX: 0000000000000001
[ 2580.353474] RDX: ffff888277c9cd40 RSI: 0000000000000000 RDI: ffffffff83bc3d80
[ 2580.353475] RBP: ffffc90004a4be00 R08: ffff888277c9cd80 R09: 0000000000000000
[ 2580.353475] R10: 0000000000000001 R11: 0000000000000000 R12: ffffc90004a4bda0
[ 2580.353627] R13: ffff888277c9cd94 R14: 0000000000000001 R15: ffffc90004a4bd84
[ 2580.353630] FS:  0000000000000000(0000) GS:ffff8882f40d9000(0000) knlGS:0000000000000000
[ 2580.353631] CS:  0010 DS: 0000 ES: 0000 CR0: 0000000080050033
[ 2580.353632] CR2: 00007d40c42cc200 CR3: 0000000119a54000 CR4: 00000000000406f0
[ 2580.353638] Call Trace:
[ 2580.353647]  <TASK>
[ 2580.353678]  ? finish_task_switch.isra.0+0x9c/0x340
[ 2580.353693]  psi_avgs_work+0x43/0xd0
[ 2580.353695]  ? css_free_rwork_fn+0x167/0x420
[ 2580.353714]  process_one_work+0x18a/0x370
[ 2580.353725]  worker_thread+0x347/0x480
[ 2580.353727]  ? __pfx_worker_thread+0x10/0x10
[ 2580.353728]  kthread+0x10b/0x220
[ 2580.353734]  ? __pfx_kthread+0x10/0x10
[ 2580.353735]  ret_from_fork+0x1a1/0x1d0
[ 2580.353754]  ? __pfx_kthread+0x10/0x10
[ 2580.353755]  ret_from_fork_asm+0x1a/0x30
[ 2580.353770]  </TASK>
[ 2608.353088] watchdog: BUG: soft lockup - CPU#1 stuck for 131s! [kworker/1:2:1286]
[ 2608.353094] Modules linked in: nd_pmem nd_btt dax_pmem sunrpc kmem device_dax binfmt_misc cfg80211 ppdev 8021q garp mrp stp llc snd_pcm iTCO_wdt snd_timer intel_pmc_bxt snd joydev iTCO_vendor_support vga16fb parport_pc soundcore vgastate parport sha1_ssse3 psmouse pcspkr i2c_i801 i2c_mux i2c_smbus bochs input_leds lpc_ich mac_hid serio_raw sch_fq_codel efi_pstore nfnetlink vsock_loopback vmw_vsock_virtio_transport_common vmw_vsock_vmci_transport vsock vmw_vmci dmi_sysfs qemu_fw_cfg ip_tables x_tables autofs4
[ 2608.353387] CPU: 1 UID: 0 PID: 1286 Comm: kworker/1:2 Tainted: G             L      6.16.0-rc7+ #3 PREEMPT(voluntary) 
[ 2608.353390] Tainted: [L]=SOFTLOCKUP
[ 2608.353391] Hardware name: QEMU Standard PC (Q35 + ICH9, 2009), BIOS rel-1.17.0-0-gb52ca86e094d-prebuilt.qemu.org 04/01/2014
[ 2608.353393] Workqueue: events psi_avgs_work
[ 2608.353405] RIP: 0010:collect_percpu_times+0x42f/0x840
[ 2608.353407] Code: 31 db c3 cc cc cc cc 48 c7 c0 40 3d bc 83 f3 90 48 81 f9 00 20 00 00 0f 83 d7 03 00 00 48 8b 14 cd c0 1f fd 82 48 01 c2 8b 1a <f6> c3 01 0f 84 ee fc ff ff eb d9 8b b5 1c ff ff ff 48 c7 c7 20 b4
[ 2608.353408] RSP: 0018:ffffc90004a4bcf0 EFLAGS: 00000283
[ 2608.353410] RAX: ffffffff83bc3d40 RBX: 0000000000000027 RCX: 0000000000000001
[ 2608.353411] RDX: ffff888277c9cd40 RSI: 0000000000000000 RDI: ffffffff83bc3d80
[ 2608.353412] RBP: ffffc90004a4be00 R08: ffff888277c9cd80 R09: 0000000000000000
[ 2608.353412] R10: 0000000000000001 R11: 0000000000000000 R12: ffffc90004a4bda0
[ 2608.353413] R13: ffff888277c9cd94 R14: 0000000000000001 R15: ffffc90004a4bd84
[ 2608.353414] FS:  0000000000000000(0000) GS:ffff8882f40d9000(0000) knlGS:0000000000000000
[ 2608.353415] CS:  0010 DS: 0000 ES: 0000 CR0: 0000000080050033
[ 2608.353416] CR2: 00007d40c42cc200 CR3: 0000000119a54000 CR4: 00000000000406f0
[ 2608.353420] Call Trace:
[ 2608.353422]  <TASK>
[ 2608.353427]  ? finish_task_switch.isra.0+0x9c/0x340
[ 2608.353435]  psi_avgs_work+0x43/0xd0
[ 2608.353437]  ? css_free_rwork_fn+0x167/0x420
[ 2608.353444]  process_one_work+0x18a/0x370
[ 2608.353449]  worker_thread+0x347/0x480
[ 2608.353451]  ? __pfx_worker_thread+0x10/0x10
[ 2608.353453]  kthread+0x10b/0x220
[ 2608.353456]  ? __pfx_kthread+0x10/0x10
[ 2608.353457]  ret_from_fork+0x1a1/0x1d0
[ 2608.353462]  ? __pfx_kthread+0x10/0x10
[ 2608.353471]  ret_from_fork_asm+0x1a/0x30
[ 2608.353476]  </TASK>
[ 2636.353097] watchdog: BUG: soft lockup - CPU#1 stuck for 157s! [kworker/1:2:1286]
[ 2636.353109] Modules linked in: nd_pmem nd_btt dax_pmem sunrpc kmem device_dax binfmt_misc cfg80211 ppdev 8021q garp mrp stp llc snd_pcm iTCO_wdt snd_timer intel_pmc_bxt snd joydev iTCO_vendor_support vga16fb parport_pc soundcore vgastate parport sha1_ssse3 psmouse pcspkr i2c_i801 i2c_mux i2c_smbus bochs input_leds lpc_ich mac_hid serio_raw sch_fq_codel efi_pstore nfnetlink vsock_loopback vmw_vsock_virtio_transport_common vmw_vsock_vmci_transport vsock vmw_vmci dmi_sysfs qemu_fw_cfg ip_tables x_tables autofs4
[ 2636.353154] CPU: 1 UID: 0 PID: 1286 Comm: kworker/1:2 Tainted: G             L      6.16.0-rc7+ #3 PREEMPT(voluntary) 
[ 2636.353157] Tainted: [L]=SOFTLOCKUP
[ 2636.353158] Hardware name: QEMU Standard PC (Q35 + ICH9, 2009), BIOS rel-1.17.0-0-gb52ca86e094d-prebuilt.qemu.org 04/01/2014
[ 2636.353161] Workqueue: events psi_avgs_work
[ 2636.353172] RIP: 0010:collect_percpu_times+0x415/0x840
[ 2636.353175] Code: 5d 41 5e 41 5f 5d 31 c0 31 d2 31 c9 31 f6 31 ff 45 31 c0 45 31 c9 45 31 d2 45 31 db c3 cc cc cc cc 48 c7 c0 40 3d bc 83 f3 90 <48> 81 f9 00 20 00 00 0f 83 d7 03 00 00 48 8b 14 cd c0 1f fd 82 48
[ 2636.353176] RSP: 0018:ffffc90004a4bcf0 EFLAGS: 00000202
[ 2636.353177] RAX: ffffffff83bc3d40 RBX: 0000000000000027 RCX: 0000000000000001
[ 2636.353178] RDX: ffff888277c9cd40 RSI: 0000000000000000 RDI: ffffffff83bc3d80
[ 2636.353179] RBP: ffffc90004a4be00 R08: ffff888277c9cd80 R09: 0000000000000000
[ 2636.353179] R10: 0000000000000001 R11: 0000000000000000 R12: ffffc90004a4bda0
[ 2636.353180] R13: ffff888277c9cd94 R14: 0000000000000001 R15: ffffc90004a4bd84
[ 2636.353181] FS:  0000000000000000(0000) GS:ffff8882f40d9000(0000) knlGS:0000000000000000
[ 2636.353182] CS:  0010 DS: 0000 ES: 0000 CR0: 0000000080050033
[ 2636.353183] CR2: 00007d40c42cc200 CR3: 0000000119a54000 CR4: 00000000000406f0
[ 2636.353187] Call Trace:
[ 2636.353189]  <TASK>
[ 2636.353198]  ? finish_task_switch.isra.0+0x9c/0x340
[ 2636.353205]  psi_avgs_work+0x43/0xd0
[ 2636.353206]  ? css_free_rwork_fn+0x167/0x420
[ 2636.353226]  process_one_work+0x18a/0x370
[ 2636.353231]  worker_thread+0x347/0x480
[ 2636.353232]  ? __pfx_worker_thread+0x10/0x10
[ 2636.353234]  kthread+0x10b/0x220
[ 2636.353237]  ? __pfx_kthread+0x10/0x10
[ 2636.353238]  ret_from_fork+0x1a1/0x1d0
[ 2636.353242]  ? __pfx_kthread+0x10/0x10
[ 2636.353243]  ret_from_fork_asm+0x1a/0x30
[ 2636.353247]  </TASK>
[ 2664.353108] watchdog: BUG: soft lockup - CPU#1 stuck for 183s! [kworker/1:2:1286]
[ 2664.353125] Modules linked in: nd_pmem nd_btt dax_pmem sunrpc kmem device_dax binfmt_misc cfg80211 ppdev 8021q garp mrp stp llc snd_pcm iTCO_wdt snd_timer intel_pmc_bxt snd joydev iTCO_vendor_support vga16fb parport_pc soundcore vgastate parport sha1_ssse3 psmouse pcspkr i2c_i801 i2c_mux i2c_smbus bochs input_leds lpc_ich mac_hid serio_raw sch_fq_codel efi_pstore nfnetlink vsock_loopback vmw_vsock_virtio_transport_common vmw_vsock_vmci_transport vsock vmw_vmci dmi_sysfs qemu_fw_cfg ip_tables x_tables autofs4
[ 2664.353200] CPU: 1 UID: 0 PID: 1286 Comm: kworker/1:2 Tainted: G             L      6.16.0-rc7+ #3 PREEMPT(voluntary) 
[ 2664.353205] Tainted: [L]=SOFTLOCKUP
[ 2664.353209] Hardware name: QEMU Standard PC (Q35 + ICH9, 2009), BIOS rel-1.17.0-0-gb52ca86e094d-prebuilt.qemu.org 04/01/2014
[ 2664.353214] Workqueue: events psi_avgs_work
[ 2664.353259] RIP: 0010:collect_percpu_times+0x415/0x840
[ 2664.353264] Code: 5d 41 5e 41 5f 5d 31 c0 31 d2 31 c9 31 f6 31 ff 45 31 c0 45 31 c9 45 31 d2 45 31 db c3 cc cc cc cc 48 c7 c0 40 3d bc 83 f3 90 <48> 81 f9 00 20 00 00 0f 83 d7 03 00 00 48 8b 14 cd c0 1f fd 82 48
[ 2664.353266] RSP: 0018:ffffc90004a4bcf0 EFLAGS: 00000202
[ 2664.353270] RAX: ffffffff83bc3d40 RBX: 0000000000000027 RCX: 0000000000000001
[ 2664.353271] RDX: ffff888277c9cd40 RSI: 0000000000000000 RDI: ffffffff83bc3d80
[ 2664.353271] RBP: ffffc90004a4be00 R08: ffff888277c9cd80 R09: 0000000000000000
[ 2664.353272] R10: 0000000000000001 R11: 0000000000000000 R12: ffffc90004a4bda0
[ 2664.353286] R13: ffff888277c9cd94 R14: 0000000000000001 R15: ffffc90004a4bd84
[ 2664.353287] FS:  0000000000000000(0000) GS:ffff8882f40d9000(0000) knlGS:0000000000000000
[ 2664.353288] CS:  0010 DS: 0000 ES: 0000 CR0: 0000000080050033
[ 2664.353288] CR2: 00007d40c42cc200 CR3: 0000000119a54000 CR4: 00000000000406f0
[ 2664.353295] Call Trace:
[ 2664.353302]  <TASK>
[ 2664.353320]  ? finish_task_switch.isra.0+0x9c/0x340
[ 2664.353332]  psi_avgs_work+0x43/0xd0
[ 2664.353333]  ? css_free_rwork_fn+0x167/0x420
[ 2664.353350]  process_one_work+0x18a/0x370
[ 2664.353360]  worker_thread+0x347/0x480
[ 2664.353361]  ? __pfx_worker_thread+0x10/0x10
[ 2664.353363]  kthread+0x10b/0x220
[ 2664.353367]  ? __pfx_kthread+0x10/0x10
[ 2664.353369]  ret_from_fork+0x1a1/0x1d0
[ 2664.353381]  ? __pfx_kthread+0x10/0x10
[ 2664.353383]  ret_from_fork_asm+0x1a/0x30
[ 2664.353394]  </TASK>
[ 2692.353088] watchdog: BUG: soft lockup - CPU#1 stuck for 209s! [kworker/1:2:1286]
[ 2692.353094] Modules linked in: nd_pmem nd_btt dax_pmem sunrpc kmem device_dax binfmt_misc cfg80211 ppdev 8021q garp mrp stp llc snd_pcm iTCO_wdt snd_timer intel_pmc_bxt snd joydev iTCO_vendor_support vga16fb parport_pc soundcore vgastate parport sha1_ssse3 psmouse pcspkr i2c_i801 i2c_mux i2c_smbus bochs input_leds lpc_ich mac_hid serio_raw sch_fq_codel efi_pstore nfnetlink vsock_loopback vmw_vsock_virtio_transport_common vmw_vsock_vmci_transport vsock vmw_vmci dmi_sysfs qemu_fw_cfg ip_tables x_tables autofs4
[ 2692.353308] CPU: 1 UID: 0 PID: 1286 Comm: kworker/1:2 Tainted: G             L      6.16.0-rc7+ #3 PREEMPT(voluntary) 
[ 2692.353311] Tainted: [L]=SOFTLOCKUP
[ 2692.353312] Hardware name: QEMU Standard PC (Q35 + ICH9, 2009), BIOS rel-1.17.0-0-gb52ca86e094d-prebuilt.qemu.org 04/01/2014
[ 2692.353317] Workqueue: events psi_avgs_work
[ 2692.353330] RIP: 0010:collect_percpu_times+0x415/0x840
[ 2692.353333] Code: 5d 41 5e 41 5f 5d 31 c0 31 d2 31 c9 31 f6 31 ff 45 31 c0 45 31 c9 45 31 d2 45 31 db c3 cc cc cc cc 48 c7 c0 40 3d bc 83 f3 90 <48> 81 f9 00 20 00 00 0f 83 d7 03 00 00 48 8b 14 cd c0 1f fd 82 48
[ 2692.353334] RSP: 0018:ffffc90004a4bcf0 EFLAGS: 00000202
[ 2692.353353] RAX: ffffffff83bc3d40 RBX: 0000000000000027 RCX: 0000000000000001
[ 2692.353354] RDX: ffff888277c9cd40 RSI: 0000000000000000 RDI: ffffffff83bc3d80
[ 2692.353355] RBP: ffffc90004a4be00 R08: ffff888277c9cd80 R09: 0000000000000000
[ 2692.353355] R10: 0000000000000001 R11: 0000000000000000 R12: ffffc90004a4bda0
[ 2692.353356] R13: ffff888277c9cd94 R14: 0000000000000001 R15: ffffc90004a4bd84
[ 2692.353357] FS:  0000000000000000(0000) GS:ffff8882f40d9000(0000) knlGS:0000000000000000
[ 2692.353358] CS:  0010 DS: 0000 ES: 0000 CR0: 0000000080050033
[ 2692.353358] CR2: 00007d40c42cc200 CR3: 0000000119a54000 CR4: 00000000000406f0
[ 2692.353363] Call Trace:
[ 2692.353365]  <TASK>
[ 2692.353380]  ? finish_task_switch.isra.0+0x9c/0x340
[ 2692.353387]  psi_avgs_work+0x43/0xd0
[ 2692.353389]  ? css_free_rwork_fn+0x167/0x420
[ 2692.353396]  process_one_work+0x18a/0x370
[ 2692.353401]  worker_thread+0x347/0x480
[ 2692.353403]  ? __pfx_worker_thread+0x10/0x10
[ 2692.353405]  kthread+0x10b/0x220
[ 2692.353408]  ? __pfx_kthread+0x10/0x10
[ 2692.353409]  ret_from_fork+0x1a1/0x1d0
[ 2692.353413]  ? __pfx_kthread+0x10/0x10
[ 2692.353421]  ret_from_fork_asm+0x1a/0x30
[ 2692.353425]  </TASK>
[ 2704.545962] INFO: task (time-dir):1501 blocked for more than 122 seconds.
[ 2704.548659]       Tainted: G             L      6.16.0-rc7+ #3
[ 2704.550813] "echo 0 > /proc/sys/kernel/hung_task_timeout_secs" disables this message.
[ 2704.553606] task:(time-dir)      state:D stack:0     pid:1501  tgid:1501  ppid:1      task_flags:0x400100 flags:0x00004006
[ 2704.555346] Call Trace:
[ 2704.555739]  <TASK>
[ 2704.556157]  __schedule+0x41b/0x1700
[ 2704.556769]  ? asm_sysvec_apic_timer_interrupt+0x1b/0x20
[ 2704.557588]  schedule+0x27/0xf0
[ 2704.558369]  schedule_preempt_disabled+0x15/0x30
[ 2704.559455]  __mutex_lock.constprop.0+0x4ce/0x9c0
[ 2704.560259]  ? __memcg_slab_post_alloc_hook+0x1ba/0x3f0
[ 2704.561113]  __mutex_lock_slowpath+0x13/0x20
[ 2704.561755]  mutex_lock+0x3b/0x50
[ 2704.562268]  psi_show+0x46/0x2e0
[ 2704.562762]  ? seq_read_iter+0x388/0x490
[ 2704.563490]  psi_io_show+0x17/0x30
[ 2704.563808]  seq_read_iter+0x130/0x490
[ 2704.564203]  seq_read+0xf9/0x150
[ 2704.564472]  proc_reg_read+0x6d/0xd0
[ 2704.564794]  vfs_read+0xbf/0x360
[ 2704.565119]  ? kmem_cache_free+0x430/0x4f0
[ 2704.565454]  ? __fput+0x1a2/0x2d0
[ 2704.565728]  ksys_read+0x69/0xe0
[ 2704.565990]  __x64_sys_read+0x19/0x30
[ 2704.566350]  x64_sys_call+0x20d4/0x2320
[ 2704.566657]  do_syscall_64+0x83/0x2f0
[ 2704.566972]  ? __x64_sys_openat+0x5f/0xa0
[ 2704.567344]  ? x64_sys_call+0x19cc/0x2320
[ 2704.567667]  ? do_syscall_64+0xbc/0x2f0
[ 2704.567981]  ? __do_sys_statfs+0x57/0x60
[ 2704.568384]  ? __x64_sys_statfs+0x16/0x20
[ 2704.568697]  ? x64_sys_call+0x1ae9/0x2320
[ 2704.569023]  ? do_syscall_64+0xbc/0x2f0
[ 2704.569353]  ? irqentry_exit+0x43/0x50
[ 2704.569648]  ? exc_page_fault+0x8d/0x1a0
[ 2704.569963]  entry_SYSCALL_64_after_hwframe+0x76/0x7e
[ 2704.570382] RIP: 0033:0x7d40c4099687
[ 2704.570672] RSP: 002b:00007fff6b5c68d0 EFLAGS: 00000202 ORIG_RAX: 0000000000000000
[ 2704.571317] RAX: ffffffffffffffda RBX: 00007d40c46b8e00 RCX: 00007d40c4099687
[ 2704.571869] RDX: 0000000000000001 RSI: 00006282ca4d4d80 RDI: 0000000000000003
[ 2704.572475] RBP: 0000000000000003 R08: 0000000000000000 R09: 0000000000000000
[ 2704.573038] R10: 0000000000000000 R11: 0000000000000202 R12: 0000000000000000
[ 2704.573650] R13: 0000000000000001 R14: 0000000000000000 R15: 0000000000000001
[ 2704.574263]  </TASK>
[ 2704.574476] INFO: task (time-dir):1501 is blocked on a mutex likely owned by task kworker/1:2:1286.
[ 2704.575215] task:kworker/1:2     state:R  running task     stack:0     pid:1286  tgid:1286  ppid:2      task_flags:0x4208060 flags:0x00004008
[ 2704.576226] Workqueue: events psi_avgs_work
[ 2704.576560] Call Trace:
[ 2704.576771]  <TASK>
[ 2704.576954]  ? psi_avgs_work+0x43/0xd0
[ 2704.577301]  ? css_free_rwork_fn+0x167/0x420
[ 2704.577641]  ? process_one_work+0x18a/0x370
[ 2704.577989]  ? worker_thread+0x347/0x480
[ 2704.578351]  ? __pfx_worker_thread+0x10/0x10
[ 2704.578665]  ? kthread+0x10b/0x220
[ 2704.578931]  ? __pfx_kthread+0x10/0x10
[ 2704.579262]  ? ret_from_fork+0x1a1/0x1d0
[ 2704.579554]  ? __pfx_kthread+0x10/0x10
[ 2704.579835]  ? ret_from_fork_asm+0x1a/0x30
[ 2704.580173]  </TASK>
[ 2720.353086] watchdog: BUG: soft lockup - CPU#1 stuck for 235s! [kworker/1:2:1286]
[ 2720.353093] Modules linked in: nd_pmem nd_btt dax_pmem sunrpc kmem device_dax binfmt_misc cfg80211 ppdev 8021q garp mrp stp llc snd_pcm iTCO_wdt snd_timer intel_pmc_bxt snd joydev iTCO_vendor_support vga16fb parport_pc soundcore vgastate parport sha1_ssse3 psmouse pcspkr i2c_i801 i2c_mux i2c_smbus bochs input_leds lpc_ich mac_hid serio_raw sch_fq_codel efi_pstore nfnetlink vsock_loopback vmw_vsock_virtio_transport_common vmw_vsock_vmci_transport vsock vmw_vmci dmi_sysfs qemu_fw_cfg ip_tables x_tables autofs4
[ 2720.353132] CPU: 1 UID: 0 PID: 1286 Comm: kworker/1:2 Tainted: G             L      6.16.0-rc7+ #3 PREEMPT(voluntary) 
[ 2720.353135] Tainted: [L]=SOFTLOCKUP
[ 2720.353136] Hardware name: QEMU Standard PC (Q35 + ICH9, 2009), BIOS rel-1.17.0-0-gb52ca86e094d-prebuilt.qemu.org 04/01/2014
[ 2720.353138] Workqueue: events psi_avgs_work
[ 2720.353148] RIP: 0010:collect_percpu_times+0x422/0x840
[ 2720.353151] Code: f6 31 ff 45 31 c0 45 31 c9 45 31 d2 45 31 db c3 cc cc cc cc 48 c7 c0 40 3d bc 83 f3 90 48 81 f9 00 20 00 00 0f 83 d7 03 00 00 <48> 8b 14 cd c0 1f fd 82 48 01 c2 8b 1a f6 c3 01 0f 84 ee fc ff ff
[ 2720.353152] RSP: 0018:ffffc90004a4bcf0 EFLAGS: 00000283
[ 2720.353154] RAX: ffffffff83bc3d40 RBX: 0000000000000027 RCX: 0000000000000001
[ 2720.353155] RDX: ffff888277c9cd40 RSI: 0000000000000000 RDI: ffffffff83bc3d80
[ 2720.353155] RBP: ffffc90004a4be00 R08: ffff888277c9cd80 R09: 0000000000000000
[ 2720.353156] R10: 0000000000000001 R11: 0000000000000000 R12: ffffc90004a4bda0
[ 2720.353156] R13: ffff888277c9cd94 R14: 0000000000000001 R15: ffffc90004a4bd84
[ 2720.353157] FS:  0000000000000000(0000) GS:ffff8882f40d9000(0000) knlGS:0000000000000000
[ 2720.353158] CS:  0010 DS: 0000 ES: 0000 CR0: 0000000080050033
[ 2720.353159] CR2: 00007d40c42cc200 CR3: 0000000119a54000 CR4: 00000000000406f0
[ 2720.353163] Call Trace:
[ 2720.353165]  <TASK>
[ 2720.353170]  ? finish_task_switch.isra.0+0x9c/0x340
[ 2720.353176]  psi_avgs_work+0x43/0xd0
[ 2720.353178]  ? css_free_rwork_fn+0x167/0x420
[ 2720.353185]  process_one_work+0x18a/0x370
[ 2720.353189]  worker_thread+0x347/0x480
[ 2720.353191]  ? __pfx_worker_thread+0x10/0x10
[ 2720.353193]  kthread+0x10b/0x220
[ 2720.353196]  ? __pfx_kthread+0x10/0x10
[ 2720.353197]  ret_from_fork+0x1a1/0x1d0
[ 2720.353201]  ? __pfx_kthread+0x10/0x10
[ 2720.353202]  ret_from_fork_asm+0x1a/0x30
[ 2720.353237]  </TASK>
[ 2748.353087] watchdog: BUG: soft lockup - CPU#1 stuck for 261s! [kworker/1:2:1286]
[ 2748.353093] Modules linked in: nd_pmem nd_btt dax_pmem sunrpc kmem device_dax binfmt_misc cfg80211 ppdev 8021q garp mrp stp llc snd_pcm iTCO_wdt snd_timer intel_pmc_bxt snd joydev iTCO_vendor_support vga16fb parport_pc soundcore vgastate parport sha1_ssse3 psmouse pcspkr i2c_i801 i2c_mux i2c_smbus bochs input_leds lpc_ich mac_hid serio_raw sch_fq_codel efi_pstore nfnetlink vsock_loopback vmw_vsock_virtio_transport_common vmw_vsock_vmci_transport vsock vmw_vmci dmi_sysfs qemu_fw_cfg ip_tables x_tables autofs4
[ 2748.353132] CPU: 1 UID: 0 PID: 1286 Comm: kworker/1:2 Tainted: G             L      6.16.0-rc7+ #3 PREEMPT(voluntary) 
[ 2748.353136] Tainted: [L]=SOFTLOCKUP
[ 2748.353137] Hardware name: QEMU Standard PC (Q35 + ICH9, 2009), BIOS rel-1.17.0-0-gb52ca86e094d-prebuilt.qemu.org 04/01/2014
[ 2748.353139] Workqueue: events psi_avgs_work
[ 2748.353149] RIP: 0010:collect_percpu_times+0x42a/0x840
[ 2748.353152] Code: c9 45 31 d2 45 31 db c3 cc cc cc cc 48 c7 c0 40 3d bc 83 f3 90 48 81 f9 00 20 00 00 0f 83 d7 03 00 00 48 8b 14 cd c0 1f fd 82 <48> 01 c2 8b 1a f6 c3 01 0f 84 ee fc ff ff eb d9 8b b5 1c ff ff ff
[ 2748.353154] RSP: 0018:ffffc90004a4bcf0 EFLAGS: 00000283
[ 2748.353156] RAX: ffffffff83bc3d40 RBX: 0000000000000027 RCX: 0000000000000001
[ 2748.353156] RDX: ffff8882f40d9000 RSI: 0000000000000000 RDI: ffffffff83bc3d80
[ 2748.353157] RBP: ffffc90004a4be00 R08: ffff888277c9cd80 R09: 0000000000000000
[ 2748.353342] R10: 0000000000000001 R11: 0000000000000000 R12: ffffc90004a4bda0
[ 2748.353343] R13: ffff888277c9cd94 R14: 0000000000000001 R15: ffffc90004a4bd84
[ 2748.353344] FS:  0000000000000000(0000) GS:ffff8882f40d9000(0000) knlGS:0000000000000000
[ 2748.353345] CS:  0010 DS: 0000 ES: 0000 CR0: 0000000080050033
[ 2748.353345] CR2: 00007d40c42cc200 CR3: 0000000119a54000 CR4: 00000000000406f0
[ 2748.353350] Call Trace:
[ 2748.353352]  <TASK>
[ 2748.353358]  ? finish_task_switch.isra.0+0x9c/0x340
[ 2748.353363]  psi_avgs_work+0x43/0xd0
[ 2748.353365]  ? css_free_rwork_fn+0x167/0x420
[ 2748.353370]  process_one_work+0x18a/0x370
[ 2748.353373]  worker_thread+0x347/0x480
[ 2748.353375]  ? __pfx_worker_thread+0x10/0x10
[ 2748.353377]  kthread+0x10b/0x220
[ 2748.353379]  ? __pfx_kthread+0x10/0x10
[ 2748.353380]  ret_from_fork+0x1a1/0x1d0
[ 2748.353383]  ? __pfx_kthread+0x10/0x10
[ 2748.353384]  ret_from_fork_asm+0x1a/0x30
[ 2748.353387]  </TASK>
[ 2776.353087] watchdog: BUG: soft lockup - CPU#1 stuck for 287s! [kworker/1:2:1286]
[ 2776.353093] Modules linked in: nd_pmem nd_btt dax_pmem sunrpc kmem device_dax binfmt_misc cfg80211 ppdev 8021q garp mrp stp llc snd_pcm iTCO_wdt snd_timer intel_pmc_bxt snd joydev iTCO_vendor_support vga16fb parport_pc soundcore vgastate parport sha1_ssse3 psmouse pcspkr i2c_i801 i2c_mux i2c_smbus bochs input_leds lpc_ich mac_hid serio_raw sch_fq_codel efi_pstore nfnetlink vsock_loopback vmw_vsock_virtio_transport_common vmw_vsock_vmci_transport vsock vmw_vmci dmi_sysfs qemu_fw_cfg ip_tables x_tables autofs4
[ 2776.353140] CPU: 1 UID: 0 PID: 1286 Comm: kworker/1:2 Tainted: G             L      6.16.0-rc7+ #3 PREEMPT(voluntary) 
[ 2776.353143] Tainted: [L]=SOFTLOCKUP
[ 2776.353144] Hardware name: QEMU Standard PC (Q35 + ICH9, 2009), BIOS rel-1.17.0-0-gb52ca86e094d-prebuilt.qemu.org 04/01/2014
[ 2776.353147] Workqueue: events psi_avgs_work
[ 2776.353157] RIP: 0010:collect_percpu_times+0x415/0x840
[ 2776.353160] Code: 5d 41 5e 41 5f 5d 31 c0 31 d2 31 c9 31 f6 31 ff 45 31 c0 45 31 c9 45 31 d2 45 31 db c3 cc cc cc cc 48 c7 c0 40 3d bc 83 f3 90 <48> 81 f9 00 20 00 00 0f 83 d7 03 00 00 48 8b 14 cd c0 1f fd 82 48
[ 2776.353161] RSP: 0018:ffffc90004a4bcf0 EFLAGS: 00000202
[ 2776.353163] RAX: ffffffff83bc3d40 RBX: 0000000000000027 RCX: 0000000000000001
[ 2776.353164] RDX: ffff888277c9cd40 RSI: 0000000000000000 RDI: ffffffff83bc3d80
[ 2776.353164] RBP: ffffc90004a4be00 R08: ffff888277c9cd80 R09: 0000000000000000
[ 2776.353165] R10: 0000000000000001 R11: 0000000000000000 R12: ffffc90004a4bda0
[ 2776.353165] R13: ffff888277c9cd94 R14: 0000000000000001 R15: ffffc90004a4bd84
[ 2776.353188] FS:  0000000000000000(0000) GS:ffff8882f40d9000(0000) knlGS:0000000000000000
[ 2776.353190] CS:  0010 DS: 0000 ES: 0000 CR0: 0000000080050033
[ 2776.353190] CR2: 00007d40c42cc200 CR3: 0000000119a54000 CR4: 00000000000406f0
[ 2776.353195] Call Trace:
[ 2776.353197]  <TASK>
[ 2776.353203]  ? finish_task_switch.isra.0+0x9c/0x340
[ 2776.353209]  psi_avgs_work+0x43/0xd0
[ 2776.353210]  ? css_free_rwork_fn+0x167/0x420
[ 2776.353217]  process_one_work+0x18a/0x370
[ 2776.353222]  worker_thread+0x347/0x480
[ 2776.353223]  ? __pfx_worker_thread+0x10/0x10
[ 2776.353225]  kthread+0x10b/0x220
[ 2776.353228]  ? __pfx_kthread+0x10/0x10
[ 2776.353229]  ret_from_fork+0x1a1/0x1d0
[ 2776.353232]  ? __pfx_kthread+0x10/0x10
[ 2776.353233]  ret_from_fork_asm+0x1a/0x30
[ 2776.353238]  </TASK>
[ 2804.353087] watchdog: BUG: soft lockup - CPU#1 stuck for 313s! [kworker/1:2:1286]
[ 2804.353093] Modules linked in: nd_pmem nd_btt dax_pmem sunrpc kmem device_dax binfmt_misc cfg80211 ppdev 8021q garp mrp stp llc snd_pcm iTCO_wdt snd_timer intel_pmc_bxt snd joydev iTCO_vendor_support vga16fb parport_pc soundcore vgastate parport sha1_ssse3 psmouse pcspkr i2c_i801 i2c_mux i2c_smbus bochs input_leds lpc_ich mac_hid serio_raw sch_fq_codel efi_pstore nfnetlink vsock_loopback vmw_vsock_virtio_transport_common vmw_vsock_vmci_transport vsock vmw_vmci dmi_sysfs qemu_fw_cfg ip_tables x_tables autofs4
[ 2804.353256] CPU: 1 UID: 0 PID: 1286 Comm: kworker/1:2 Tainted: G             L      6.16.0-rc7+ #3 PREEMPT(voluntary) 
[ 2804.353279] Tainted: [L]=SOFTLOCKUP
[ 2804.353280] Hardware name: QEMU Standard PC (Q35 + ICH9, 2009), BIOS rel-1.17.0-0-gb52ca86e094d-prebuilt.qemu.org 04/01/2014
[ 2804.353285] Workqueue: events psi_avgs_work
[ 2804.353296] RIP: 0010:collect_percpu_times+0x415/0x840
[ 2804.353298] Code: 5d 41 5e 41 5f 5d 31 c0 31 d2 31 c9 31 f6 31 ff 45 31 c0 45 31 c9 45 31 d2 45 31 db c3 cc cc cc cc 48 c7 c0 40 3d bc 83 f3 90 <48> 81 f9 00 20 00 00 0f 83 d7 03 00 00 48 8b 14 cd c0 1f fd 82 48
[ 2804.353299] RSP: 0018:ffffc90004a4bcf0 EFLAGS: 00000202
[ 2804.353301] RAX: ffffffff83bc3d40 RBX: 0000000000000027 RCX: 0000000000000001
[ 2804.353302] RDX: ffff888277c9cd40 RSI: 0000000000000000 RDI: ffffffff83bc3d80
[ 2804.353303] RBP: ffffc90004a4be00 R08: ffff888277c9cd80 R09: 0000000000000000
[ 2804.353303] R10: 0000000000000001 R11: 0000000000000000 R12: ffffc90004a4bda0
[ 2804.353304] R13: ffff888277c9cd94 R14: 0000000000000001 R15: ffffc90004a4bd84
[ 2804.353305] FS:  0000000000000000(0000) GS:ffff8882f40d9000(0000) knlGS:0000000000000000
[ 2804.353306] CS:  0010 DS: 0000 ES: 0000 CR0: 0000000080050033
[ 2804.353306] CR2: 00007d40c42cc200 CR3: 0000000119a54000 CR4: 00000000000406f0
[ 2804.353310] Call Trace:
[ 2804.353312]  <TASK>
[ 2804.353324]  ? finish_task_switch.isra.0+0x9c/0x340
[ 2804.353338]  psi_avgs_work+0x43/0xd0
[ 2804.353339]  ? css_free_rwork_fn+0x167/0x420
[ 2804.353346]  process_one_work+0x18a/0x370
[ 2804.353351]  worker_thread+0x347/0x480
[ 2804.353353]  ? __pfx_worker_thread+0x10/0x10
[ 2804.353355]  kthread+0x10b/0x220
[ 2804.353358]  ? __pfx_kthread+0x10/0x10
[ 2804.353359]  ret_from_fork+0x1a1/0x1d0
[ 2804.353363]  ? __pfx_kthread+0x10/0x10
[ 2804.353364]  ret_from_fork_asm+0x1a/0x30
[ 2804.353374]  </TASK>
[ 2827.424213] INFO: task (time-dir):1501 blocked for more than 245 seconds.
[ 2827.426755]       Tainted: G             L      6.16.0-rc7+ #3
[ 2827.428776] "echo 0 > /proc/sys/kernel/hung_task_timeout_secs" disables this message.
[ 2827.431464] task:(time-dir)      state:D stack:0     pid:1501  tgid:1501  ppid:1      task_flags:0x400100 flags:0x00004006
[ 2827.435148] Call Trace:
[ 2827.436035]  <TASK>
[ 2827.436562]  __schedule+0x41b/0x1700
[ 2827.437143]  ? asm_sysvec_apic_timer_interrupt+0x1b/0x20
[ 2827.438549]  schedule+0x27/0xf0
[ 2827.439080]  schedule_preempt_disabled+0x15/0x30
[ 2827.440724]  __mutex_lock.constprop.0+0x4ce/0x9c0
[ 2827.441498]  ? __memcg_slab_post_alloc_hook+0x1ba/0x3f0
[ 2827.442321]  __mutex_lock_slowpath+0x13/0x20
[ 2827.442926]  mutex_lock+0x3b/0x50
[ 2827.443192]  psi_show+0x46/0x2e0
[ 2827.443428]  ? seq_read_iter+0x388/0x490
[ 2827.443716]  psi_io_show+0x17/0x30
[ 2827.443962]  seq_read_iter+0x130/0x490
[ 2827.444280]  seq_read+0xf9/0x150
[ 2827.444511]  proc_reg_read+0x6d/0xd0
[ 2827.444772]  vfs_read+0xbf/0x360
[ 2827.445005]  ? kmem_cache_free+0x430/0x4f0
[ 2827.445329]  ? __fput+0x1a2/0x2d0
[ 2827.445565]  ksys_read+0x69/0xe0
[ 2827.445800]  __x64_sys_read+0x19/0x30
[ 2827.446065]  x64_sys_call+0x20d4/0x2320
[ 2827.446369]  do_syscall_64+0x83/0x2f0
[ 2827.446628]  ? __x64_sys_openat+0x5f/0xa0
[ 2827.446915]  ? x64_sys_call+0x19cc/0x2320
[ 2827.447229]  ? do_syscall_64+0xbc/0x2f0
[ 2827.447499]  ? __do_sys_statfs+0x57/0x60
[ 2827.447783]  ? __x64_sys_statfs+0x16/0x20
[ 2827.448074]  ? x64_sys_call+0x1ae9/0x2320
[ 2827.448383]  ? do_syscall_64+0xbc/0x2f0
[ 2827.448653]  ? irqentry_exit+0x43/0x50
[ 2827.448923]  ? exc_page_fault+0x8d/0x1a0
[ 2827.449222]  entry_SYSCALL_64_after_hwframe+0x76/0x7e
[ 2827.449571] RIP: 0033:0x7d40c4099687
[ 2827.449832] RSP: 002b:00007fff6b5c68d0 EFLAGS: 00000202 ORIG_RAX: 0000000000000000
[ 2827.450425] RAX: ffffffffffffffda RBX: 00007d40c46b8e00 RCX: 00007d40c4099687
[ 2827.450928] RDX: 0000000000000001 RSI: 00006282ca4d4d80 RDI: 0000000000000003
[ 2827.451478] RBP: 0000000000000003 R08: 0000000000000000 R09: 0000000000000000
[ 2827.451971] R10: 0000000000000000 R11: 0000000000000202 R12: 0000000000000000
[ 2827.452491] R13: 0000000000000001 R14: 0000000000000000 R15: 0000000000000001
[ 2827.452995]  </TASK>
[ 2827.453420] INFO: task (time-dir):1501 is blocked on a mutex likely owned by task kworker/1:2:1286.
[ 2827.454094] task:kworker/1:2     state:R  running task     stack:0     pid:1286  tgid:1286  ppid:2      task_flags:0x4208060 flags:0x00004008
[ 2827.455067] Workqueue: events psi_avgs_work
[ 2827.455431] Call Trace:
[ 2827.455619]  <TASK>
[ 2827.455788]  ? psi_avgs_work+0x43/0xd0
[ 2827.456076]  ? css_free_rwork_fn+0x167/0x420
[ 2827.456445]  ? process_one_work+0x18a/0x370
[ 2827.456764]  ? worker_thread+0x347/0x480
[ 2827.457064]  ? __pfx_worker_thread+0x10/0x10
[ 2827.457437]  ? kthread+0x10b/0x220
[ 2827.457689]  ? __pfx_kthread+0x10/0x10
[ 2827.457971]  ? ret_from_fork+0x1a1/0x1d0
[ 2827.458323]  ? __pfx_kthread+0x10/0x10
[ 2827.458603]  ? ret_from_fork_asm+0x1a/0x30
[ 2827.458913]  </TASK>
[ 2832.353088] watchdog: BUG: soft lockup - CPU#1 stuck for 339s! [kworker/1:2:1286]
[ 2832.353094] Modules linked in: nd_pmem nd_btt dax_pmem sunrpc kmem device_dax binfmt_misc cfg80211 ppdev 8021q garp mrp stp llc snd_pcm iTCO_wdt snd_timer intel_pmc_bxt snd joydev iTCO_vendor_support vga16fb parport_pc soundcore vgastate parport sha1_ssse3 psmouse pcspkr i2c_i801 i2c_mux i2c_smbus bochs input_leds lpc_ich mac_hid serio_raw sch_fq_codel efi_pstore nfnetlink vsock_loopback vmw_vsock_virtio_transport_common vmw_vsock_vmci_transport vsock vmw_vmci dmi_sysfs qemu_fw_cfg ip_tables x_tables autofs4
[ 2832.353134] CPU: 1 UID: 0 PID: 1286 Comm: kworker/1:2 Tainted: G             L      6.16.0-rc7+ #3 PREEMPT(voluntary) 
[ 2832.353137] Tainted: [L]=SOFTLOCKUP
[ 2832.353138] Hardware name: QEMU Standard PC (Q35 + ICH9, 2009), BIOS rel-1.17.0-0-gb52ca86e094d-prebuilt.qemu.org 04/01/2014
[ 2832.353140] Workqueue: events psi_avgs_work
[ 2832.353151] RIP: 0010:collect_percpu_times+0x42a/0x840
[ 2832.353154] Code: c9 45 31 d2 45 31 db c3 cc cc cc cc 48 c7 c0 40 3d bc 83 f3 90 48 81 f9 00 20 00 00 0f 83 d7 03 00 00 48 8b 14 cd c0 1f fd 82 <48> 01 c2 8b 1a f6 c3 01 0f 84 ee fc ff ff eb d9 8b b5 1c ff ff ff
[ 2832.353155] RSP: 0018:ffffc90004a4bcf0 EFLAGS: 00000283
[ 2832.353157] RAX: ffffffff83bc3d40 RBX: 0000000000000027 RCX: 0000000000000001
[ 2832.353158] RDX: ffff8882f40d9000 RSI: 0000000000000000 RDI: ffffffff83bc3d80
[ 2832.353158] RBP: ffffc90004a4be00 R08: ffff888277c9cd80 R09: 0000000000000000
[ 2832.353159] R10: 0000000000000001 R11: 0000000000000000 R12: ffffc90004a4bda0
[ 2832.353160] R13: ffff888277c9cd94 R14: 0000000000000001 R15: ffffc90004a4bd84
[ 2832.353161] FS:  0000000000000000(0000) GS:ffff8882f40d9000(0000) knlGS:0000000000000000
[ 2832.353162] CS:  0010 DS: 0000 ES: 0000 CR0: 0000000080050033
[ 2832.353162] CR2: 00007d40c42cc200 CR3: 0000000119a54000 CR4: 00000000000406f0
[ 2832.353166] Call Trace:
[ 2832.353168]  <TASK>
[ 2832.353174]  ? finish_task_switch.isra.0+0x9c/0x340
[ 2832.353181]  psi_avgs_work+0x43/0xd0
[ 2832.353183]  ? css_free_rwork_fn+0x167/0x420
[ 2832.353189]  process_one_work+0x18a/0x370
[ 2832.353194]  worker_thread+0x347/0x480
[ 2832.353196]  ? __pfx_worker_thread+0x10/0x10
[ 2832.353198]  kthread+0x10b/0x220
[ 2832.353201]  ? __pfx_kthread+0x10/0x10
[ 2832.353202]  ret_from_fork+0x1a1/0x1d0
[ 2832.353206]  ? __pfx_kthread+0x10/0x10
[ 2832.353207]  ret_from_fork_asm+0x1a/0x30
[ 2832.353212]  </TASK>
[ 2860.353087] watchdog: BUG: soft lockup - CPU#1 stuck for 365s! [kworker/1:2:1286]
[ 2860.353092] Modules linked in: nd_pmem nd_btt dax_pmem sunrpc kmem device_dax binfmt_misc cfg80211 ppdev 8021q garp mrp stp llc snd_pcm iTCO_wdt snd_timer intel_pmc_bxt snd joydev iTCO_vendor_support vga16fb parport_pc soundcore vgastate parport sha1_ssse3 psmouse pcspkr i2c_i801 i2c_mux i2c_smbus bochs input_leds lpc_ich mac_hid serio_raw sch_fq_codel efi_pstore nfnetlink vsock_loopback vmw_vsock_virtio_transport_common vmw_vsock_vmci_transport vsock vmw_vmci dmi_sysfs qemu_fw_cfg ip_tables x_tables autofs4
[ 2860.353131] CPU: 1 UID: 0 PID: 1286 Comm: kworker/1:2 Tainted: G             L      6.16.0-rc7+ #3 PREEMPT(voluntary) 
[ 2860.353134] Tainted: [L]=SOFTLOCKUP
[ 2860.353135] Hardware name: QEMU Standard PC (Q35 + ICH9, 2009), BIOS rel-1.17.0-0-gb52ca86e094d-prebuilt.qemu.org 04/01/2014
[ 2860.353138] Workqueue: events psi_avgs_work
[ 2860.353149] RIP: 0010:collect_percpu_times+0x415/0x840
[ 2860.353399] Code: 5d 41 5e 41 5f 5d 31 c0 31 d2 31 c9 31 f6 31 ff 45 31 c0 45 31 c9 45 31 d2 45 31 db c3 cc cc cc cc 48 c7 c0 40 3d bc 83 f3 90 <48> 81 f9 00 20 00 00 0f 83 d7 03 00 00 48 8b 14 cd c0 1f fd 82 48
[ 2860.353401] RSP: 0018:ffffc90004a4bcf0 EFLAGS: 00000202
[ 2860.353403] RAX: ffffffff83bc3d40 RBX: 0000000000000027 RCX: 0000000000000001
[ 2860.353404] RDX: ffff888277c9cd40 RSI: 0000000000000000 RDI: ffffffff83bc3d80
[ 2860.353404] RBP: ffffc90004a4be00 R08: ffff888277c9cd80 R09: 0000000000000000
[ 2860.353405] R10: 0000000000000001 R11: 0000000000000000 R12: ffffc90004a4bda0
[ 2860.353405] R13: ffff888277c9cd94 R14: 0000000000000001 R15: ffffc90004a4bd84
[ 2860.353406] FS:  0000000000000000(0000) GS:ffff8882f40d9000(0000) knlGS:0000000000000000
[ 2860.353407] CS:  0010 DS: 0000 ES: 0000 CR0: 0000000080050033
[ 2860.353408] CR2: 00007d40c42cc200 CR3: 0000000119a54000 CR4: 00000000000406f0
[ 2860.353412] Call Trace:
[ 2860.353414]  <TASK>
[ 2860.353419]  ? finish_task_switch.isra.0+0x9c/0x340
[ 2860.353424]  psi_avgs_work+0x43/0xd0
[ 2860.353425]  ? css_free_rwork_fn+0x167/0x420
[ 2860.353430]  process_one_work+0x18a/0x370
[ 2860.353433]  worker_thread+0x347/0x480
[ 2860.353435]  ? __pfx_worker_thread+0x10/0x10
[ 2860.353437]  kthread+0x10b/0x220
[ 2860.353439]  ? __pfx_kthread+0x10/0x10
[ 2860.353440]  ret_from_fork+0x1a1/0x1d0
[ 2860.353443]  ? __pfx_kthread+0x10/0x10
[ 2860.353444]  ret_from_fork_asm+0x1a/0x30
[ 2860.353447]  </TASK>
[ 2888.353087] watchdog: BUG: soft lockup - CPU#1 stuck for 391s! [kworker/1:2:1286]
[ 2888.353094] Modules linked in: nd_pmem nd_btt dax_pmem sunrpc kmem device_dax binfmt_misc cfg80211 ppdev 8021q garp mrp stp llc snd_pcm iTCO_wdt snd_timer intel_pmc_bxt snd joydev iTCO_vendor_support vga16fb parport_pc soundcore vgastate parport sha1_ssse3 psmouse pcspkr i2c_i801 i2c_mux i2c_smbus bochs input_leds lpc_ich mac_hid serio_raw sch_fq_codel efi_pstore nfnetlink vsock_loopback vmw_vsock_virtio_transport_common vmw_vsock_vmci_transport vsock vmw_vmci dmi_sysfs qemu_fw_cfg ip_tables x_tables autofs4
[ 2888.353133] CPU: 1 UID: 0 PID: 1286 Comm: kworker/1:2 Tainted: G             L      6.16.0-rc7+ #3 PREEMPT(voluntary) 
[ 2888.353136] Tainted: [L]=SOFTLOCKUP
[ 2888.353137] Hardware name: QEMU Standard PC (Q35 + ICH9, 2009), BIOS rel-1.17.0-0-gb52ca86e094d-prebuilt.qemu.org 04/01/2014
[ 2888.353140] Workqueue: events psi_avgs_work
[ 2888.353150] RIP: 0010:collect_percpu_times+0x415/0x840
[ 2888.353153] Code: 5d 41 5e 41 5f 5d 31 c0 31 d2 31 c9 31 f6 31 ff 45 31 c0 45 31 c9 45 31 d2 45 31 db c3 cc cc cc cc 48 c7 c0 40 3d bc 83 f3 90 <48> 81 f9 00 20 00 00 0f 83 d7 03 00 00 48 8b 14 cd c0 1f fd 82 48
[ 2888.353154] RSP: 0018:ffffc90004a4bcf0 EFLAGS: 00000202
[ 2888.353156] RAX: ffffffff83bc3d40 RBX: 0000000000000027 RCX: 0000000000000001
[ 2888.353157] RDX: ffff888277c9cd40 RSI: 0000000000000000 RDI: ffffffff83bc3d80
[ 2888.353157] RBP: ffffc90004a4be00 R08: ffff888277c9cd80 R09: 0000000000000000
[ 2888.353158] R10: 0000000000000001 R11: 0000000000000000 R12: ffffc90004a4bda0
[ 2888.353159] R13: ffff888277c9cd94 R14: 0000000000000001 R15: ffffc90004a4bd84
[ 2888.353160] FS:  0000000000000000(0000) GS:ffff8882f40d9000(0000) knlGS:0000000000000000
[ 2888.353161] CS:  0010 DS: 0000 ES: 0000 CR0: 0000000080050033
[ 2888.353418] CR2: 00007d40c42cc200 CR3: 0000000119a54000 CR4: 00000000000406f0
[ 2888.353422] Call Trace:
[ 2888.353425]  <TASK>
[ 2888.353430]  ? finish_task_switch.isra.0+0x9c/0x340
[ 2888.353437]  psi_avgs_work+0x43/0xd0
[ 2888.353438]  ? css_free_rwork_fn+0x167/0x420
[ 2888.353445]  process_one_work+0x18a/0x370
[ 2888.353449]  worker_thread+0x347/0x480
[ 2888.353451]  ? __pfx_worker_thread+0x10/0x10
[ 2888.353453]  kthread+0x10b/0x220
[ 2888.353456]  ? __pfx_kthread+0x10/0x10
[ 2888.353457]  ret_from_fork+0x1a1/0x1d0
[ 2888.353461]  ? __pfx_kthread+0x10/0x10
[ 2888.353462]  ret_from_fork_asm+0x1a/0x30
[ 2888.353466]  </TASK>
[ 2916.353088] watchdog: BUG: soft lockup - CPU#1 stuck for 418s! [kworker/1:2:1286]
[ 2916.353094] Modules linked in: nd_pmem nd_btt dax_pmem sunrpc kmem device_dax binfmt_misc cfg80211 ppdev 8021q garp mrp stp llc snd_pcm iTCO_wdt snd_timer intel_pmc_bxt snd joydev iTCO_vendor_support vga16fb parport_pc soundcore vgastate parport sha1_ssse3 psmouse pcspkr i2c_i801 i2c_mux i2c_smbus bochs input_leds lpc_ich mac_hid serio_raw sch_fq_codel efi_pstore nfnetlink vsock_loopback vmw_vsock_virtio_transport_common vmw_vsock_vmci_transport vsock vmw_vmci dmi_sysfs qemu_fw_cfg ip_tables x_tables autofs4
[ 2916.353305] CPU: 1 UID: 0 PID: 1286 Comm: kworker/1:2 Tainted: G             L      6.16.0-rc7+ #3 PREEMPT(voluntary) 
[ 2916.353308] Tainted: [L]=SOFTLOCKUP
[ 2916.353309] Hardware name: QEMU Standard PC (Q35 + ICH9, 2009), BIOS rel-1.17.0-0-gb52ca86e094d-prebuilt.qemu.org 04/01/2014
[ 2916.353312] Workqueue: events psi_avgs_work
[ 2916.353330] RIP: 0010:collect_percpu_times+0x415/0x840
[ 2916.353333] Code: 5d 41 5e 41 5f 5d 31 c0 31 d2 31 c9 31 f6 31 ff 45 31 c0 45 31 c9 45 31 d2 45 31 db c3 cc cc cc cc 48 c7 c0 40 3d bc 83 f3 90 <48> 81 f9 00 20 00 00 0f 83 d7 03 00 00 48 8b 14 cd c0 1f fd 82 48
[ 2916.353334] RSP: 0018:ffffc90004a4bcf0 EFLAGS: 00000202
[ 2916.353336] RAX: ffffffff83bc3d40 RBX: 0000000000000027 RCX: 0000000000000001
[ 2916.353337] RDX: ffff888277c9cd40 RSI: 0000000000000000 RDI: ffffffff83bc3d80
[ 2916.353337] RBP: ffffc90004a4be00 R08: ffff888277c9cd80 R09: 0000000000000000
[ 2916.353338] R10: 0000000000000001 R11: 0000000000000000 R12: ffffc90004a4bda0
[ 2916.353338] R13: ffff888277c9cd94 R14: 0000000000000001 R15: ffffc90004a4bd84
[ 2916.353339] FS:  0000000000000000(0000) GS:ffff8882f40d9000(0000) knlGS:0000000000000000
[ 2916.353340] CS:  0010 DS: 0000 ES: 0000 CR0: 0000000080050033
[ 2916.353341] CR2: 00007d40c42cc200 CR3: 0000000119a54000 CR4: 00000000000406f0
[ 2916.353345] Call Trace:
[ 2916.353348]  <TASK>
[ 2916.353353]  ? finish_task_switch.isra.0+0x9c/0x340
[ 2916.353359]  psi_avgs_work+0x43/0xd0
[ 2916.353361]  ? css_free_rwork_fn+0x167/0x420
[ 2916.353367]  process_one_work+0x18a/0x370
[ 2916.353372]  worker_thread+0x347/0x480
[ 2916.353374]  ? __pfx_worker_thread+0x10/0x10
[ 2916.353375]  kthread+0x10b/0x220
[ 2916.353378]  ? __pfx_kthread+0x10/0x10
[ 2916.353380]  ret_from_fork+0x1a1/0x1d0
[ 2916.353384]  ? __pfx_kthread+0x10/0x10
[ 2916.353385]  ret_from_fork_asm+0x1a/0x30
[ 2916.353389]  </TASK>
[ 2944.353087] watchdog: BUG: soft lockup - CPU#1 stuck for 444s! [kworker/1:2:1286]
[ 2944.353093] Modules linked in: nd_pmem nd_btt dax_pmem sunrpc kmem device_dax binfmt_misc cfg80211 ppdev 8021q garp mrp stp llc snd_pcm iTCO_wdt snd_timer intel_pmc_bxt snd joydev iTCO_vendor_support vga16fb parport_pc soundcore vgastate parport sha1_ssse3 psmouse pcspkr i2c_i801 i2c_mux i2c_smbus bochs input_leds lpc_ich mac_hid serio_raw sch_fq_codel efi_pstore nfnetlink vsock_loopback vmw_vsock_virtio_transport_common vmw_vsock_vmci_transport vsock vmw_vmci dmi_sysfs qemu_fw_cfg ip_tables x_tables autofs4
[ 2944.353131] CPU: 1 UID: 0 PID: 1286 Comm: kworker/1:2 Tainted: G             L      6.16.0-rc7+ #3 PREEMPT(voluntary) 
[ 2944.353133] Tainted: [L]=SOFTLOCKUP
[ 2944.353134] Hardware name: QEMU Standard PC (Q35 + ICH9, 2009), BIOS rel-1.17.0-0-gb52ca86e094d-prebuilt.qemu.org 04/01/2014
[ 2944.353136] Workqueue: events psi_avgs_work
[ 2944.353146] RIP: 0010:collect_percpu_times+0x415/0x840
[ 2944.353149] Code: 5d 41 5e 41 5f 5d 31 c0 31 d2 31 c9 31 f6 31 ff 45 31 c0 45 31 c9 45 31 d2 45 31 db c3 cc cc cc cc 48 c7 c0 40 3d bc 83 f3 90 <48> 81 f9 00 20 00 00 0f 83 d7 03 00 00 48 8b 14 cd c0 1f fd 82 48
[ 2944.353150] RSP: 0018:ffffc90004a4bcf0 EFLAGS: 00000202
[ 2944.353152] RAX: ffffffff83bc3d40 RBX: 0000000000000027 RCX: 0000000000000001
[ 2944.353153] RDX: ffff888277c9cd40 RSI: 0000000000000000 RDI: ffffffff83bc3d80
[ 2944.353153] RBP: ffffc90004a4be00 R08: ffff888277c9cd80 R09: 0000000000000000
[ 2944.353154] R10: 0000000000000001 R11: 0000000000000000 R12: ffffc90004a4bda0
[ 2944.353155] R13: ffff888277c9cd94 R14: 0000000000000001 R15: ffffc90004a4bd84
[ 2944.353156] FS:  0000000000000000(0000) GS:ffff8882f40d9000(0000) knlGS:0000000000000000
[ 2944.353156] CS:  0010 DS: 0000 ES: 0000 CR0: 0000000080050033
[ 2944.353409] CR2: 00007d40c42cc200 CR3: 0000000119a54000 CR4: 00000000000406f0
[ 2944.353412] Call Trace:
[ 2944.353414]  <TASK>
[ 2944.353419]  ? finish_task_switch.isra.0+0x9c/0x340
[ 2944.353426]  psi_avgs_work+0x43/0xd0
[ 2944.353427]  ? css_free_rwork_fn+0x167/0x420
[ 2944.353434]  process_one_work+0x18a/0x370
[ 2944.353438]  worker_thread+0x347/0x480
[ 2944.353440]  ? __pfx_worker_thread+0x10/0x10
[ 2944.353442]  kthread+0x10b/0x220
[ 2944.353444]  ? __pfx_kthread+0x10/0x10
[ 2944.353446]  ret_from_fork+0x1a1/0x1d0
[ 2944.353449]  ? __pfx_kthread+0x10/0x10
[ 2944.353450]  ret_from_fork_asm+0x1a/0x30
[ 2944.353455]  </TASK>
[ 2950.304021] INFO: task (time-dir):1501 blocked for more than 368 seconds.
[ 2950.307456]       Tainted: G             L      6.16.0-rc7+ #3
[ 2950.309941] "echo 0 > /proc/sys/kernel/hung_task_timeout_secs" disables this message.
[ 2950.312657] task:(time-dir)      state:D stack:0     pid:1501  tgid:1501  ppid:1      task_flags:0x400100 flags:0x00004006
[ 2950.316458] Call Trace:
[ 2950.317800]  <TASK>
[ 2950.318616]  __schedule+0x41b/0x1700
[ 2950.319973]  ? asm_sysvec_apic_timer_interrupt+0x1b/0x20
[ 2950.321874]  schedule+0x27/0xf0
[ 2950.323080]  schedule_preempt_disabled+0x15/0x30
[ 2950.324768]  __mutex_lock.constprop.0+0x4ce/0x9c0
[ 2950.326504]  ? __memcg_slab_post_alloc_hook+0x1ba/0x3f0
[ 2950.328422]  __mutex_lock_slowpath+0x13/0x20
[ 2950.330030]  mutex_lock+0x3b/0x50
[ 2950.331323]  psi_show+0x46/0x2e0
[ 2950.332064]  ? seq_read_iter+0x388/0x490
[ 2950.332412]  psi_io_show+0x17/0x30
[ 2950.332663]  seq_read_iter+0x130/0x490
[ 2950.332944]  seq_read+0xf9/0x150
[ 2950.333192]  proc_reg_read+0x6d/0xd0
[ 2950.333516]  vfs_read+0xbf/0x360
[ 2950.333765]  ? kmem_cache_free+0x430/0x4f0
[ 2950.334066]  ? __fput+0x1a2/0x2d0
[ 2950.334347]  ksys_read+0x69/0xe0
[ 2950.334586]  __x64_sys_read+0x19/0x30
[ 2950.334861]  x64_sys_call+0x20d4/0x2320
[ 2950.335153]  do_syscall_64+0x83/0x2f0
[ 2950.335457]  ? __x64_sys_openat+0x5f/0xa0
[ 2950.335760]  ? x64_sys_call+0x19cc/0x2320
[ 2950.336055]  ? do_syscall_64+0xbc/0x2f0
[ 2950.336377]  ? __do_sys_statfs+0x57/0x60
[ 2950.336669]  ? __x64_sys_statfs+0x16/0x20
[ 2950.336972]  ? x64_sys_call+0x1ae9/0x2320
[ 2950.337276]  ? do_syscall_64+0xbc/0x2f0
[ 2950.337640]  ? irqentry_exit+0x43/0x50
[ 2950.337926]  ? exc_page_fault+0x8d/0x1a0
[ 2950.338224]  entry_SYSCALL_64_after_hwframe+0x76/0x7e
[ 2950.338623] RIP: 0033:0x7d40c4099687
[ 2950.338899] RSP: 002b:00007fff6b5c68d0 EFLAGS: 00000202 ORIG_RAX: 0000000000000000
[ 2950.339479] RAX: ffffffffffffffda RBX: 00007d40c46b8e00 RCX: 00007d40c4099687
[ 2950.339999] RDX: 0000000000000001 RSI: 00006282ca4d4d80 RDI: 0000000000000003
[ 2950.340556] RBP: 0000000000000003 R08: 0000000000000000 R09: 0000000000000000
[ 2950.341076] R10: 0000000000000000 R11: 0000000000000202 R12: 0000000000000000
[ 2950.341627] R13: 0000000000000001 R14: 0000000000000000 R15: 0000000000000001
[ 2950.342152]  </TASK>
[ 2950.342386] INFO: task (time-dir):1501 is blocked on a mutex likely owned by task kworker/1:2:1286.
[ 2950.343046] task:kworker/1:2     state:R  running task     stack:0     pid:1286  tgid:1286  ppid:2      task_flags:0x4208060 flags:0x00004008
[ 2950.344050] Workqueue: events psi_avgs_work
[ 2950.344461] Call Trace:
[ 2950.344650]  <TASK>
[ 2950.344821]  ? psi_avgs_work+0x43/0xd0
[ 2950.345104]  ? css_free_rwork_fn+0x167/0x420
[ 2950.345490]  ? process_one_work+0x18a/0x370
[ 2950.345806]  ? worker_thread+0x347/0x480
[ 2950.346106]  ? __pfx_worker_thread+0x10/0x10
[ 2950.346458]  ? kthread+0x10b/0x220
[ 2950.346721]  ? __pfx_kthread+0x10/0x10
[ 2950.346998]  ? ret_from_fork+0x1a1/0x1d0
[ 2950.347327]  ? __pfx_kthread+0x10/0x10
[ 2950.347606]  ? ret_from_fork_asm+0x1a/0x30
[ 2950.347936]  </TASK>
[ 2972.353087] watchdog: BUG: soft lockup - CPU#1 stuck for 470s! [kworker/1:2:1286]
[ 2972.353304] Modules linked in: nd_pmem nd_btt dax_pmem sunrpc kmem device_dax binfmt_misc cfg80211 ppdev 8021q garp mrp stp llc snd_pcm iTCO_wdt snd_timer intel_pmc_bxt snd joydev iTCO_vendor_support vga16fb parport_pc soundcore vgastate parport sha1_ssse3 psmouse pcspkr i2c_i801 i2c_mux i2c_smbus bochs input_leds lpc_ich mac_hid serio_raw sch_fq_codel efi_pstore nfnetlink vsock_loopback vmw_vsock_virtio_transport_common vmw_vsock_vmci_transport vsock vmw_vmci dmi_sysfs qemu_fw_cfg ip_tables x_tables autofs4
[ 2972.353355] CPU: 1 UID: 0 PID: 1286 Comm: kworker/1:2 Tainted: G             L      6.16.0-rc7+ #3 PREEMPT(voluntary) 
[ 2972.353357] Tainted: [L]=SOFTLOCKUP
[ 2972.353358] Hardware name: QEMU Standard PC (Q35 + ICH9, 2009), BIOS rel-1.17.0-0-gb52ca86e094d-prebuilt.qemu.org 04/01/2014
[ 2972.353360] Workqueue: events psi_avgs_work
[ 2972.353368] RIP: 0010:collect_percpu_times+0x415/0x840
[ 2972.353371] Code: 5d 41 5e 41 5f 5d 31 c0 31 d2 31 c9 31 f6 31 ff 45 31 c0 45 31 c9 45 31 d2 45 31 db c3 cc cc cc cc 48 c7 c0 40 3d bc 83 f3 90 <48> 81 f9 00 20 00 00 0f 83 d7 03 00 00 48 8b 14 cd c0 1f fd 82 48
[ 2972.353372] RSP: 0018:ffffc90004a4bcf0 EFLAGS: 00000202
[ 2972.353374] RAX: ffffffff83bc3d40 RBX: 0000000000000027 RCX: 0000000000000001
[ 2972.353375] RDX: ffff888277c9cd40 RSI: 0000000000000000 RDI: ffffffff83bc3d80
[ 2972.353376] RBP: ffffc90004a4be00 R08: ffff888277c9cd80 R09: 0000000000000000
[ 2972.353376] R10: 0000000000000001 R11: 0000000000000000 R12: ffffc90004a4bda0
[ 2972.353377] R13: ffff888277c9cd94 R14: 0000000000000001 R15: ffffc90004a4bd84
[ 2972.353378] FS:  0000000000000000(0000) GS:ffff8882f40d9000(0000) knlGS:0000000000000000
[ 2972.353379] CS:  0010 DS: 0000 ES: 0000 CR0: 0000000080050033
[ 2972.353379] CR2: 00007d40c42cc200 CR3: 0000000119a54000 CR4: 00000000000406f0
[ 2972.353384] Call Trace:
[ 2972.353386]  <TASK>
[ 2972.353392]  ? finish_task_switch.isra.0+0x9c/0x340
[ 2972.353396]  psi_avgs_work+0x43/0xd0
[ 2972.353397]  ? css_free_rwork_fn+0x167/0x420
[ 2972.353402]  process_one_work+0x18a/0x370
[ 2972.353405]  worker_thread+0x347/0x480
[ 2972.353407]  ? __pfx_worker_thread+0x10/0x10
[ 2972.353409]  kthread+0x10b/0x220
[ 2972.353410]  ? __pfx_kthread+0x10/0x10
[ 2972.353412]  ret_from_fork+0x1a1/0x1d0
[ 2972.353415]  ? __pfx_kthread+0x10/0x10
[ 2972.353416]  ret_from_fork_asm+0x1a/0x30
[ 2972.353419]  </TASK>
[ 3000.353088] watchdog: BUG: soft lockup - CPU#1 stuck for 496s! [kworker/1:2:1286]
[ 3000.353092] Modules linked in: nd_pmem nd_btt dax_pmem sunrpc kmem device_dax binfmt_misc cfg80211 ppdev 8021q garp mrp stp llc snd_pcm iTCO_wdt snd_timer intel_pmc_bxt snd joydev iTCO_vendor_support vga16fb parport_pc soundcore vgastate parport sha1_ssse3 psmouse pcspkr i2c_i801 i2c_mux i2c_smbus bochs input_leds lpc_ich mac_hid serio_raw sch_fq_codel efi_pstore nfnetlink vsock_loopback vmw_vsock_virtio_transport_common vmw_vsock_vmci_transport vsock vmw_vmci dmi_sysfs qemu_fw_cfg ip_tables x_tables autofs4
[ 3000.353130] CPU: 1 UID: 0 PID: 1286 Comm: kworker/1:2 Tainted: G             L      6.16.0-rc7+ #3 PREEMPT(voluntary) 
[ 3000.353133] Tainted: [L]=SOFTLOCKUP
[ 3000.353134] Hardware name: QEMU Standard PC (Q35 + ICH9, 2009), BIOS rel-1.17.0-0-gb52ca86e094d-prebuilt.qemu.org 04/01/2014
[ 3000.353136] Workqueue: events psi_avgs_work
[ 3000.353146] RIP: 0010:collect_percpu_times+0x415/0x840
[ 3000.353149] Code: 5d 41 5e 41 5f 5d 31 c0 31 d2 31 c9 31 f6 31 ff 45 31 c0 45 31 c9 45 31 d2 45 31 db c3 cc cc cc cc 48 c7 c0 40 3d bc 83 f3 90 <48> 81 f9 00 20 00 00 0f 83 d7 03 00 00 48 8b 14 cd c0 1f fd 82 48
[ 3000.353150] RSP: 0018:ffffc90004a4bcf0 EFLAGS: 00000202
[ 3000.353152] RAX: ffffffff83bc3d40 RBX: 0000000000000027 RCX: 0000000000000001
[ 3000.353153] RDX: ffff888277c9cd40 RSI: 0000000000000000 RDI: ffffffff83bc3d80
[ 3000.353154] RBP: ffffc90004a4be00 R08: ffff888277c9cd80 R09: 0000000000000000
[ 3000.353154] R10: 0000000000000001 R11: 0000000000000000 R12: ffffc90004a4bda0
[ 3000.353155] R13: ffff888277c9cd94 R14: 0000000000000001 R15: ffffc90004a4bd84
[ 3000.353156] FS:  0000000000000000(0000) GS:ffff8882f40d9000(0000) knlGS:0000000000000000
[ 3000.353157] CS:  0010 DS: 0000 ES: 0000 CR0: 0000000080050033
[ 3000.353157] CR2: 00007d40c42cc200 CR3: 0000000119a54000 CR4: 00000000000406f0
[ 3000.353353] Call Trace:
[ 3000.353355]  <TASK>
[ 3000.353361]  ? finish_task_switch.isra.0+0x9c/0x340
[ 3000.353367]  psi_avgs_work+0x43/0xd0
[ 3000.353368]  ? css_free_rwork_fn+0x167/0x420
[ 3000.353385]  process_one_work+0x18a/0x370
[ 3000.353400]  worker_thread+0x347/0x480
[ 3000.353402]  ? __pfx_worker_thread+0x10/0x10
[ 3000.353404]  kthread+0x10b/0x220
[ 3000.353407]  ? __pfx_kthread+0x10/0x10
[ 3000.353408]  ret_from_fork+0x1a1/0x1d0
[ 3000.353412]  ? __pfx_kthread+0x10/0x10
[ 3000.353413]  ret_from_fork_asm+0x1a/0x30
[ 3000.353417]  </TASK>
[ 3028.353087] watchdog: BUG: soft lockup - CPU#1 stuck for 522s! [kworker/1:2:1286]
[ 3028.353092] Modules linked in: nd_pmem nd_btt dax_pmem sunrpc kmem device_dax binfmt_misc cfg80211 ppdev 8021q garp mrp stp llc snd_pcm iTCO_wdt snd_timer intel_pmc_bxt snd joydev iTCO_vendor_support vga16fb parport_pc soundcore vgastate parport sha1_ssse3 psmouse pcspkr i2c_i801 i2c_mux i2c_smbus bochs input_leds lpc_ich mac_hid serio_raw sch_fq_codel efi_pstore nfnetlink vsock_loopback vmw_vsock_virtio_transport_common vmw_vsock_vmci_transport vsock vmw_vmci dmi_sysfs qemu_fw_cfg ip_tables x_tables autofs4
[ 3028.353128] CPU: 1 UID: 0 PID: 1286 Comm: kworker/1:2 Tainted: G             L      6.16.0-rc7+ #3 PREEMPT(voluntary) 
[ 3028.353131] Tainted: [L]=SOFTLOCKUP
[ 3028.353132] Hardware name: QEMU Standard PC (Q35 + ICH9, 2009), BIOS rel-1.17.0-0-gb52ca86e094d-prebuilt.qemu.org 04/01/2014
[ 3028.353135] Workqueue: events psi_avgs_work
[ 3028.353144] RIP: 0010:collect_percpu_times+0x42f/0x840
[ 3028.353147] Code: 31 db c3 cc cc cc cc 48 c7 c0 40 3d bc 83 f3 90 48 81 f9 00 20 00 00 0f 83 d7 03 00 00 48 8b 14 cd c0 1f fd 82 48 01 c2 8b 1a <f6> c3 01 0f 84 ee fc ff ff eb d9 8b b5 1c ff ff ff 48 c7 c7 20 b4
[ 3028.353148] RSP: 0018:ffffc90004a4bcf0 EFLAGS: 00000283
[ 3028.353149] RAX: ffffffff83bc3d40 RBX: 0000000000000027 RCX: 0000000000000001
[ 3028.353150] RDX: ffff888277c9cd40 RSI: 0000000000000000 RDI: ffffffff83bc3d80
[ 3028.353151] RBP: ffffc90004a4be00 R08: ffff888277c9cd80 R09: 0000000000000000
[ 3028.353152] R10: 0000000000000001 R11: 0000000000000000 R12: ffffc90004a4bda0
[ 3028.353152] R13: ffff888277c9cd94 R14: 0000000000000001 R15: ffffc90004a4bd84
[ 3028.353153] FS:  0000000000000000(0000) GS:ffff8882f40d9000(0000) knlGS:0000000000000000
[ 3028.353154] CS:  0010 DS: 0000 ES: 0000 CR0: 0000000080050033
[ 3028.353155] CR2: 00007d40c42cc200 CR3: 0000000119a54000 CR4: 00000000000406f0
[ 3028.353160] Call Trace:
[ 3028.353162]  <TASK>
[ 3028.353167]  ? finish_task_switch.isra.0+0x9c/0x340
[ 3028.353171]  psi_avgs_work+0x43/0xd0
[ 3028.353173]  ? css_free_rwork_fn+0x167/0x420
[ 3028.353178]  process_one_work+0x18a/0x370
[ 3028.353181]  worker_thread+0x347/0x480
[ 3028.353183]  ? __pfx_worker_thread+0x10/0x10
[ 3028.353184]  kthread+0x10b/0x220
[ 3028.353186]  ? __pfx_kthread+0x10/0x10
[ 3028.353187]  ret_from_fork+0x1a1/0x1d0
[ 3028.353191]  ? __pfx_kthread+0x10/0x10
[ 3028.353192]  ret_from_fork_asm+0x1a/0x30
[ 3028.353195]  </TASK>
[ 3056.353087] watchdog: BUG: soft lockup - CPU#1 stuck for 548s! [kworker/1:2:1286]
[ 3056.353342] Modules linked in: nd_pmem nd_btt dax_pmem sunrpc kmem device_dax binfmt_misc cfg80211 ppdev 8021q garp mrp stp llc snd_pcm iTCO_wdt snd_timer intel_pmc_bxt snd joydev iTCO_vendor_support vga16fb parport_pc soundcore vgastate parport sha1_ssse3 psmouse pcspkr i2c_i801 i2c_mux i2c_smbus bochs input_leds lpc_ich mac_hid serio_raw sch_fq_codel efi_pstore nfnetlink vsock_loopback vmw_vsock_virtio_transport_common vmw_vsock_vmci_transport vsock vmw_vmci dmi_sysfs qemu_fw_cfg ip_tables x_tables autofs4
[ 3056.353386] CPU: 1 UID: 0 PID: 1286 Comm: kworker/1:2 Tainted: G             L      6.16.0-rc7+ #3 PREEMPT(voluntary) 
[ 3056.353389] Tainted: [L]=SOFTLOCKUP
[ 3056.353390] Hardware name: QEMU Standard PC (Q35 + ICH9, 2009), BIOS rel-1.17.0-0-gb52ca86e094d-prebuilt.qemu.org 04/01/2014
[ 3056.353392] Workqueue: events psi_avgs_work
[ 3056.353405] RIP: 0010:collect_percpu_times+0x415/0x840
[ 3056.353407] Code: 5d 41 5e 41 5f 5d 31 c0 31 d2 31 c9 31 f6 31 ff 45 31 c0 45 31 c9 45 31 d2 45 31 db c3 cc cc cc cc 48 c7 c0 40 3d bc 83 f3 90 <48> 81 f9 00 20 00 00 0f 83 d7 03 00 00 48 8b 14 cd c0 1f fd 82 48
[ 3056.353409] RSP: 0018:ffffc90004a4bcf0 EFLAGS: 00000202
[ 3056.353417] RAX: ffffffff83bc3d40 RBX: 0000000000000027 RCX: 0000000000000001
[ 3056.353418] RDX: ffff888277c9cd40 RSI: 0000000000000000 RDI: ffffffff83bc3d80
[ 3056.353419] RBP: ffffc90004a4be00 R08: ffff888277c9cd80 R09: 0000000000000000
[ 3056.353420] R10: 0000000000000001 R11: 0000000000000000 R12: ffffc90004a4bda0
[ 3056.353420] R13: ffff888277c9cd94 R14: 0000000000000001 R15: ffffc90004a4bd84
[ 3056.353421] FS:  0000000000000000(0000) GS:ffff8882f40d9000(0000) knlGS:0000000000000000
[ 3056.353422] CS:  0010 DS: 0000 ES: 0000 CR0: 0000000080050033
[ 3056.353423] CR2: 00007d40c42cc200 CR3: 0000000119a54000 CR4: 00000000000406f0
[ 3056.353427] Call Trace:
[ 3056.353429]  <TASK>
[ 3056.353434]  ? finish_task_switch.isra.0+0x9c/0x340
[ 3056.353441]  psi_avgs_work+0x43/0xd0
[ 3056.353442]  ? css_free_rwork_fn+0x167/0x420
[ 3056.353448]  process_one_work+0x18a/0x370
[ 3056.353453]  worker_thread+0x347/0x480
[ 3056.353454]  ? __pfx_worker_thread+0x10/0x10
[ 3056.353456]  kthread+0x10b/0x220
[ 3056.353459]  ? __pfx_kthread+0x10/0x10
[ 3056.353460]  ret_from_fork+0x1a1/0x1d0
[ 3056.353464]  ? __pfx_kthread+0x10/0x10
[ 3056.353465]  ret_from_fork_asm+0x1a/0x30
[ 3056.353472]  </TASK>
[ 3073.183980] INFO: task (time-dir):1501 blocked for more than 491 seconds.
[ 3073.186787]       Tainted: G             L      6.16.0-rc7+ #3
[ 3073.188952] "echo 0 > /proc/sys/kernel/hung_task_timeout_secs" disables this message.
[ 3073.191782] task:(time-dir)      state:D stack:0     pid:1501  tgid:1501  ppid:1      task_flags:0x400100 flags:0x00004006
[ 3073.196490] Call Trace:
[ 3073.197489]  <TASK>
[ 3073.197995]  __schedule+0x41b/0x1700
[ 3073.198308]  ? asm_sysvec_apic_timer_interrupt+0x1b/0x20
[ 3073.198763]  schedule+0x27/0xf0
[ 3073.199016]  schedule_preempt_disabled+0x15/0x30
[ 3073.199406]  __mutex_lock.constprop.0+0x4ce/0x9c0
[ 3073.199790]  ? __memcg_slab_post_alloc_hook+0x1ba/0x3f0
[ 3073.200212]  __mutex_lock_slowpath+0x13/0x20
[ 3073.200587]  mutex_lock+0x3b/0x50
[ 3073.200864]  psi_show+0x46/0x2e0
[ 3073.201133]  ? seq_read_iter+0x388/0x490
[ 3073.201499]  psi_io_show+0x17/0x30
[ 3073.201811]  seq_read_iter+0x130/0x490
[ 3073.202113]  seq_read+0xf9/0x150
[ 3073.202411]  proc_reg_read+0x6d/0xd0
[ 3073.202698]  vfs_read+0xbf/0x360
[ 3073.202973]  ? kmem_cache_free+0x430/0x4f0
[ 3073.203335]  ? __fput+0x1a2/0x2d0
[ 3073.203605]  ksys_read+0x69/0xe0
[ 3073.203876]  __x64_sys_read+0x19/0x30
[ 3073.204177]  x64_sys_call+0x20d4/0x2320
[ 3073.204516]  do_syscall_64+0x83/0x2f0
[ 3073.204821]  ? __x64_sys_openat+0x5f/0xa0
[ 3073.205141]  ? x64_sys_call+0x19cc/0x2320
[ 3073.205521]  ? do_syscall_64+0xbc/0x2f0
[ 3073.205835]  ? __do_sys_statfs+0x57/0x60
[ 3073.206155]  ? __x64_sys_statfs+0x16/0x20
[ 3073.206533]  ? x64_sys_call+0x1ae9/0x2320
[ 3073.206857]  ? do_syscall_64+0xbc/0x2f0
[ 3073.207172]  ? irqentry_exit+0x43/0x50
[ 3073.207538]  ? exc_page_fault+0x8d/0x1a0
[ 3073.207870]  entry_SYSCALL_64_after_hwframe+0x76/0x7e
[ 3073.208246] RIP: 0033:0x7d40c4099687
[ 3073.208572] RSP: 002b:00007fff6b5c68d0 EFLAGS: 00000202 ORIG_RAX: 0000000000000000
[ 3073.209125] RAX: ffffffffffffffda RBX: 00007d40c46b8e00 RCX: 00007d40c4099687
[ 3073.209684] RDX: 0000000000000001 RSI: 00006282ca4d4d80 RDI: 0000000000000003
[ 3073.210213] RBP: 0000000000000003 R08: 0000000000000000 R09: 0000000000000000
[ 3073.210776] R10: 0000000000000000 R11: 0000000000000202 R12: 0000000000000000
[ 3073.211294] R13: 0000000000000001 R14: 0000000000000000 R15: 0000000000000001
[ 3073.211878]  </TASK>
[ 3073.212081] INFO: task (time-dir):1501 is blocked on a mutex likely owned by task kworker/1:2:1286.
[ 3073.212811] task:kworker/1:2     state:R  running task     stack:0     pid:1286  tgid:1286  ppid:2      task_flags:0x4208060 flags:0x00004008
[ 3073.213797] Workqueue: events psi_avgs_work
[ 3073.214113] Call Trace:
[ 3073.214335]  <TASK>
[ 3073.214503]  ? psi_avgs_work+0x43/0xd0
[ 3073.214791]  ? css_free_rwork_fn+0x167/0x420
[ 3073.215114]  ? process_one_work+0x18a/0x370
[ 3073.215459]  ? worker_thread+0x347/0x480
[ 3073.215763]  ? __pfx_worker_thread+0x10/0x10
[ 3073.216084]  ? kthread+0x10b/0x220
[ 3073.216370]  ? __pfx_kthread+0x10/0x10
[ 3073.216669]  ? ret_from_fork+0x1a1/0x1d0
[ 3073.216971]  ? __pfx_kthread+0x10/0x10
[ 3073.217257]  ? ret_from_fork_asm+0x1a/0x30
[ 3073.217613]  </TASK>
[ 3073.217793] INFO: task (time-dir):1554 blocked for more than 122 seconds.
[ 3073.218286]       Tainted: G             L      6.16.0-rc7+ #3
[ 3073.218774] "echo 0 > /proc/sys/kernel/hung_task_timeout_secs" disables this message.
[ 3073.219394] task:(time-dir)      state:D stack:0     pid:1554  tgid:1554  ppid:1      task_flags:0x400100 flags:0x00004002
[ 3073.220188] Call Trace:
[ 3073.220404]  <TASK>
[ 3073.220567]  __schedule+0x41b/0x1700
[ 3073.220840]  ? asm_sysvec_apic_timer_interrupt+0x1b/0x20
[ 3073.221234]  schedule+0x27/0xf0
[ 3073.221499]  schedule_preempt_disabled+0x15/0x30
[ 3073.221848]  __mutex_lock.constprop.0+0x4ce/0x9c0
[ 3073.222197]  ? __memcg_slab_post_alloc_hook+0x1ba/0x3f0
[ 3073.222610]  __mutex_lock_slowpath+0x13/0x20
[ 3073.222936]  mutex_lock+0x3b/0x50
[ 3073.223191]  psi_show+0x46/0x2e0
[ 3073.223490]  ? seq_read_iter+0x388/0x490
[ 3073.223789]  psi_cpu_show+0x1a/0x30
[ 3073.224054]  seq_read_iter+0x130/0x490
[ 3073.224398]  seq_read+0xf9/0x150
[ 3073.224643]  proc_reg_read+0x6d/0xd0
[ 3073.224920]  vfs_read+0xbf/0x360
[ 3073.225167]  ? __x64_sys_openat+0x5f/0xa0
[ 3073.225523]  ? x64_sys_call+0x19cc/0x2320
[ 3073.225826]  ? do_syscall_64+0xbc/0x2f0
[ 3073.226118]  ksys_read+0x69/0xe0
[ 3073.226394]  __x64_sys_read+0x19/0x30
[ 3073.226666]  x64_sys_call+0x20d4/0x2320
[ 3073.226957]  do_syscall_64+0x83/0x2f0
[ 3073.227237]  ? irqentry_exit+0x43/0x50
[ 3073.227553]  ? exc_page_fault+0x8d/0x1a0
[ 3073.227851]  entry_SYSCALL_64_after_hwframe+0x76/0x7e
[ 3073.228233] RIP: 0033:0x77fb48699687
[ 3073.228530] RSP: 002b:00007ffd003024c0 EFLAGS: 00000202 ORIG_RAX: 0000000000000000
[ 3073.229085] RAX: ffffffffffffffda RBX: 000077fb49065e00 RCX: 000077fb48699687
[ 3073.229660] RDX: 0000000000000001 RSI: 000056d6b1709d60 RDI: 0000000000000003
[ 3073.230188] RBP: 0000000000000003 R08: 0000000000000000 R09: 0000000000000000
[ 3073.230777] R10: 0000000000000000 R11: 0000000000000202 R12: 0000000000000000
[ 3073.231301] R13: 0000000000000001 R14: 0000000000000000 R15: 0000000000000001
[ 3073.231882]  </TASK>
[ 3073.232077] INFO: task (time-dir):1554 is blocked on a mutex likely owned by task kworker/1:2:1286.
[ 3073.232777] task:kworker/1:2     state:R  running task     stack:0     pid:1286  tgid:1286  ppid:2      task_flags:0x4208060 flags:0x00004008
[ 3073.233723] Workqueue: events psi_avgs_work
[ 3073.234033] Call Trace:
[ 3073.234225]  <TASK>
[ 3073.234424]  ? psi_avgs_work+0x43/0xd0
[ 3073.234710]  ? css_free_rwork_fn+0x167/0x420
[ 3073.235032]  ? process_one_work+0x18a/0x370
[ 3073.235402]  ? worker_thread+0x347/0x480
[ 3073.235694]  ? __pfx_worker_thread+0x10/0x10
[ 3073.236036]  ? kthread+0x10b/0x220
[ 3073.236298]  ? __pfx_kthread+0x10/0x10
[ 3073.236631]  ? ret_from_fork+0x1a1/0x1d0
[ 3073.236933]  ? __pfx_kthread+0x10/0x10
[ 3073.237221]  ? ret_from_fork_asm+0x1a/0x30
[ 3073.237553]  </TASK>
[ 3084.353087] watchdog: BUG: soft lockup - CPU#1 stuck for 574s! [kworker/1:2:1286]
[ 3084.353093] Modules linked in: nd_pmem nd_btt dax_pmem sunrpc kmem device_dax binfmt_misc cfg80211 ppdev 8021q garp mrp stp llc snd_pcm iTCO_wdt snd_timer intel_pmc_bxt snd joydev iTCO_vendor_support vga16fb parport_pc soundcore vgastate parport sha1_ssse3 psmouse pcspkr i2c_i801 i2c_mux i2c_smbus bochs input_leds lpc_ich mac_hid serio_raw sch_fq_codel efi_pstore nfnetlink vsock_loopback vmw_vsock_virtio_transport_common vmw_vsock_vmci_transport vsock vmw_vmci dmi_sysfs qemu_fw_cfg ip_tables x_tables autofs4
[ 3084.353133] CPU: 1 UID: 0 PID: 1286 Comm: kworker/1:2 Tainted: G             L      6.16.0-rc7+ #3 PREEMPT(voluntary) 
[ 3084.353136] Tainted: [L]=SOFTLOCKUP
[ 3084.353137] Hardware name: QEMU Standard PC (Q35 + ICH9, 2009), BIOS rel-1.17.0-0-gb52ca86e094d-prebuilt.qemu.org 04/01/2014
[ 3084.353140] Workqueue: events psi_avgs_work
[ 3084.353150] RIP: 0010:collect_percpu_times+0x42f/0x840
[ 3084.353153] Code: 31 db c3 cc cc cc cc 48 c7 c0 40 3d bc 83 f3 90 48 81 f9 00 20 00 00 0f 83 d7 03 00 00 48 8b 14 cd c0 1f fd 82 48 01 c2 8b 1a <f6> c3 01 0f 84 ee fc ff ff eb d9 8b b5 1c ff ff ff 48 c7 c7 20 b4
[ 3084.353362] RSP: 0018:ffffc90004a4bcf0 EFLAGS: 00000283
[ 3084.353364] RAX: ffffffff83bc3d40 RBX: 0000000000000027 RCX: 0000000000000001
[ 3084.353365] RDX: ffff888277c9cd40 RSI: 0000000000000000 RDI: ffffffff83bc3d80
[ 3084.353365] RBP: ffffc90004a4be00 R08: ffff888277c9cd80 R09: 0000000000000000
[ 3084.353366] R10: 0000000000000001 R11: 0000000000000000 R12: ffffc90004a4bda0
[ 3084.353367] R13: ffff888277c9cd94 R14: 0000000000000001 R15: ffffc90004a4bd84
[ 3084.353368] FS:  0000000000000000(0000) GS:ffff8882f40d9000(0000) knlGS:0000000000000000
[ 3084.353368] CS:  0010 DS: 0000 ES: 0000 CR0: 0000000080050033
[ 3084.353369] CR2: 00007d40c42cc200 CR3: 0000000119a54000 CR4: 00000000000406f0
[ 3084.353374] Call Trace:
[ 3084.353376]  <TASK>
[ 3084.353381]  ? finish_task_switch.isra.0+0x9c/0x340
[ 3084.353388]  psi_avgs_work+0x43/0xd0
[ 3084.353389]  ? css_free_rwork_fn+0x167/0x420
[ 3084.353395]  process_one_work+0x18a/0x370
[ 3084.353399]  worker_thread+0x347/0x480
[ 3084.353401]  ? __pfx_worker_thread+0x10/0x10
[ 3084.353403]  kthread+0x10b/0x220
[ 3084.353406]  ? __pfx_kthread+0x10/0x10
[ 3084.353407]  ret_from_fork+0x1a1/0x1d0
[ 3084.353410]  ? __pfx_kthread+0x10/0x10
[ 3084.353411]  ret_from_fork_asm+0x1a/0x30
[ 3084.353416]  </TASK>
[ 3112.353087] watchdog: BUG: soft lockup - CPU#1 stuck for 600s! [kworker/1:2:1286]
[ 3112.353093] Modules linked in: nd_pmem nd_btt dax_pmem sunrpc kmem device_dax binfmt_misc cfg80211 ppdev 8021q garp mrp stp llc snd_pcm iTCO_wdt snd_timer intel_pmc_bxt snd joydev iTCO_vendor_support vga16fb parport_pc soundcore vgastate parport sha1_ssse3 psmouse pcspkr i2c_i801 i2c_mux i2c_smbus bochs input_leds lpc_ich mac_hid serio_raw sch_fq_codel efi_pstore nfnetlink vsock_loopback vmw_vsock_virtio_transport_common vmw_vsock_vmci_transport vsock vmw_vmci dmi_sysfs qemu_fw_cfg ip_tables x_tables autofs4
[ 3112.353131] CPU: 1 UID: 0 PID: 1286 Comm: kworker/1:2 Tainted: G             L      6.16.0-rc7+ #3 PREEMPT(voluntary) 
[ 3112.353134] Tainted: [L]=SOFTLOCKUP
[ 3112.353135] Hardware name: QEMU Standard PC (Q35 + ICH9, 2009), BIOS rel-1.17.0-0-gb52ca86e094d-prebuilt.qemu.org 04/01/2014
[ 3112.353137] Workqueue: events psi_avgs_work
[ 3112.353147] RIP: 0010:collect_percpu_times+0x415/0x840
[ 3112.353150] Code: 5d 41 5e 41 5f 5d 31 c0 31 d2 31 c9 31 f6 31 ff 45 31 c0 45 31 c9 45 31 d2 45 31 db c3 cc cc cc cc 48 c7 c0 40 3d bc 83 f3 90 <48> 81 f9 00 20 00 00 0f 83 d7 03 00 00 48 8b 14 cd c0 1f fd 82 48
[ 3112.353151] RSP: 0018:ffffc90004a4bcf0 EFLAGS: 00000202
[ 3112.353407] RAX: ffffffff83bc3d40 RBX: 0000000000000027 RCX: 0000000000000001
[ 3112.353408] RDX: ffff888277c9cd40 RSI: 0000000000000000 RDI: ffffffff83bc3d80
[ 3112.353408] RBP: ffffc90004a4be00 R08: ffff888277c9cd80 R09: 0000000000000000
[ 3112.353409] R10: 0000000000000001 R11: 0000000000000000 R12: ffffc90004a4bda0
[ 3112.353409] R13: ffff888277c9cd94 R14: 0000000000000001 R15: ffffc90004a4bd84
[ 3112.353411] FS:  0000000000000000(0000) GS:ffff8882f40d9000(0000) knlGS:0000000000000000
[ 3112.353412] CS:  0010 DS: 0000 ES: 0000 CR0: 0000000080050033
[ 3112.353412] CR2: 00007d40c42cc200 CR3: 0000000119a54000 CR4: 00000000000406f0
[ 3112.353416] Call Trace:
[ 3112.353418]  <TASK>
[ 3112.353423]  ? finish_task_switch.isra.0+0x9c/0x340
[ 3112.353430]  psi_avgs_work+0x43/0xd0
[ 3112.353431]  ? css_free_rwork_fn+0x167/0x420
[ 3112.353438]  process_one_work+0x18a/0x370
[ 3112.353443]  worker_thread+0x347/0x480
[ 3112.353445]  ? __pfx_worker_thread+0x10/0x10
[ 3112.353446]  kthread+0x10b/0x220
[ 3112.353449]  ? __pfx_kthread+0x10/0x10
[ 3112.353451]  ret_from_fork+0x1a1/0x1d0
[ 3112.353454]  ? __pfx_kthread+0x10/0x10
[ 3112.353456]  ret_from_fork_asm+0x1a/0x30
[ 3112.353460]  </TASK>
[ 3140.353088] watchdog: BUG: soft lockup - CPU#1 stuck for 626s! [kworker/1:2:1286]
[ 3140.353093] Modules linked in: nd_pmem nd_btt dax_pmem sunrpc kmem device_dax binfmt_misc cfg80211 ppdev 8021q garp mrp stp llc snd_pcm iTCO_wdt snd_timer intel_pmc_bxt snd joydev iTCO_vendor_support vga16fb parport_pc soundcore vgastate parport sha1_ssse3 psmouse pcspkr i2c_i801 i2c_mux i2c_smbus bochs input_leds lpc_ich mac_hid serio_raw sch_fq_codel efi_pstore nfnetlink vsock_loopback vmw_vsock_virtio_transport_common vmw_vsock_vmci_transport vsock vmw_vmci dmi_sysfs qemu_fw_cfg ip_tables x_tables autofs4
[ 3140.353310] CPU: 1 UID: 0 PID: 1286 Comm: kworker/1:2 Tainted: G             L      6.16.0-rc7+ #3 PREEMPT(voluntary) 
[ 3140.353313] Tainted: [L]=SOFTLOCKUP
[ 3140.353313] Hardware name: QEMU Standard PC (Q35 + ICH9, 2009), BIOS rel-1.17.0-0-gb52ca86e094d-prebuilt.qemu.org 04/01/2014
[ 3140.353316] Workqueue: events psi_avgs_work
[ 3140.353324] RIP: 0010:collect_percpu_times+0x415/0x840
[ 3140.353327] Code: 5d 41 5e 41 5f 5d 31 c0 31 d2 31 c9 31 f6 31 ff 45 31 c0 45 31 c9 45 31 d2 45 31 db c3 cc cc cc cc 48 c7 c0 40 3d bc 83 f3 90 <48> 81 f9 00 20 00 00 0f 83 d7 03 00 00 48 8b 14 cd c0 1f fd 82 48
[ 3140.353328] RSP: 0018:ffffc90004a4bcf0 EFLAGS: 00000202
[ 3140.353329] RAX: ffffffff83bc3d40 RBX: 0000000000000027 RCX: 0000000000000001
[ 3140.353330] RDX: ffff888277c9cd40 RSI: 0000000000000000 RDI: ffffffff83bc3d80
[ 3140.353331] RBP: ffffc90004a4be00 R08: ffff888277c9cd80 R09: 0000000000000000
[ 3140.353332] R10: 0000000000000001 R11: 0000000000000000 R12: ffffc90004a4bda0
[ 3140.353332] R13: ffff888277c9cd94 R14: 0000000000000001 R15: ffffc90004a4bd84
[ 3140.353333] FS:  0000000000000000(0000) GS:ffff8882f40d9000(0000) knlGS:0000000000000000
[ 3140.353334] CS:  0010 DS: 0000 ES: 0000 CR0: 0000000080050033
[ 3140.353335] CR2: 00007d40c42cc200 CR3: 0000000119a54000 CR4: 00000000000406f0
[ 3140.353339] Call Trace:
[ 3140.353342]  <TASK>
[ 3140.353346]  ? finish_task_switch.isra.0+0x9c/0x340
[ 3140.353351]  psi_avgs_work+0x43/0xd0
[ 3140.353352]  ? css_free_rwork_fn+0x167/0x420
[ 3140.353356]  process_one_work+0x18a/0x370
[ 3140.353360]  worker_thread+0x347/0x480
[ 3140.353361]  ? __pfx_worker_thread+0x10/0x10
[ 3140.353372]  kthread+0x10b/0x220
[ 3140.353374]  ? __pfx_kthread+0x10/0x10
[ 3140.353375]  ret_from_fork+0x1a1/0x1d0
[ 3140.353378]  ? __pfx_kthread+0x10/0x10
[ 3140.353379]  ret_from_fork_asm+0x1a/0x30
[ 3140.353383]  </TASK>
[ 3168.353087] watchdog: BUG: soft lockup - CPU#1 stuck for 652s! [kworker/1:2:1286]
[ 3168.353093] Modules linked in: nd_pmem nd_btt dax_pmem sunrpc kmem device_dax binfmt_misc cfg80211 ppdev 8021q garp mrp stp llc snd_pcm iTCO_wdt snd_timer intel_pmc_bxt snd joydev iTCO_vendor_support vga16fb parport_pc soundcore vgastate parport sha1_ssse3 psmouse pcspkr i2c_i801 i2c_mux i2c_smbus bochs input_leds lpc_ich mac_hid serio_raw sch_fq_codel efi_pstore nfnetlink vsock_loopback vmw_vsock_virtio_transport_common vmw_vsock_vmci_transport vsock vmw_vmci dmi_sysfs qemu_fw_cfg ip_tables x_tables autofs4
[ 3168.353132] CPU: 1 UID: 0 PID: 1286 Comm: kworker/1:2 Tainted: G             L      6.16.0-rc7+ #3 PREEMPT(voluntary) 
[ 3168.353135] Tainted: [L]=SOFTLOCKUP
[ 3168.353136] Hardware name: QEMU Standard PC (Q35 + ICH9, 2009), BIOS rel-1.17.0-0-gb52ca86e094d-prebuilt.qemu.org 04/01/2014
[ 3168.353138] Workqueue: events psi_avgs_work
[ 3168.353149] RIP: 0010:collect_percpu_times+0x415/0x840
[ 3168.353152] Code: 5d 41 5e 41 5f 5d 31 c0 31 d2 31 c9 31 f6 31 ff 45 31 c0 45 31 c9 45 31 d2 45 31 db c3 cc cc cc cc 48 c7 c0 40 3d bc 83 f3 90 <48> 81 f9 00 20 00 00 0f 83 d7 03 00 00 48 8b 14 cd c0 1f fd 82 48
[ 3168.353154] RSP: 0018:ffffc90004a4bcf0 EFLAGS: 00000202
[ 3168.353155] RAX: ffffffff83bc3d40 RBX: 0000000000000027 RCX: 0000000000000001
[ 3168.353156] RDX: ffff888277c9cd40 RSI: 0000000000000000 RDI: ffffffff83bc3d80
[ 3168.353157] RBP: ffffc90004a4be00 R08: ffff888277c9cd80 R09: 0000000000000000
[ 3168.353157] R10: 0000000000000001 R11: 0000000000000000 R12: ffffc90004a4bda0
[ 3168.353158] R13: ffff888277c9cd94 R14: 0000000000000001 R15: ffffc90004a4bd84
[ 3168.353159] FS:  0000000000000000(0000) GS:ffff8882f40d9000(0000) knlGS:0000000000000000
[ 3168.353160] CS:  0010 DS: 0000 ES: 0000 CR0: 0000000080050033
[ 3168.353160] CR2: 00007d40c42cc200 CR3: 0000000119a54000 CR4: 00000000000406f0
[ 3168.353165] Call Trace:
[ 3168.353166]  <TASK>
[ 3168.353172]  ? finish_task_switch.isra.0+0x9c/0x340
[ 3168.353346]  psi_avgs_work+0x43/0xd0
[ 3168.353347]  ? css_free_rwork_fn+0x167/0x420
[ 3168.353353]  process_one_work+0x18a/0x370
[ 3168.353358]  worker_thread+0x347/0x480
[ 3168.353359]  ? __pfx_worker_thread+0x10/0x10
[ 3168.353361]  kthread+0x10b/0x220
[ 3168.353364]  ? __pfx_kthread+0x10/0x10
[ 3168.353365]  ret_from_fork+0x1a1/0x1d0
[ 3168.353368]  ? __pfx_kthread+0x10/0x10
[ 3168.353370]  ret_from_fork_asm+0x1a/0x30
[ 3168.353374]  </TASK>
[ 3196.063985] INFO: task (time-dir):1501 blocked for more than 614 seconds.
[ 3196.066748]       Tainted: G             L      6.16.0-rc7+ #3
[ 3196.068785] "echo 0 > /proc/sys/kernel/hung_task_timeout_secs" disables this message.
[ 3196.071464] task:(time-dir)      state:D stack:0     pid:1501  tgid:1501  ppid:1      task_flags:0x400100 flags:0x00004006
[ 3196.075071] Call Trace:
[ 3196.075860]  <TASK>
[ 3196.076538]  __schedule+0x41b/0x1700
[ 3196.077676]  ? asm_sysvec_apic_timer_interrupt+0x1b/0x20
[ 3196.079377]  schedule+0x27/0xf0
[ 3196.080358]  schedule_preempt_disabled+0x15/0x30
[ 3196.081790]  __mutex_lock.constprop.0+0x4ce/0x9c0
[ 3196.082145]  ? __memcg_slab_post_alloc_hook+0x1ba/0x3f0
[ 3196.082576]  __mutex_lock_slowpath+0x13/0x20
[ 3196.082898]  mutex_lock+0x3b/0x50
[ 3196.083148]  psi_show+0x46/0x2e0
[ 3196.083455]  ? seq_read_iter+0x388/0x490
[ 3196.083755]  psi_io_show+0x17/0x30
[ 3196.084011]  seq_read_iter+0x130/0x490
[ 3196.084294]  seq_read+0xf9/0x150
[ 3196.084590]  proc_reg_read+0x6d/0xd0
[ 3196.084864]  vfs_read+0xbf/0x360
[ 3196.085107]  ? kmem_cache_free+0x430/0x4f0
[ 3196.085452]  ? __fput+0x1a2/0x2d0
[ 3196.085710]  ksys_read+0x69/0xe0
[ 3196.085954]  __x64_sys_read+0x19/0x30
[ 3196.086230]  x64_sys_call+0x20d4/0x2320
[ 3196.086547]  do_syscall_64+0x83/0x2f0
[ 3196.086827]  ? __x64_sys_openat+0x5f/0xa0
[ 3196.087126]  ? x64_sys_call+0x19cc/0x2320
[ 3196.087451]  ? do_syscall_64+0xbc/0x2f0
[ 3196.087745]  ? __do_sys_statfs+0x57/0x60
[ 3196.088061]  ? __x64_sys_statfs+0x16/0x20
[ 3196.088361]  ? x64_sys_call+0x1ae9/0x2320
[ 3196.088717]  ? do_syscall_64+0xbc/0x2f0
[ 3196.089006]  ? irqentry_exit+0x43/0x50
[ 3196.089291]  ? exc_page_fault+0x8d/0x1a0
[ 3196.089635]  entry_SYSCALL_64_after_hwframe+0x76/0x7e
[ 3196.090010] RIP: 0033:0x7d40c4099687
[ 3196.090283] RSP: 002b:00007fff6b5c68d0 EFLAGS: 00000202 ORIG_RAX: 0000000000000000
[ 3196.090887] RAX: ffffffffffffffda RBX: 00007d40c46b8e00 RCX: 00007d40c4099687
[ 3196.091495] RDX: 0000000000000001 RSI: 00006282ca4d4d80 RDI: 0000000000000003
[ 3196.092014] RBP: 0000000000000003 R08: 0000000000000000 R09: 0000000000000000
[ 3196.092589] R10: 0000000000000000 R11: 0000000000000202 R12: 0000000000000000
[ 3196.093111] R13: 0000000000000001 R14: 0000000000000000 R15: 0000000000000001
[ 3196.093682]  </TASK>
[ 3196.093887] INFO: task (time-dir):1501 is blocked on a mutex likely owned by task kworker/1:2:1286.
[ 3196.094571] task:kworker/1:2     state:R  running task     stack:0     pid:1286  tgid:1286  ppid:2      task_flags:0x4208060 flags:0x00004008
[ 3196.095534] Workqueue: events psi_avgs_work
[ 3196.095850] Call Trace:
[ 3196.096037]  <TASK>
[ 3196.096203]  ? psi_avgs_work+0x43/0xd0
[ 3196.096537]  ? css_free_rwork_fn+0x167/0x420
[ 3196.096865]  ? process_one_work+0x18a/0x370
[ 3196.097173]  ? worker_thread+0x347/0x480
[ 3196.097498]  ? __pfx_worker_thread+0x10/0x10
[ 3196.097822]  ? kthread+0x10b/0x220
[ 3196.098094]  ? __pfx_kthread+0x10/0x10
[ 3196.098426]  ? ret_from_fork+0x1a1/0x1d0
[ 3196.098726]  ? __pfx_kthread+0x10/0x10
[ 3196.099004]  ? ret_from_fork_asm+0x1a/0x30
[ 3196.099310]  </TASK>
[ 3196.099530] INFO: task (time-dir):1554 blocked for more than 245 seconds.
[ 3196.100025]       Tainted: G             L      6.16.0-rc7+ #3
[ 3196.100481] "echo 0 > /proc/sys/kernel/hung_task_timeout_secs" disables this message.
[ 3196.101049] task:(time-dir)      state:D stack:0     pid:1554  tgid:1554  ppid:1      task_flags:0x400100 flags:0x00004002
[ 3196.101892] Call Trace:
[ 3196.102080]  <TASK>
[ 3196.102247]  __schedule+0x41b/0x1700
[ 3196.102567]  ? asm_sysvec_apic_timer_interrupt+0x1b/0x20
[ 3196.102962]  schedule+0x27/0xf0
[ 3196.103202]  schedule_preempt_disabled+0x15/0x30
[ 3196.103589]  __mutex_lock.constprop.0+0x4ce/0x9c0
[ 3196.103938]  ? __memcg_slab_post_alloc_hook+0x1ba/0x3f0
[ 3196.104326]  __mutex_lock_slowpath+0x13/0x20
[ 3196.104692]  mutex_lock+0x3b/0x50
[ 3196.104946]  psi_show+0x46/0x2e0
[ 3196.105192]  ? seq_read_iter+0x388/0x490
[ 3196.105562]  psi_cpu_show+0x1a/0x30
[ 3196.105829]  seq_read_iter+0x130/0x490
[ 3196.106110]  seq_read+0xf9/0x150
[ 3196.106386]  proc_reg_read+0x6d/0xd0
[ 3196.106651]  vfs_read+0xbf/0x360
[ 3196.106901]  ? __x64_sys_openat+0x5f/0xa0
[ 3196.107202]  ? x64_sys_call+0x19cc/0x2320
[ 3196.107549]  ? do_syscall_64+0xbc/0x2f0
[ 3196.107840]  ksys_read+0x69/0xe0
[ 3196.108085]  __x64_sys_read+0x19/0x30
[ 3196.108395]  x64_sys_call+0x20d4/0x2320
[ 3196.108680]  do_syscall_64+0x83/0x2f0
[ 3196.108960]  ? irqentry_exit+0x43/0x50
[ 3196.109244]  ? exc_page_fault+0x8d/0x1a0
[ 3196.109567]  entry_SYSCALL_64_after_hwframe+0x76/0x7e
[ 3196.109940] RIP: 0033:0x77fb48699687
[ 3196.110207] RSP: 002b:00007ffd003024c0 EFLAGS: 00000202 ORIG_RAX: 0000000000000000
[ 3196.110796] RAX: ffffffffffffffda RBX: 000077fb49065e00 RCX: 000077fb48699687
[ 3196.111314] RDX: 0000000000000001 RSI: 000056d6b1709d60 RDI: 0000000000000003
[ 3196.111883] RBP: 0000000000000003 R08: 0000000000000000 R09: 0000000000000000
[ 3196.112449] R10: 0000000000000000 R11: 0000000000000202 R12: 0000000000000000
[ 3196.112969] R13: 0000000000000001 R14: 0000000000000000 R15: 0000000000000001
[ 3196.113534]  </TASK>
[ 3196.113717] INFO: task (time-dir):1554 is blocked on a mutex likely owned by task kworker/1:2:1286.
[ 3196.114422] task:kworker/1:2     state:R  running task     stack:0     pid:1286  tgid:1286  ppid:2      task_flags:0x4208060 flags:0x00004008
[ 3196.115335] Workqueue: events psi_avgs_work
[ 3196.115688] Call Trace:
[ 3196.115884]  <TASK>
[ 3196.116049]  ? psi_avgs_work+0x43/0xd0
[ 3196.116330]  ? css_free_rwork_fn+0x167/0x420
[ 3196.116676]  ? process_one_work+0x18a/0x370
[ 3196.116995]  ? worker_thread+0x347/0x480
[ 3196.117293]  ? __pfx_worker_thread+0x10/0x10
[ 3196.117656]  ? kthread+0x10b/0x220
[ 3196.117916]  ? __pfx_kthread+0x10/0x10
[ 3196.118194]  ? ret_from_fork+0x1a1/0x1d0
[ 3196.118540]  ? __pfx_kthread+0x10/0x10
[ 3196.118823]  ? ret_from_fork_asm+0x1a/0x30
[ 3196.119125]  </TASK>
[ 3196.353087] watchdog: BUG: soft lockup - CPU#1 stuck for 678s! [kworker/1:2:1286]
[ 3196.353091] Modules linked in: nd_pmem nd_btt dax_pmem sunrpc kmem device_dax binfmt_misc cfg80211 ppdev 8021q garp mrp stp llc snd_pcm iTCO_wdt snd_timer intel_pmc_bxt snd joydev iTCO_vendor_support vga16fb parport_pc soundcore vgastate parport sha1_ssse3 psmouse pcspkr i2c_i801 i2c_mux i2c_smbus bochs input_leds lpc_ich mac_hid serio_raw sch_fq_codel efi_pstore nfnetlink vsock_loopback vmw_vsock_virtio_transport_common vmw_vsock_vmci_transport vsock vmw_vmci dmi_sysfs qemu_fw_cfg ip_tables x_tables autofs4
[ 3196.353130] CPU: 1 UID: 0 PID: 1286 Comm: kworker/1:2 Tainted: G             L      6.16.0-rc7+ #3 PREEMPT(voluntary) 
[ 3196.353133] Tainted: [L]=SOFTLOCKUP
[ 3196.353134] Hardware name: QEMU Standard PC (Q35 + ICH9, 2009), BIOS rel-1.17.0-0-gb52ca86e094d-prebuilt.qemu.org 04/01/2014
[ 3196.353136] Workqueue: events psi_avgs_work
[ 3196.353143] RIP: 0010:collect_percpu_times+0x415/0x840
[ 3196.353145] Code: 5d 41 5e 41 5f 5d 31 c0 31 d2 31 c9 31 f6 31 ff 45 31 c0 45 31 c9 45 31 d2 45 31 db c3 cc cc cc cc 48 c7 c0 40 3d bc 83 f3 90 <48> 81 f9 00 20 00 00 0f 83 d7 03 00 00 48 8b 14 cd c0 1f fd 82 48
[ 3196.353147] RSP: 0018:ffffc90004a4bcf0 EFLAGS: 00000202
[ 3196.353148] RAX: ffffffff83bc3d40 RBX: 0000000000000027 RCX: 0000000000000001
[ 3196.353149] RDX: ffff888277c9cd40 RSI: 0000000000000000 RDI: ffffffff83bc3d80
[ 3196.353149] RBP: ffffc90004a4be00 R08: ffff888277c9cd80 R09: 0000000000000000
[ 3196.353150] R10: 0000000000000001 R11: 0000000000000000 R12: ffffc90004a4bda0
[ 3196.353151] R13: ffff888277c9cd94 R14: 0000000000000001 R15: ffffc90004a4bd84
[ 3196.353151] FS:  0000000000000000(0000) GS:ffff8882f40d9000(0000) knlGS:0000000000000000
[ 3196.353152] CS:  0010 DS: 0000 ES: 0000 CR0: 0000000080050033
[ 3196.353153] CR2: 00007d40c42cc200 CR3: 0000000119a54000 CR4: 00000000000406f0
[ 3196.353188] Call Trace:
[ 3196.353190]  <TASK>
[ 3196.353194]  ? finish_task_switch.isra.0+0x9c/0x340
[ 3196.353198]  psi_avgs_work+0x43/0xd0
[ 3196.353200]  ? css_free_rwork_fn+0x167/0x420
[ 3196.353203]  process_one_work+0x18a/0x370
[ 3196.353206]  worker_thread+0x347/0x480
[ 3196.353208]  ? __pfx_worker_thread+0x10/0x10
[ 3196.353209]  kthread+0x10b/0x220
[ 3196.353218]  ? __pfx_kthread+0x10/0x10
[ 3196.353219]  ret_from_fork+0x1a1/0x1d0
[ 3196.353221]  ? __pfx_kthread+0x10/0x10
[ 3196.353222]  ret_from_fork_asm+0x1a/0x30
[ 3196.353225]  </TASK>
[ 3224.353090] watchdog: BUG: soft lockup - CPU#1 stuck for 704s! [kworker/1:2:1286]
[ 3224.353097] Modules linked in: nd_pmem nd_btt dax_pmem sunrpc kmem device_dax binfmt_misc cfg80211 ppdev 8021q garp mrp stp llc snd_pcm iTCO_wdt snd_timer intel_pmc_bxt snd joydev iTCO_vendor_support vga16fb parport_pc soundcore vgastate parport sha1_ssse3 psmouse pcspkr i2c_i801 i2c_mux i2c_smbus bochs input_leds lpc_ich mac_hid serio_raw sch_fq_codel efi_pstore nfnetlink vsock_loopback vmw_vsock_virtio_transport_common vmw_vsock_vmci_transport vsock vmw_vmci dmi_sysfs qemu_fw_cfg ip_tables x_tables autofs4
[ 3224.353344] CPU: 1 UID: 0 PID: 1286 Comm: kworker/1:2 Tainted: G             L      6.16.0-rc7+ #3 PREEMPT(voluntary) 
[ 3224.353346] Tainted: [L]=SOFTLOCKUP
[ 3224.353348] Hardware name: QEMU Standard PC (Q35 + ICH9, 2009), BIOS rel-1.17.0-0-gb52ca86e094d-prebuilt.qemu.org 04/01/2014
[ 3224.353351] Workqueue: events psi_avgs_work
[ 3224.353363] RIP: 0010:collect_percpu_times+0x415/0x840
[ 3224.353366] Code: 5d 41 5e 41 5f 5d 31 c0 31 d2 31 c9 31 f6 31 ff 45 31 c0 45 31 c9 45 31 d2 45 31 db c3 cc cc cc cc 48 c7 c0 40 3d bc 83 f3 90 <48> 81 f9 00 20 00 00 0f 83 d7 03 00 00 48 8b 14 cd c0 1f fd 82 48
[ 3224.353367] RSP: 0018:ffffc90004a4bcf0 EFLAGS: 00000202
[ 3224.353369] RAX: ffffffff83bc3d40 RBX: 0000000000000027 RCX: 0000000000000001
[ 3224.353370] RDX: ffff888277c9cd40 RSI: 0000000000000000 RDI: ffffffff83bc3d80
[ 3224.353370] RBP: ffffc90004a4be00 R08: ffff888277c9cd80 R09: 0000000000000000
[ 3224.353371] R10: 0000000000000001 R11: 0000000000000000 R12: ffffc90004a4bda0
[ 3224.353371] R13: ffff888277c9cd94 R14: 0000000000000001 R15: ffffc90004a4bd84
[ 3224.353373] FS:  0000000000000000(0000) GS:ffff8882f40d9000(0000) knlGS:0000000000000000
[ 3224.353373] CS:  0010 DS: 0000 ES: 0000 CR0: 0000000080050033
[ 3224.353374] CR2: 00007d40c42cc200 CR3: 0000000119a54000 CR4: 00000000000406f0
[ 3224.353379] Call Trace:
[ 3224.353382]  <TASK>
[ 3224.353390]  ? finish_task_switch.isra.0+0x9c/0x340
[ 3224.353398]  psi_avgs_work+0x43/0xd0
[ 3224.353400]  ? css_free_rwork_fn+0x167/0x420
[ 3224.353407]  process_one_work+0x18a/0x370
[ 3224.353413]  worker_thread+0x347/0x480
[ 3224.353415]  ? __pfx_worker_thread+0x10/0x10
[ 3224.353417]  kthread+0x10b/0x220
[ 3224.353420]  ? __pfx_kthread+0x10/0x10
[ 3224.353421]  ret_from_fork+0x1a1/0x1d0
[ 3224.353426]  ? __pfx_kthread+0x10/0x10
[ 3224.353427]  ret_from_fork_asm+0x1a/0x30
[ 3224.353432]  </TASK>
[ 3252.353088] watchdog: BUG: soft lockup - CPU#1 stuck for 730s! [kworker/1:2:1286]
[ 3252.353094] Modules linked in: nd_pmem nd_btt dax_pmem sunrpc kmem device_dax binfmt_misc cfg80211 ppdev 8021q garp mrp stp llc snd_pcm iTCO_wdt snd_timer intel_pmc_bxt snd joydev iTCO_vendor_support vga16fb parport_pc soundcore vgastate parport sha1_ssse3 psmouse pcspkr i2c_i801 i2c_mux i2c_smbus bochs input_leds lpc_ich mac_hid serio_raw sch_fq_codel efi_pstore nfnetlink vsock_loopback vmw_vsock_virtio_transport_common vmw_vsock_vmci_transport vsock vmw_vmci dmi_sysfs qemu_fw_cfg ip_tables x_tables autofs4
[ 3252.353132] CPU: 1 UID: 0 PID: 1286 Comm: kworker/1:2 Tainted: G             L      6.16.0-rc7+ #3 PREEMPT(voluntary) 
[ 3252.353135] Tainted: [L]=SOFTLOCKUP
[ 3252.353136] Hardware name: QEMU Standard PC (Q35 + ICH9, 2009), BIOS rel-1.17.0-0-gb52ca86e094d-prebuilt.qemu.org 04/01/2014
[ 3252.353138] Workqueue: events psi_avgs_work
[ 3252.353149] RIP: 0010:collect_percpu_times+0x415/0x840
[ 3252.353151] Code: 5d 41 5e 41 5f 5d 31 c0 31 d2 31 c9 31 f6 31 ff 45 31 c0 45 31 c9 45 31 d2 45 31 db c3 cc cc cc cc 48 c7 c0 40 3d bc 83 f3 90 <48> 81 f9 00 20 00 00 0f 83 d7 03 00 00 48 8b 14 cd c0 1f fd 82 48
[ 3252.353182] RSP: 0018:ffffc90004a4bcf0 EFLAGS: 00000202
[ 3252.353183] RAX: ffffffff83bc3d40 RBX: 0000000000000027 RCX: 0000000000000001
[ 3252.353184] RDX: ffff888277c9cd40 RSI: 0000000000000000 RDI: ffffffff83bc3d80
[ 3252.353185] RBP: ffffc90004a4be00 R08: ffff888277c9cd80 R09: 0000000000000000
[ 3252.353185] R10: 0000000000000001 R11: 0000000000000000 R12: ffffc90004a4bda0
[ 3252.353186] R13: ffff888277c9cd94 R14: 0000000000000001 R15: ffffc90004a4bd84
[ 3252.353187] FS:  0000000000000000(0000) GS:ffff8882f40d9000(0000) knlGS:0000000000000000
[ 3252.353188] CS:  0010 DS: 0000 ES: 0000 CR0: 0000000080050033
[ 3252.353188] CR2: 00007d40c42cc200 CR3: 0000000119a54000 CR4: 00000000000406f0
[ 3252.353193] Call Trace:
[ 3252.353202]  <TASK>
[ 3252.353208]  ? finish_task_switch.isra.0+0x9c/0x340
[ 3252.353215]  psi_avgs_work+0x43/0xd0
[ 3252.353216]  ? css_free_rwork_fn+0x167/0x420
[ 3252.353223]  process_one_work+0x18a/0x370
[ 3252.353230]  worker_thread+0x347/0x480
[ 3252.353242]  ? __pfx_worker_thread+0x10/0x10
[ 3252.353244]  kthread+0x10b/0x220
[ 3252.353247]  ? __pfx_kthread+0x10/0x10
[ 3252.353248]  ret_from_fork+0x1a1/0x1d0
[ 3252.353252]  ? __pfx_kthread+0x10/0x10
[ 3252.353253]  ret_from_fork_asm+0x1a/0x30
[ 3252.353258]  </TASK>
[ 3280.353086] watchdog: BUG: soft lockup - CPU#1 stuck for 757s! [kworker/1:2:1286]
[ 3280.353091] Modules linked in: nd_pmem nd_btt dax_pmem sunrpc kmem device_dax binfmt_misc cfg80211 ppdev 8021q garp mrp stp llc snd_pcm iTCO_wdt snd_timer intel_pmc_bxt snd joydev iTCO_vendor_support vga16fb parport_pc soundcore vgastate parport sha1_ssse3 psmouse pcspkr i2c_i801 i2c_mux i2c_smbus bochs input_leds lpc_ich mac_hid serio_raw sch_fq_codel efi_pstore nfnetlink vsock_loopback vmw_vsock_virtio_transport_common vmw_vsock_vmci_transport vsock vmw_vmci dmi_sysfs qemu_fw_cfg ip_tables x_tables autofs4
[ 3280.353144] CPU: 1 UID: 0 PID: 1286 Comm: kworker/1:2 Tainted: G             L      6.16.0-rc7+ #3 PREEMPT(voluntary) 
[ 3280.353146] Tainted: [L]=SOFTLOCKUP
[ 3280.353147] Hardware name: QEMU Standard PC (Q35 + ICH9, 2009), BIOS rel-1.17.0-0-gb52ca86e094d-prebuilt.qemu.org 04/01/2014
[ 3280.353149] Workqueue: events psi_avgs_work
[ 3280.353158] RIP: 0010:collect_percpu_times+0x415/0x840
[ 3280.353161] Code: 5d 41 5e 41 5f 5d 31 c0 31 d2 31 c9 31 f6 31 ff 45 31 c0 45 31 c9 45 31 d2 45 31 db c3 cc cc cc cc 48 c7 c0 40 3d bc 83 f3 90 <48> 81 f9 00 20 00 00 0f 83 d7 03 00 00 48 8b 14 cd c0 1f fd 82 48
[ 3280.353162] RSP: 0018:ffffc90004a4bcf0 EFLAGS: 00000202
[ 3280.353164] RAX: ffffffff83bc3d40 RBX: 0000000000000027 RCX: 0000000000000001
[ 3280.353164] RDX: ffff888277c9cd40 RSI: 0000000000000000 RDI: ffffffff83bc3d80
[ 3280.353165] RBP: ffffc90004a4be00 R08: ffff888277c9cd80 R09: 0000000000000000
[ 3280.353166] R10: 0000000000000001 R11: 0000000000000000 R12: ffffc90004a4bda0
[ 3280.353166] R13: ffff888277c9cd94 R14: 0000000000000001 R15: ffffc90004a4bd84
[ 3280.353167] FS:  0000000000000000(0000) GS:ffff8882f40d9000(0000) knlGS:0000000000000000
[ 3280.353168] CS:  0010 DS: 0000 ES: 0000 CR0: 0000000080050033
[ 3280.353169] CR2: 00007d40c42cc200 CR3: 0000000119a54000 CR4: 00000000000406f0
[ 3280.353172] Call Trace:
[ 3280.353174]  <TASK>
[ 3280.353178]  ? finish_task_switch.isra.0+0x9c/0x340
[ 3280.353184]  psi_avgs_work+0x43/0xd0
[ 3280.353186]  ? css_free_rwork_fn+0x167/0x420
[ 3280.353192]  process_one_work+0x18a/0x370
[ 3280.353196]  worker_thread+0x347/0x480
[ 3280.353198]  ? __pfx_worker_thread+0x10/0x10
[ 3280.353200]  kthread+0x10b/0x220
[ 3280.353203]  ? __pfx_kthread+0x10/0x10
[ 3280.353204]  ret_from_fork+0x1a1/0x1d0
[ 3280.353207]  ? __pfx_kthread+0x10/0x10
[ 3280.353208]  ret_from_fork_asm+0x1a/0x30
[ 3280.353212]  </TASK>
[ 3308.353087] watchdog: BUG: soft lockup - CPU#1 stuck for 783s! [kworker/1:2:1286]
[ 3308.353093] Modules linked in: nd_pmem nd_btt dax_pmem sunrpc kmem device_dax binfmt_misc cfg80211 ppdev 8021q garp mrp stp llc snd_pcm iTCO_wdt snd_timer intel_pmc_bxt snd joydev iTCO_vendor_support vga16fb parport_pc soundcore vgastate parport sha1_ssse3 psmouse pcspkr i2c_i801 i2c_mux i2c_smbus bochs input_leds lpc_ich mac_hid serio_raw sch_fq_codel efi_pstore nfnetlink vsock_loopback vmw_vsock_virtio_transport_common vmw_vsock_vmci_transport vsock vmw_vmci dmi_sysfs qemu_fw_cfg ip_tables x_tables autofs4
[ 3308.353170] CPU: 1 UID: 0 PID: 1286 Comm: kworker/1:2 Tainted: G             L      6.16.0-rc7+ #3 PREEMPT(voluntary) 
[ 3308.353172] Tainted: [L]=SOFTLOCKUP
[ 3308.353173] Hardware name: QEMU Standard PC (Q35 + ICH9, 2009), BIOS rel-1.17.0-0-gb52ca86e094d-prebuilt.qemu.org 04/01/2014
[ 3308.353175] Workqueue: events psi_avgs_work
[ 3308.353186] RIP: 0010:collect_percpu_times+0x415/0x840
[ 3308.353188] Code: 5d 41 5e 41 5f 5d 31 c0 31 d2 31 c9 31 f6 31 ff 45 31 c0 45 31 c9 45 31 d2 45 31 db c3 cc cc cc cc 48 c7 c0 40 3d bc 83 f3 90 <48> 81 f9 00 20 00 00 0f 83 d7 03 00 00 48 8b 14 cd c0 1f fd 82 48
[ 3308.353189] RSP: 0018:ffffc90004a4bcf0 EFLAGS: 00000202
[ 3308.353191] RAX: ffffffff83bc3d40 RBX: 0000000000000027 RCX: 0000000000000001
[ 3308.353192] RDX: ffff888277c9cd40 RSI: 0000000000000000 RDI: ffffffff83bc3d80
[ 3308.353193] RBP: ffffc90004a4be00 R08: ffff888277c9cd80 R09: 0000000000000000
[ 3308.353193] R10: 0000000000000001 R11: 0000000000000000 R12: ffffc90004a4bda0
[ 3308.353194] R13: ffff888277c9cd94 R14: 0000000000000001 R15: ffffc90004a4bd84
[ 3308.353195] FS:  0000000000000000(0000) GS:ffff8882f40d9000(0000) knlGS:0000000000000000
[ 3308.353196] CS:  0010 DS: 0000 ES: 0000 CR0: 0000000080050033
[ 3308.353197] CR2: 00007d40c42cc200 CR3: 0000000119a54000 CR4: 00000000000406f0
[ 3308.353200] Call Trace:
[ 3308.353202]  <TASK>
[ 3308.353207]  ? finish_task_switch.isra.0+0x9c/0x340
[ 3308.353215]  psi_avgs_work+0x43/0xd0
[ 3308.353216]  ? css_free_rwork_fn+0x167/0x420
[ 3308.353223]  process_one_work+0x18a/0x370
[ 3308.353227]  worker_thread+0x347/0x480
[ 3308.353229]  ? __pfx_worker_thread+0x10/0x10
[ 3308.353231]  kthread+0x10b/0x220
[ 3308.353234]  ? __pfx_kthread+0x10/0x10
[ 3308.353235]  ret_from_fork+0x1a1/0x1d0
[ 3308.353239]  ? __pfx_kthread+0x10/0x10
[ 3308.353240]  ret_from_fork_asm+0x1a/0x30
[ 3308.353245]  </TASK>
[ 3318.944007] INFO: task (time-dir):1501 blocked for more than 737 seconds.
[ 3318.946664]       Tainted: G             L      6.16.0-rc7+ #3
[ 3318.948895] "echo 0 > /proc/sys/kernel/hung_task_timeout_secs" disables this message.
[ 3318.951726] task:(time-dir)      state:D stack:0     pid:1501  tgid:1501  ppid:1      task_flags:0x400100 flags:0x00004006
[ 3318.955604] Call Trace:
[ 3318.955883]  <TASK>
[ 3318.956119]  __schedule+0x41b/0x1700
[ 3318.956889]  ? asm_sysvec_apic_timer_interrupt+0x1b/0x20
[ 3318.957487]  schedule+0x27/0xf0
[ 3318.957835]  schedule_preempt_disabled+0x15/0x30
[ 3318.958325]  __mutex_lock.constprop.0+0x4ce/0x9c0
[ 3318.958858]  ? __memcg_slab_post_alloc_hook+0x1ba/0x3f0
[ 3318.959426]  __mutex_lock_slowpath+0x13/0x20
[ 3318.959882]  mutex_lock+0x3b/0x50
[ 3318.960237]  psi_show+0x46/0x2e0
[ 3318.960643]  ? seq_read_iter+0x388/0x490
[ 3318.961075]  psi_io_show+0x17/0x30
[ 3318.961470]  seq_read_iter+0x130/0x490
[ 3318.961902]  seq_read+0xf9/0x150
[ 3318.962255]  proc_reg_read+0x6d/0xd0
[ 3318.962678]  vfs_read+0xbf/0x360
[ 3318.963033]  ? kmem_cache_free+0x430/0x4f0
[ 3318.963529]  ? __fput+0x1a2/0x2d0
[ 3318.963892]  ksys_read+0x69/0xe0
[ 3318.964238]  __x64_sys_read+0x19/0x30
[ 3318.964682]  x64_sys_call+0x20d4/0x2320
[ 3318.965104]  do_syscall_64+0x83/0x2f0
[ 3318.965534]  ? __x64_sys_openat+0x5f/0xa0
[ 3318.965981]  ? x64_sys_call+0x19cc/0x2320
[ 3318.966447]  ? do_syscall_64+0xbc/0x2f0
[ 3318.966871]  ? __do_sys_statfs+0x57/0x60
[ 3318.967303]  ? __x64_sys_statfs+0x16/0x20
[ 3318.967808]  ? x64_sys_call+0x1ae9/0x2320
[ 3318.968249]  ? do_syscall_64+0xbc/0x2f0
[ 3318.968727]  ? irqentry_exit+0x43/0x50
[ 3318.969136]  ? exc_page_fault+0x8d/0x1a0
[ 3318.969598]  entry_SYSCALL_64_after_hwframe+0x76/0x7e
[ 3318.970146] RIP: 0033:0x7d40c4099687
[ 3318.970568] RSP: 002b:00007fff6b5c68d0 EFLAGS: 00000202 ORIG_RAX: 0000000000000000
[ 3318.971408] RAX: ffffffffffffffda RBX: 00007d40c46b8e00 RCX: 00007d40c4099687
[ 3318.972173] RDX: 0000000000000001 RSI: 00006282ca4d4d80 RDI: 0000000000000003
[ 3318.973023] RBP: 0000000000000003 R08: 0000000000000000 R09: 0000000000000000
[ 3318.973810] R10: 0000000000000000 R11: 0000000000000202 R12: 0000000000000000
[ 3318.974588] R13: 0000000000000001 R14: 0000000000000000 R15: 0000000000000001
[ 3318.975352]  </TASK>
[ 3318.975657] INFO: task (time-dir):1501 is blocked on a mutex likely owned by task kworker/1:2:1286.
[ 3318.976696] task:kworker/1:2     state:R  running task     stack:0     pid:1286  tgid:1286  ppid:2      task_flags:0x4208060 flags:0x00004008
[ 3318.978092] Workqueue: events psi_avgs_work
[ 3318.978579] Call Trace:
[ 3318.978859]  <TASK>
[ 3318.979101]  ? psi_avgs_work+0x43/0xd0
[ 3318.979551]  ? css_free_rwork_fn+0x167/0x420
[ 3318.980032]  ? process_one_work+0x18a/0x370
[ 3318.980520]  ? worker_thread+0x347/0x480
[ 3318.980935]  ? __pfx_worker_thread+0x10/0x10
[ 3318.981279]  ? kthread+0x10b/0x220
[ 3318.981576]  ? __pfx_kthread+0x10/0x10
[ 3318.981870]  ? ret_from_fork+0x1a1/0x1d0
[ 3318.982177]  ? __pfx_kthread+0x10/0x10
[ 3318.982497]  ? ret_from_fork_asm+0x1a/0x30
[ 3318.982833]  </TASK>
[ 3318.983020] INFO: task (time-dir):1554 blocked for more than 368 seconds.
[ 3318.983633]       Tainted: G             L      6.16.0-rc7+ #3
[ 3318.984098] "echo 0 > /proc/sys/kernel/hung_task_timeout_secs" disables this message.
[ 3318.984781] task:(time-dir)      state:D stack:0     pid:1554  tgid:1554  ppid:1      task_flags:0x400100 flags:0x00004002
[ 3318.985642] Call Trace:
[ 3318.985844]  <TASK>
[ 3318.986016]  __schedule+0x41b/0x1700
[ 3318.986304]  ? asm_sysvec_apic_timer_interrupt+0x1b/0x20
[ 3318.986747]  schedule+0x27/0xf0
[ 3318.986998]  schedule_preempt_disabled+0x15/0x30
[ 3318.987362]  __mutex_lock.constprop.0+0x4ce/0x9c0
[ 3318.987760]  ? __memcg_slab_post_alloc_hook+0x1ba/0x3f0
[ 3318.988147]  __mutex_lock_slowpath+0x13/0x20
[ 3318.988505]  mutex_lock+0x3b/0x50
[ 3318.988753]  psi_show+0x46/0x2e0
[ 3318.988993]  ? seq_read_iter+0x388/0x490
[ 3318.989280]  psi_cpu_show+0x1a/0x30
[ 3318.989581]  seq_read_iter+0x130/0x490
[ 3318.989858]  seq_read+0xf9/0x150
[ 3318.990098]  proc_reg_read+0x6d/0xd0
[ 3318.990360]  vfs_read+0xbf/0x360
[ 3318.990654]  ? __x64_sys_openat+0x5f/0xa0
[ 3318.990947]  ? x64_sys_call+0x19cc/0x2320
[ 3318.991234]  ? do_syscall_64+0xbc/0x2f0
[ 3318.991541]  ksys_read+0x69/0xe0
[ 3318.991783]  __x64_sys_read+0x19/0x30
[ 3318.992049]  x64_sys_call+0x20d4/0x2320
[ 3318.992331]  do_syscall_64+0x83/0x2f0
[ 3318.992632]  ? irqentry_exit+0x43/0x50
[ 3318.992911]  ? exc_page_fault+0x8d/0x1a0
[ 3318.993198]  entry_SYSCALL_64_after_hwframe+0x76/0x7e
[ 3318.993602] RIP: 0033:0x77fb48699687
[ 3318.993867] RSP: 002b:00007ffd003024c0 EFLAGS: 00000202 ORIG_RAX: 0000000000000000
[ 3318.994454] RAX: ffffffffffffffda RBX: 000077fb49065e00 RCX: 000077fb48699687
[ 3318.994961] RDX: 0000000000000001 RSI: 000056d6b1709d60 RDI: 0000000000000003
[ 3318.995518] RBP: 0000000000000003 R08: 0000000000000000 R09: 0000000000000000
[ 3318.996026] R10: 0000000000000000 R11: 0000000000000202 R12: 0000000000000000
[ 3318.996571] R13: 0000000000000001 R14: 0000000000000000 R15: 0000000000000001
[ 3318.997085]  </TASK>
[ 3318.997258] INFO: task (time-dir):1554 is blocked on a mutex likely owned by task kworker/1:2:1286.
[ 3318.997943] task:kworker/1:2     state:R  running task     stack:0     pid:1286  tgid:1286  ppid:2      task_flags:0x4208060 flags:0x00004008
[ 3318.998868] Workqueue: events psi_avgs_work
[ 3318.999170] Call Trace:
[ 3318.999359]  <TASK>
[ 3318.999570]  ? psi_avgs_work+0x43/0xd0
[ 3318.999848]  ? css_free_rwork_fn+0x167/0x420
[ 3319.000162]  ? process_one_work+0x18a/0x370
[ 3319.000521]  ? worker_thread+0x347/0x480
[ 3319.000812]  ? __pfx_worker_thread+0x10/0x10
[ 3319.001124]  ? kthread+0x10b/0x220
[ 3319.001393]  ? __pfx_kthread+0x10/0x10
[ 3319.001725]  ? ret_from_fork+0x1a1/0x1d0
[ 3319.002016]  ? __pfx_kthread+0x10/0x10
[ 3319.002302]  ? ret_from_fork_asm+0x1a/0x30
[ 3319.002631]  </TASK>
[ 3336.353087] watchdog: BUG: soft lockup - CPU#1 stuck for 809s! [kworker/1:2:1286]
[ 3336.353093] Modules linked in: nd_pmem nd_btt dax_pmem sunrpc kmem device_dax binfmt_misc cfg80211 ppdev 8021q garp mrp stp llc snd_pcm iTCO_wdt snd_timer intel_pmc_bxt snd joydev iTCO_vendor_support vga16fb parport_pc soundcore vgastate parport sha1_ssse3 psmouse pcspkr i2c_i801 i2c_mux i2c_smbus bochs input_leds lpc_ich mac_hid serio_raw sch_fq_codel efi_pstore nfnetlink vsock_loopback vmw_vsock_virtio_transport_common vmw_vsock_vmci_transport vsock vmw_vmci dmi_sysfs qemu_fw_cfg ip_tables x_tables autofs4
[ 3336.353436] CPU: 1 UID: 0 PID: 1286 Comm: kworker/1:2 Tainted: G             L      6.16.0-rc7+ #3 PREEMPT(voluntary) 
[ 3336.353439] Tainted: [L]=SOFTLOCKUP
[ 3336.353440] Hardware name: QEMU Standard PC (Q35 + ICH9, 2009), BIOS rel-1.17.0-0-gb52ca86e094d-prebuilt.qemu.org 04/01/2014
[ 3336.353443] Workqueue: events psi_avgs_work
[ 3336.353457] RIP: 0010:collect_percpu_times+0x415/0x840
[ 3336.353461] Code: 5d 41 5e 41 5f 5d 31 c0 31 d2 31 c9 31 f6 31 ff 45 31 c0 45 31 c9 45 31 d2 45 31 db c3 cc cc cc cc 48 c7 c0 40 3d bc 83 f3 90 <48> 81 f9 00 20 00 00 0f 83 d7 03 00 00 48 8b 14 cd c0 1f fd 82 48
[ 3336.353462] RSP: 0018:ffffc90004a4bcf0 EFLAGS: 00000202
[ 3336.353464] RAX: ffffffff83bc3d40 RBX: 0000000000000027 RCX: 0000000000000001
[ 3336.353465] RDX: ffff888277c9cd40 RSI: 0000000000000000 RDI: ffffffff83bc3d80
[ 3336.353465] RBP: ffffc90004a4be00 R08: ffff888277c9cd80 R09: 0000000000000000
[ 3336.353466] R10: 0000000000000001 R11: 0000000000000000 R12: ffffc90004a4bda0
[ 3336.353466] R13: ffff888277c9cd94 R14: 0000000000000001 R15: ffffc90004a4bd84
[ 3336.353468] FS:  0000000000000000(0000) GS:ffff8882f40d9000(0000) knlGS:0000000000000000
[ 3336.353468] CS:  0010 DS: 0000 ES: 0000 CR0: 0000000080050033
[ 3336.353469] CR2: 00007d40c42cc200 CR3: 0000000119a54000 CR4: 00000000000406f0
[ 3336.353473] Call Trace:
[ 3336.353476]  <TASK>
[ 3336.353481]  ? finish_task_switch.isra.0+0x9c/0x340
[ 3336.353486]  psi_avgs_work+0x43/0xd0
[ 3336.353487]  ? css_free_rwork_fn+0x167/0x420
[ 3336.353493]  process_one_work+0x18a/0x370
[ 3336.353496]  worker_thread+0x347/0x480
[ 3336.353498]  ? __pfx_worker_thread+0x10/0x10
[ 3336.353500]  kthread+0x10b/0x220
[ 3336.353502]  ? __pfx_kthread+0x10/0x10
[ 3336.353503]  ret_from_fork+0x1a1/0x1d0
[ 3336.353506]  ? __pfx_kthread+0x10/0x10
[ 3336.353507]  ret_from_fork_asm+0x1a/0x30
[ 3336.353511]  </TASK>
[ 3364.353088] watchdog: BUG: soft lockup - CPU#1 stuck for 835s! [kworker/1:2:1286]
[ 3364.353094] Modules linked in: nd_pmem nd_btt dax_pmem sunrpc kmem device_dax binfmt_misc cfg80211 ppdev 8021q garp mrp stp llc snd_pcm iTCO_wdt snd_timer intel_pmc_bxt snd joydev iTCO_vendor_support vga16fb parport_pc soundcore vgastate parport sha1_ssse3 psmouse pcspkr i2c_i801 i2c_mux i2c_smbus bochs input_leds lpc_ich mac_hid serio_raw sch_fq_codel efi_pstore nfnetlink vsock_loopback vmw_vsock_virtio_transport_common vmw_vsock_vmci_transport vsock vmw_vmci dmi_sysfs qemu_fw_cfg ip_tables x_tables autofs4
[ 3364.353135] CPU: 1 UID: 0 PID: 1286 Comm: kworker/1:2 Tainted: G             L      6.16.0-rc7+ #3 PREEMPT(voluntary) 
[ 3364.353138] Tainted: [L]=SOFTLOCKUP
[ 3364.353139] Hardware name: QEMU Standard PC (Q35 + ICH9, 2009), BIOS rel-1.17.0-0-gb52ca86e094d-prebuilt.qemu.org 04/01/2014
[ 3364.353142] Workqueue: events psi_avgs_work
[ 3364.353152] RIP: 0010:collect_percpu_times+0x415/0x840
[ 3364.353154] Code: 5d 41 5e 41 5f 5d 31 c0 31 d2 31 c9 31 f6 31 ff 45 31 c0 45 31 c9 45 31 d2 45 31 db c3 cc cc cc cc 48 c7 c0 40 3d bc 83 f3 90 <48> 81 f9 00 20 00 00 0f 83 d7 03 00 00 48 8b 14 cd c0 1f fd 82 48
[ 3364.353156] RSP: 0018:ffffc90004a4bcf0 EFLAGS: 00000202
[ 3364.353158] RAX: ffffffff83bc3d40 RBX: 0000000000000027 RCX: 0000000000000001
[ 3364.353321] RDX: ffff888277c9cd40 RSI: 0000000000000000 RDI: ffffffff83bc3d80
[ 3364.353322] RBP: ffffc90004a4be00 R08: ffff888277c9cd80 R09: 0000000000000000
[ 3364.353323] R10: 0000000000000001 R11: 0000000000000000 R12: ffffc90004a4bda0
[ 3364.353323] R13: ffff888277c9cd94 R14: 0000000000000001 R15: ffffc90004a4bd84
[ 3364.353324] FS:  0000000000000000(0000) GS:ffff8882f40d9000(0000) knlGS:0000000000000000
[ 3364.353325] CS:  0010 DS: 0000 ES: 0000 CR0: 0000000080050033
[ 3364.353333] CR2: 00007d40c42cc200 CR3: 0000000119a54000 CR4: 00000000000406f0
[ 3364.353337] Call Trace:
[ 3364.353339]  <TASK>
[ 3364.353344]  ? finish_task_switch.isra.0+0x9c/0x340
[ 3364.353350]  psi_avgs_work+0x43/0xd0
[ 3364.353352]  ? css_free_rwork_fn+0x167/0x420
[ 3364.353358]  process_one_work+0x18a/0x370
[ 3364.353363]  worker_thread+0x347/0x480
[ 3364.353365]  ? __pfx_worker_thread+0x10/0x10
[ 3364.353366]  kthread+0x10b/0x220
[ 3364.353369]  ? __pfx_kthread+0x10/0x10
[ 3364.353371]  ret_from_fork+0x1a1/0x1d0
[ 3364.353374]  ? __pfx_kthread+0x10/0x10
[ 3364.353375]  ret_from_fork_asm+0x1a/0x30
[ 3364.353380]  </TASK>
[ 3392.353086] watchdog: BUG: soft lockup - CPU#1 stuck for 861s! [kworker/1:2:1286]
[ 3392.353093] Modules linked in: nd_pmem nd_btt dax_pmem sunrpc kmem device_dax binfmt_misc cfg80211 ppdev 8021q garp mrp stp llc snd_pcm iTCO_wdt snd_timer intel_pmc_bxt snd joydev iTCO_vendor_support vga16fb parport_pc soundcore vgastate parport sha1_ssse3 psmouse pcspkr i2c_i801 i2c_mux i2c_smbus bochs input_leds lpc_ich mac_hid serio_raw sch_fq_codel efi_pstore nfnetlink vsock_loopback vmw_vsock_virtio_transport_common vmw_vsock_vmci_transport vsock vmw_vmci dmi_sysfs qemu_fw_cfg ip_tables x_tables autofs4
[ 3392.353132] CPU: 1 UID: 0 PID: 1286 Comm: kworker/1:2 Tainted: G             L      6.16.0-rc7+ #3 PREEMPT(voluntary) 
[ 3392.353134] Tainted: [L]=SOFTLOCKUP
[ 3392.353135] Hardware name: QEMU Standard PC (Q35 + ICH9, 2009), BIOS rel-1.17.0-0-gb52ca86e094d-prebuilt.qemu.org 04/01/2014
[ 3392.353138] Workqueue: events psi_avgs_work
[ 3392.353147] RIP: 0010:collect_percpu_times+0x415/0x840
[ 3392.353150] Code: 5d 41 5e 41 5f 5d 31 c0 31 d2 31 c9 31 f6 31 ff 45 31 c0 45 31 c9 45 31 d2 45 31 db c3 cc cc cc cc 48 c7 c0 40 3d bc 83 f3 90 <48> 81 f9 00 20 00 00 0f 83 d7 03 00 00 48 8b 14 cd c0 1f fd 82 48
[ 3392.353151] RSP: 0018:ffffc90004a4bcf0 EFLAGS: 00000202
[ 3392.353153] RAX: ffffffff83bc3d40 RBX: 0000000000000027 RCX: 0000000000000001
[ 3392.353154] RDX: ffff888277c9cd40 RSI: 0000000000000000 RDI: ffffffff83bc3d80
[ 3392.353155] RBP: ffffc90004a4be00 R08: ffff888277c9cd80 R09: 0000000000000000
[ 3392.353155] R10: 0000000000000001 R11: 0000000000000000 R12: ffffc90004a4bda0
[ 3392.353156] R13: ffff888277c9cd94 R14: 0000000000000001 R15: ffffc90004a4bd84
[ 3392.353157] FS:  0000000000000000(0000) GS:ffff8882f40d9000(0000) knlGS:0000000000000000
[ 3392.353157] CS:  0010 DS: 0000 ES: 0000 CR0: 0000000080050033
[ 3392.353158] CR2: 00007d40c42cc200 CR3: 0000000119a54000 CR4: 00000000000406f0
[ 3392.353162] Call Trace:
[ 3392.353164]  <TASK>
[ 3392.353169]  ? finish_task_switch.isra.0+0x9c/0x340
[ 3392.353175]  psi_avgs_work+0x43/0xd0
[ 3392.353176]  ? css_free_rwork_fn+0x167/0x420
[ 3392.353183]  process_one_work+0x18a/0x370
[ 3392.353187]  worker_thread+0x347/0x480
[ 3392.353189]  ? __pfx_worker_thread+0x10/0x10
[ 3392.353190]  kthread+0x10b/0x220
[ 3392.353487]  ? __pfx_kthread+0x10/0x10
[ 3392.353489]  ret_from_fork+0x1a1/0x1d0
[ 3392.353492]  ? __pfx_kthread+0x10/0x10
[ 3392.353493]  ret_from_fork_asm+0x1a/0x30
[ 3392.353497]  </TASK>
[ 3420.353092] watchdog: BUG: soft lockup - CPU#1 stuck for 887s! [kworker/1:2:1286]
[ 3420.353098] Modules linked in: nd_pmem nd_btt dax_pmem sunrpc kmem device_dax binfmt_misc cfg80211 ppdev 8021q garp mrp stp llc snd_pcm iTCO_wdt snd_timer intel_pmc_bxt snd joydev iTCO_vendor_support vga16fb parport_pc soundcore vgastate parport sha1_ssse3 psmouse pcspkr i2c_i801 i2c_mux i2c_smbus bochs input_leds lpc_ich mac_hid serio_raw sch_fq_codel efi_pstore nfnetlink vsock_loopback vmw_vsock_virtio_transport_common vmw_vsock_vmci_transport vsock vmw_vmci dmi_sysfs qemu_fw_cfg ip_tables x_tables autofs4
[ 3420.353140] CPU: 1 UID: 0 PID: 1286 Comm: kworker/1:2 Tainted: G             L      6.16.0-rc7+ #3 PREEMPT(voluntary) 
[ 3420.353142] Tainted: [L]=SOFTLOCKUP
[ 3420.353143] Hardware name: QEMU Standard PC (Q35 + ICH9, 2009), BIOS rel-1.17.0-0-gb52ca86e094d-prebuilt.qemu.org 04/01/2014
[ 3420.353146] Workqueue: events psi_avgs_work
[ 3420.353156] RIP: 0010:collect_percpu_times+0x415/0x840
[ 3420.353159] Code: 5d 41 5e 41 5f 5d 31 c0 31 d2 31 c9 31 f6 31 ff 45 31 c0 45 31 c9 45 31 d2 45 31 db c3 cc cc cc cc 48 c7 c0 40 3d bc 83 f3 90 <48> 81 f9 00 20 00 00 0f 83 d7 03 00 00 48 8b 14 cd c0 1f fd 82 48
[ 3420.353195] RSP: 0018:ffffc90004a4bcf0 EFLAGS: 00000202
[ 3420.353196] RAX: ffffffff83bc3d40 RBX: 0000000000000027 RCX: 0000000000000001
[ 3420.353197] RDX: ffff888277c9cd40 RSI: 0000000000000000 RDI: ffffffff83bc3d80
[ 3420.353198] RBP: ffffc90004a4be00 R08: ffff888277c9cd80 R09: 0000000000000000
[ 3420.353198] R10: 0000000000000001 R11: 0000000000000000 R12: ffffc90004a4bda0
[ 3420.353199] R13: ffff888277c9cd94 R14: 0000000000000001 R15: ffffc90004a4bd84
[ 3420.353200] FS:  0000000000000000(0000) GS:ffff8882f40d9000(0000) knlGS:0000000000000000
[ 3420.353201] CS:  0010 DS: 0000 ES: 0000 CR0: 0000000080050033
[ 3420.353202] CR2: 00007d40c42cc200 CR3: 0000000119a54000 CR4: 00000000000406f0
[ 3420.353205] Call Trace:
[ 3420.353207]  <TASK>
[ 3420.353212]  ? finish_task_switch.isra.0+0x9c/0x340
[ 3420.353217]  psi_avgs_work+0x43/0xd0
[ 3420.353219]  ? css_free_rwork_fn+0x167/0x420
[ 3420.353224]  process_one_work+0x18a/0x370
[ 3420.353227]  worker_thread+0x347/0x480
[ 3420.353229]  ? __pfx_worker_thread+0x10/0x10
[ 3420.353231]  kthread+0x10b/0x220
[ 3420.353232]  ? __pfx_kthread+0x10/0x10
[ 3420.353234]  ret_from_fork+0x1a1/0x1d0
[ 3420.353237]  ? __pfx_kthread+0x10/0x10
[ 3420.353238]  ret_from_fork_asm+0x1a/0x30
[ 3420.353242]  </TASK>
[ 3441.824006] INFO: task (time-dir):1501 blocked for more than 860 seconds.
[ 3441.826759]       Tainted: G             L      6.16.0-rc7+ #3
[ 3441.828786] "echo 0 > /proc/sys/kernel/hung_task_timeout_secs" disables this message.
[ 3441.831448] task:(time-dir)      state:D stack:0     pid:1501  tgid:1501  ppid:1      task_flags:0x400100 flags:0x00004006
[ 3441.835242] Call Trace:
[ 3441.836143]  <TASK>
[ 3441.836944]  __schedule+0x41b/0x1700
[ 3441.838207]  ? asm_sysvec_apic_timer_interrupt+0x1b/0x20
[ 3441.840252]  schedule+0x27/0xf0
[ 3441.841432]  schedule_preempt_disabled+0x15/0x30
[ 3441.843015]  __mutex_lock.constprop.0+0x4ce/0x9c0
[ 3441.844688]  ? __memcg_slab_post_alloc_hook+0x1ba/0x3f0
[ 3441.846463]  __mutex_lock_slowpath+0x13/0x20
[ 3441.847933]  mutex_lock+0x3b/0x50
[ 3441.849123]  psi_show+0x46/0x2e0
[ 3441.849944]  ? seq_read_iter+0x388/0x490
[ 3441.850227]  psi_io_show+0x17/0x30
[ 3441.850493]  seq_read_iter+0x130/0x490
[ 3441.850762]  seq_read+0xf9/0x150
[ 3441.850999]  proc_reg_read+0x6d/0xd0
[ 3441.851252]  vfs_read+0xbf/0x360
[ 3441.851567]  ? kmem_cache_free+0x430/0x4f0
[ 3441.851873]  ? __fput+0x1a2/0x2d0
[ 3441.852110]  ksys_read+0x69/0xe0
[ 3441.852350]  __x64_sys_read+0x19/0x30
[ 3441.852628]  x64_sys_call+0x20d4/0x2320
[ 3441.852921]  do_syscall_64+0x83/0x2f0
[ 3441.853200]  ? __x64_sys_openat+0x5f/0xa0
[ 3441.853534]  ? x64_sys_call+0x19cc/0x2320
[ 3441.853831]  ? do_syscall_64+0xbc/0x2f0
[ 3441.854114]  ? __do_sys_statfs+0x57/0x60
[ 3441.854437]  ? __x64_sys_statfs+0x16/0x20
[ 3441.854761]  ? x64_sys_call+0x1ae9/0x2320
[ 3441.855058]  ? do_syscall_64+0xbc/0x2f0
[ 3441.855347]  ? irqentry_exit+0x43/0x50
[ 3441.855663]  ? exc_page_fault+0x8d/0x1a0
[ 3441.855965]  entry_SYSCALL_64_after_hwframe+0x76/0x7e
[ 3441.856339] RIP: 0033:0x7d40c4099687
[ 3441.856641] RSP: 002b:00007fff6b5c68d0 EFLAGS: 00000202 ORIG_RAX: 0000000000000000
[ 3441.857187] RAX: ffffffffffffffda RBX: 00007d40c46b8e00 RCX: 00007d40c4099687
[ 3441.857746] RDX: 0000000000000001 RSI: 00006282ca4d4d80 RDI: 0000000000000003
[ 3441.858258] RBP: 0000000000000003 R08: 0000000000000000 R09: 0000000000000000
[ 3441.858817] R10: 0000000000000000 R11: 0000000000000202 R12: 0000000000000000
[ 3441.859340] R13: 0000000000000001 R14: 0000000000000000 R15: 0000000000000001
[ 3441.859898]  </TASK>
[ 3441.860098] INFO: task (time-dir):1501 is blocked on a mutex likely owned by task kworker/1:2:1286.
[ 3441.860815] task:kworker/1:2     state:R  running task     stack:0     pid:1286  tgid:1286  ppid:2      task_flags:0x4208060 flags:0x00004008
[ 3441.861756] Workqueue: events psi_avgs_work
[ 3441.862072] Call Trace:
[ 3441.862259]  <TASK>
[ 3441.862459]  ? psi_avgs_work+0x43/0xd0
[ 3441.862745]  ? css_free_rwork_fn+0x167/0x420
[ 3441.863085]  ? process_one_work+0x18a/0x370
[ 3441.863422]  ? worker_thread+0x347/0x480
[ 3441.863722]  ? __pfx_worker_thread+0x10/0x10
[ 3441.864044]  ? kthread+0x10b/0x220
[ 3441.864307]  ? __pfx_kthread+0x10/0x10
[ 3441.864627]  ? ret_from_fork+0x1a1/0x1d0
[ 3441.864925]  ? __pfx_kthread+0x10/0x10
[ 3441.865207]  ? ret_from_fork_asm+0x1a/0x30
[ 3441.865545]  </TASK>
[ 3441.865721] Future hung task reports are suppressed, see sysctl kernel.hung_task_warnings
[ 3448.353087] watchdog: BUG: soft lockup - CPU#1 stuck for 913s! [kworker/1:2:1286]
[ 3448.353094] Modules linked in: nd_pmem nd_btt dax_pmem sunrpc kmem device_dax binfmt_misc cfg80211 ppdev 8021q garp mrp stp llc snd_pcm iTCO_wdt snd_timer intel_pmc_bxt snd joydev iTCO_vendor_support vga16fb parport_pc soundcore vgastate parport sha1_ssse3 psmouse pcspkr i2c_i801 i2c_mux i2c_smbus bochs input_leds lpc_ich mac_hid serio_raw sch_fq_codel efi_pstore nfnetlink vsock_loopback vmw_vsock_virtio_transport_common vmw_vsock_vmci_transport vsock vmw_vmci dmi_sysfs qemu_fw_cfg ip_tables x_tables autofs4
[ 3448.353134] CPU: 1 UID: 0 PID: 1286 Comm: kworker/1:2 Tainted: G             L      6.16.0-rc7+ #3 PREEMPT(voluntary) 
[ 3448.353137] Tainted: [L]=SOFTLOCKUP
[ 3448.353138] Hardware name: QEMU Standard PC (Q35 + ICH9, 2009), BIOS rel-1.17.0-0-gb52ca86e094d-prebuilt.qemu.org 04/01/2014
[ 3448.353141] Workqueue: events psi_avgs_work
[ 3448.353151] RIP: 0010:collect_percpu_times+0x415/0x840
[ 3448.353154] Code: 5d 41 5e 41 5f 5d 31 c0 31 d2 31 c9 31 f6 31 ff 45 31 c0 45 31 c9 45 31 d2 45 31 db c3 cc cc cc cc 48 c7 c0 40 3d bc 83 f3 90 <48> 81 f9 00 20 00 00 0f 83 d7 03 00 00 48 8b 14 cd c0 1f fd 82 48
[ 3448.353155] RSP: 0018:ffffc90004a4bcf0 EFLAGS: 00000202
[ 3448.353157] RAX: ffffffff83bc3d40 RBX: 0000000000000027 RCX: 0000000000000001
[ 3448.353158] RDX: ffff888277c9cd40 RSI: 0000000000000000 RDI: ffffffff83bc3d80
[ 3448.353158] RBP: ffffc90004a4be00 R08: ffff888277c9cd80 R09: 0000000000000000
[ 3448.353159] R10: 0000000000000001 R11: 0000000000000000 R12: ffffc90004a4bda0
[ 3448.353159] R13: ffff888277c9cd94 R14: 0000000000000001 R15: ffffc90004a4bd84
[ 3448.353161] FS:  0000000000000000(0000) GS:ffff8882f40d9000(0000) knlGS:0000000000000000
[ 3448.353161] CS:  0010 DS: 0000 ES: 0000 CR0: 0000000080050033
[ 3448.353162] CR2: 00007d40c42cc200 CR3: 0000000119a54000 CR4: 00000000000406f0
[ 3448.353166] Call Trace:
[ 3448.353168]  <TASK>
[ 3448.353173]  ? finish_task_switch.isra.0+0x9c/0x340
[ 3448.353179]  psi_avgs_work+0x43/0xd0
[ 3448.353181]  ? css_free_rwork_fn+0x167/0x420
[ 3448.353187]  process_one_work+0x18a/0x370
[ 3448.353191]  worker_thread+0x347/0x480
[ 3448.353193]  ? __pfx_worker_thread+0x10/0x10
[ 3448.353195]  kthread+0x10b/0x220
[ 3448.353198]  ? __pfx_kthread+0x10/0x10
[ 3448.353199]  ret_from_fork+0x1a1/0x1d0
[ 3448.353202]  ? __pfx_kthread+0x10/0x10
[ 3448.353203]  ret_from_fork_asm+0x1a/0x30
[ 3448.353208]  </TASK>
[ 3476.353087] watchdog: BUG: soft lockup - CPU#1 stuck for 939s! [kworker/1:2:1286]
[ 3476.353093] Modules linked in: nd_pmem nd_btt dax_pmem sunrpc kmem device_dax binfmt_misc cfg80211 ppdev 8021q garp mrp stp llc snd_pcm iTCO_wdt snd_timer intel_pmc_bxt snd joydev iTCO_vendor_support vga16fb parport_pc soundcore vgastate parport sha1_ssse3 psmouse pcspkr i2c_i801 i2c_mux i2c_smbus bochs input_leds lpc_ich mac_hid serio_raw sch_fq_codel efi_pstore nfnetlink vsock_loopback vmw_vsock_virtio_transport_common vmw_vsock_vmci_transport vsock vmw_vmci dmi_sysfs qemu_fw_cfg ip_tables x_tables autofs4
[ 3476.353133] CPU: 1 UID: 0 PID: 1286 Comm: kworker/1:2 Tainted: G             L      6.16.0-rc7+ #3 PREEMPT(voluntary) 
[ 3476.353136] Tainted: [L]=SOFTLOCKUP
[ 3476.353137] Hardware name: QEMU Standard PC (Q35 + ICH9, 2009), BIOS rel-1.17.0-0-gb52ca86e094d-prebuilt.qemu.org 04/01/2014
[ 3476.353139] Workqueue: events psi_avgs_work
[ 3476.353150] RIP: 0010:collect_percpu_times+0x415/0x840
[ 3476.353152] Code: 5d 41 5e 41 5f 5d 31 c0 31 d2 31 c9 31 f6 31 ff 45 31 c0 45 31 c9 45 31 d2 45 31 db c3 cc cc cc cc 48 c7 c0 40 3d bc 83 f3 90 <48> 81 f9 00 20 00 00 0f 83 d7 03 00 00 48 8b 14 cd c0 1f fd 82 48
[ 3476.353179] RSP: 0018:ffffc90004a4bcf0 EFLAGS: 00000202
[ 3476.353181] RAX: ffffffff83bc3d40 RBX: 0000000000000027 RCX: 0000000000000001
[ 3476.353182] RDX: ffff888277c9cd40 RSI: 0000000000000000 RDI: ffffffff83bc3d80
[ 3476.353190] RBP: ffffc90004a4be00 R08: ffff888277c9cd80 R09: 0000000000000000
[ 3476.353190] R10: 0000000000000001 R11: 0000000000000000 R12: ffffc90004a4bda0
[ 3476.353191] R13: ffff888277c9cd94 R14: 0000000000000001 R15: ffffc90004a4bd84
[ 3476.353192] FS:  0000000000000000(0000) GS:ffff8882f40d9000(0000) knlGS:0000000000000000
[ 3476.353193] CS:  0010 DS: 0000 ES: 0000 CR0: 0000000080050033
[ 3476.353194] CR2: 00007d40c42cc200 CR3: 0000000119a54000 CR4: 00000000000406f0
[ 3476.353198] Call Trace:
[ 3476.353200]  <TASK>
[ 3476.353205]  ? finish_task_switch.isra.0+0x9c/0x340
[ 3476.353212]  psi_avgs_work+0x43/0xd0
[ 3476.353213]  ? css_free_rwork_fn+0x167/0x420
[ 3476.353220]  process_one_work+0x18a/0x370
[ 3476.353225]  worker_thread+0x347/0x480
[ 3476.353227]  ? __pfx_worker_thread+0x10/0x10
[ 3476.353229]  kthread+0x10b/0x220
[ 3476.353232]  ? __pfx_kthread+0x10/0x10
[ 3476.353233]  ret_from_fork+0x1a1/0x1d0
[ 3476.353237]  ? __pfx_kthread+0x10/0x10
[ 3476.353238]  ret_from_fork_asm+0x1a/0x30
[ 3476.353243]  </TASK>
[ 3504.353087] watchdog: BUG: soft lockup - CPU#1 stuck for 965s! [kworker/1:2:1286]
[ 3504.353094] Modules linked in: nd_pmem nd_btt dax_pmem sunrpc kmem device_dax binfmt_misc cfg80211 ppdev 8021q garp mrp stp llc snd_pcm iTCO_wdt snd_timer intel_pmc_bxt snd joydev iTCO_vendor_support vga16fb parport_pc soundcore vgastate parport sha1_ssse3 psmouse pcspkr i2c_i801 i2c_mux i2c_smbus bochs input_leds lpc_ich mac_hid serio_raw sch_fq_codel efi_pstore nfnetlink vsock_loopback vmw_vsock_virtio_transport_common vmw_vsock_vmci_transport vsock vmw_vmci dmi_sysfs qemu_fw_cfg ip_tables x_tables autofs4
[ 3504.353133] CPU: 1 UID: 0 PID: 1286 Comm: kworker/1:2 Tainted: G             L      6.16.0-rc7+ #3 PREEMPT(voluntary) 
[ 3504.353136] Tainted: [L]=SOFTLOCKUP
[ 3504.353137] Hardware name: QEMU Standard PC (Q35 + ICH9, 2009), BIOS rel-1.17.0-0-gb52ca86e094d-prebuilt.qemu.org 04/01/2014
[ 3504.353139] Workqueue: events psi_avgs_work
[ 3504.353149] RIP: 0010:collect_percpu_times+0x415/0x840
[ 3504.353153] Code: 5d 41 5e 41 5f 5d 31 c0 31 d2 31 c9 31 f6 31 ff 45 31 c0 45 31 c9 45 31 d2 45 31 db c3 cc cc cc cc 48 c7 c0 40 3d bc 83 f3 90 <48> 81 f9 00 20 00 00 0f 83 d7 03 00 00 48 8b 14 cd c0 1f fd 82 48
[ 3504.353154] RSP: 0018:ffffc90004a4bcf0 EFLAGS: 00000202
[ 3504.353156] RAX: ffffffff83bc3d40 RBX: 0000000000000027 RCX: 0000000000000001
[ 3504.353156] RDX: ffff888277c9cd40 RSI: 0000000000000000 RDI: ffffffff83bc3d80
[ 3504.353157] RBP: ffffc90004a4be00 R08: ffff888277c9cd80 R09: 0000000000000000
[ 3504.353158] R10: 0000000000000001 R11: 0000000000000000 R12: ffffc90004a4bda0
[ 3504.353158] R13: ffff888277c9cd94 R14: 0000000000000001 R15: ffffc90004a4bd84
[ 3504.353159] FS:  0000000000000000(0000) GS:ffff8882f40d9000(0000) knlGS:0000000000000000
[ 3504.353160] CS:  0010 DS: 0000 ES: 0000 CR0: 0000000080050033
[ 3504.353161] CR2: 00007d40c42cc200 CR3: 0000000119a54000 CR4: 00000000000406f0
[ 3504.353164] Call Trace:
[ 3504.353166]  <TASK>
[ 3504.353171]  ? finish_task_switch.isra.0+0x9c/0x340
[ 3504.353177]  psi_avgs_work+0x43/0xd0
[ 3504.353179]  ? css_free_rwork_fn+0x167/0x420
[ 3504.353185]  process_one_work+0x18a/0x370
[ 3504.353189]  worker_thread+0x347/0x480
[ 3504.353191]  ? __pfx_worker_thread+0x10/0x10
[ 3504.353193]  kthread+0x10b/0x220
[ 3504.353221]  ? __pfx_kthread+0x10/0x10
[ 3504.353223]  ret_from_fork+0x1a1/0x1d0
[ 3504.353226]  ? __pfx_kthread+0x10/0x10
[ 3504.353227]  ret_from_fork_asm+0x1a/0x30
[ 3504.353232]  </TASK>
[ 3532.353087] watchdog: BUG: soft lockup - CPU#1 stuck for 991s! [kworker/1:2:1286]
[ 3532.353093] Modules linked in: nd_pmem nd_btt dax_pmem sunrpc kmem device_dax binfmt_misc cfg80211 ppdev 8021q garp mrp stp llc snd_pcm iTCO_wdt snd_timer intel_pmc_bxt snd joydev iTCO_vendor_support vga16fb parport_pc soundcore vgastate parport sha1_ssse3 psmouse pcspkr i2c_i801 i2c_mux i2c_smbus bochs input_leds lpc_ich mac_hid serio_raw sch_fq_codel efi_pstore nfnetlink vsock_loopback vmw_vsock_virtio_transport_common vmw_vsock_vmci_transport vsock vmw_vmci dmi_sysfs qemu_fw_cfg ip_tables x_tables autofs4
[ 3532.353163] CPU: 1 UID: 0 PID: 1286 Comm: kworker/1:2 Tainted: G             L      6.16.0-rc7+ #3 PREEMPT(voluntary) 
[ 3532.353167] Tainted: [L]=SOFTLOCKUP
[ 3532.353168] Hardware name: QEMU Standard PC (Q35 + ICH9, 2009), BIOS rel-1.17.0-0-gb52ca86e094d-prebuilt.qemu.org 04/01/2014
[ 3532.353170] Workqueue: events psi_avgs_work
[ 3532.353181] RIP: 0010:collect_percpu_times+0x415/0x840
[ 3532.353184] Code: 5d 41 5e 41 5f 5d 31 c0 31 d2 31 c9 31 f6 31 ff 45 31 c0 45 31 c9 45 31 d2 45 31 db c3 cc cc cc cc 48 c7 c0 40 3d bc 83 f3 90 <48> 81 f9 00 20 00 00 0f 83 d7 03 00 00 48 8b 14 cd c0 1f fd 82 48
[ 3532.353186] RSP: 0018:ffffc90004a4bcf0 EFLAGS: 00000202
[ 3532.353187] RAX: ffffffff83bc3d40 RBX: 0000000000000027 RCX: 0000000000000001
[ 3532.353188] RDX: ffff888277c9cd40 RSI: 0000000000000000 RDI: ffffffff83bc3d80
[ 3532.353189] RBP: ffffc90004a4be00 R08: ffff888277c9cd80 R09: 0000000000000000
[ 3532.353189] R10: 0000000000000001 R11: 0000000000000000 R12: ffffc90004a4bda0
[ 3532.353190] R13: ffff888277c9cd94 R14: 0000000000000001 R15: ffffc90004a4bd84
[ 3532.353191] FS:  0000000000000000(0000) GS:ffff8882f40d9000(0000) knlGS:0000000000000000
[ 3532.353192] CS:  0010 DS: 0000 ES: 0000 CR0: 0000000080050033
[ 3532.353192] CR2: 00007d40c42cc200 CR3: 0000000119a54000 CR4: 00000000000406f0
[ 3532.353197] Call Trace:
[ 3532.353199]  <TASK>
[ 3532.353204]  ? finish_task_switch.isra.0+0x9c/0x340
[ 3532.353210]  psi_avgs_work+0x43/0xd0
[ 3532.353212]  ? css_free_rwork_fn+0x167/0x420
[ 3532.353218]  process_one_work+0x18a/0x370
[ 3532.353223]  worker_thread+0x347/0x480
[ 3532.353225]  ? __pfx_worker_thread+0x10/0x10
[ 3532.353227]  kthread+0x10b/0x220
[ 3532.353230]  ? __pfx_kthread+0x10/0x10
[ 3532.353231]  ret_from_fork+0x1a1/0x1d0
[ 3532.353235]  ? __pfx_kthread+0x10/0x10
[ 3532.353236]  ret_from_fork_asm+0x1a/0x30
[ 3532.353240]  </TASK>
[ 3560.353086] watchdog: BUG: soft lockup - CPU#1 stuck for 1017s! [kworker/1:2:1286]
[ 3560.353092] Modules linked in: nd_pmem nd_btt dax_pmem sunrpc kmem device_dax binfmt_misc cfg80211 ppdev 8021q garp mrp stp llc snd_pcm iTCO_wdt snd_timer intel_pmc_bxt snd joydev iTCO_vendor_support vga16fb parport_pc soundcore vgastate parport sha1_ssse3 psmouse pcspkr i2c_i801 i2c_mux i2c_smbus bochs input_leds lpc_ich mac_hid serio_raw sch_fq_codel efi_pstore nfnetlink vsock_loopback vmw_vsock_virtio_transport_common vmw_vsock_vmci_transport vsock vmw_vmci dmi_sysfs qemu_fw_cfg ip_tables x_tables autofs4
[ 3560.353132] CPU: 1 UID: 0 PID: 1286 Comm: kworker/1:2 Tainted: G             L      6.16.0-rc7+ #3 PREEMPT(voluntary) 
[ 3560.353135] Tainted: [L]=SOFTLOCKUP
[ 3560.353136] Hardware name: QEMU Standard PC (Q35 + ICH9, 2009), BIOS rel-1.17.0-0-gb52ca86e094d-prebuilt.qemu.org 04/01/2014
[ 3560.353138] Workqueue: events psi_avgs_work
[ 3560.353148] RIP: 0010:collect_percpu_times+0x415/0x840
[ 3560.353151] Code: 5d 41 5e 41 5f 5d 31 c0 31 d2 31 c9 31 f6 31 ff 45 31 c0 45 31 c9 45 31 d2 45 31 db c3 cc cc cc cc 48 c7 c0 40 3d bc 83 f3 90 <48> 81 f9 00 20 00 00 0f 83 d7 03 00 00 48 8b 14 cd c0 1f fd 82 48
[ 3560.353153] RSP: 0018:ffffc90004a4bcf0 EFLAGS: 00000202
[ 3560.353155] RAX: ffffffff83bc3d40 RBX: 0000000000000027 RCX: 0000000000000001
[ 3560.353156] RDX: ffff888277c9cd40 RSI: 0000000000000000 RDI: ffffffff83bc3d80
[ 3560.353557] RBP: ffffc90004a4be00 R08: ffff888277c9cd80 R09: 0000000000000000
[ 3560.353558] R10: 0000000000000001 R11: 0000000000000000 R12: ffffc90004a4bda0
[ 3560.353559] R13: ffff888277c9cd94 R14: 0000000000000001 R15: ffffc90004a4bd84
[ 3560.353559] FS:  0000000000000000(0000) GS:ffff8882f40d9000(0000) knlGS:0000000000000000
[ 3560.353560] CS:  0010 DS: 0000 ES: 0000 CR0: 0000000080050033
[ 3560.353564] CR2: 00007d40c42cc200 CR3: 0000000119a54000 CR4: 00000000000406f0
[ 3560.353580] Call Trace:
[ 3560.353582]  <TASK>
[ 3560.353587]  ? finish_task_switch.isra.0+0x9c/0x340
[ 3560.353594]  psi_avgs_work+0x43/0xd0
[ 3560.353603]  ? css_free_rwork_fn+0x167/0x420
[ 3560.353611]  process_one_work+0x18a/0x370
[ 3560.353615]  worker_thread+0x347/0x480
[ 3560.353617]  ? __pfx_worker_thread+0x10/0x10
[ 3560.353619]  kthread+0x10b/0x220
[ 3560.353622]  ? __pfx_kthread+0x10/0x10
[ 3560.353623]  ret_from_fork+0x1a1/0x1d0
[ 3560.353627]  ? __pfx_kthread+0x10/0x10
[ 3560.353628]  ret_from_fork_asm+0x1a/0x30
[ 3560.353633]  </TASK>
[ 3588.353087] watchdog: BUG: soft lockup - CPU#1 stuck for 1043s! [kworker/1:2:1286]
[ 3588.353093] Modules linked in: nd_pmem nd_btt dax_pmem sunrpc kmem device_dax binfmt_misc cfg80211 ppdev 8021q garp mrp stp llc snd_pcm iTCO_wdt snd_timer intel_pmc_bxt snd joydev iTCO_vendor_support vga16fb parport_pc soundcore vgastate parport sha1_ssse3 psmouse pcspkr i2c_i801 i2c_mux i2c_smbus bochs input_leds lpc_ich mac_hid serio_raw sch_fq_codel efi_pstore nfnetlink vsock_loopback vmw_vsock_virtio_transport_common vmw_vsock_vmci_transport vsock vmw_vmci dmi_sysfs qemu_fw_cfg ip_tables x_tables autofs4
[ 3588.353132] CPU: 1 UID: 0 PID: 1286 Comm: kworker/1:2 Tainted: G             L      6.16.0-rc7+ #3 PREEMPT(voluntary) 
[ 3588.353135] Tainted: [L]=SOFTLOCKUP
[ 3588.353136] Hardware name: QEMU Standard PC (Q35 + ICH9, 2009), BIOS rel-1.17.0-0-gb52ca86e094d-prebuilt.qemu.org 04/01/2014
[ 3588.353138] Workqueue: events psi_avgs_work
[ 3588.353148] RIP: 0010:collect_percpu_times+0x415/0x840
[ 3588.353151] Code: 5d 41 5e 41 5f 5d 31 c0 31 d2 31 c9 31 f6 31 ff 45 31 c0 45 31 c9 45 31 d2 45 31 db c3 cc cc cc cc 48 c7 c0 40 3d bc 83 f3 90 <48> 81 f9 00 20 00 00 0f 83 d7 03 00 00 48 8b 14 cd c0 1f fd 82 48
[ 3588.353152] RSP: 0018:ffffc90004a4bcf0 EFLAGS: 00000202
[ 3588.353154] RAX: ffffffff83bc3d40 RBX: 0000000000000027 RCX: 0000000000000001
[ 3588.353155] RDX: ffff888277c9cd40 RSI: 0000000000000000 RDI: ffffffff83bc3d80
[ 3588.353155] RBP: ffffc90004a4be00 R08: ffff888277c9cd80 R09: 0000000000000000
[ 3588.353156] R10: 0000000000000001 R11: 0000000000000000 R12: ffffc90004a4bda0
[ 3588.353157] R13: ffff888277c9cd94 R14: 0000000000000001 R15: ffffc90004a4bd84
[ 3588.353158] FS:  0000000000000000(0000) GS:ffff8882f40d9000(0000) knlGS:0000000000000000
[ 3588.353159] CS:  0010 DS: 0000 ES: 0000 CR0: 0000000080050033
[ 3588.353159] CR2: 00007d40c42cc200 CR3: 0000000119a54000 CR4: 00000000000406f0
[ 3588.353164] Call Trace:
[ 3588.353166]  <TASK>
[ 3588.353171]  ? finish_task_switch.isra.0+0x9c/0x340
[ 3588.353177]  psi_avgs_work+0x43/0xd0
[ 3588.353178]  ? css_free_rwork_fn+0x167/0x420
[ 3588.353189]  process_one_work+0x18a/0x370
[ 3588.353193]  worker_thread+0x347/0x480
[ 3588.353195]  ? __pfx_worker_thread+0x10/0x10
[ 3588.353196]  kthread+0x10b/0x220
[ 3588.353386]  ? __pfx_kthread+0x10/0x10
[ 3588.353388]  ret_from_fork+0x1a1/0x1d0
[ 3588.353390]  ? __pfx_kthread+0x10/0x10
[ 3588.353392]  ret_from_fork_asm+0x1a/0x30
[ 3588.353395]  </TASK>
[ 3616.353087] watchdog: BUG: soft lockup - CPU#1 stuck for 1069s! [kworker/1:2:1286]
[ 3616.353093] Modules linked in: nd_pmem nd_btt dax_pmem sunrpc kmem device_dax binfmt_misc cfg80211 ppdev 8021q garp mrp stp llc snd_pcm iTCO_wdt snd_timer intel_pmc_bxt snd joydev iTCO_vendor_support vga16fb parport_pc soundcore vgastate parport sha1_ssse3 psmouse pcspkr i2c_i801 i2c_mux i2c_smbus bochs input_leds lpc_ich mac_hid serio_raw sch_fq_codel efi_pstore nfnetlink vsock_loopback vmw_vsock_virtio_transport_common vmw_vsock_vmci_transport vsock vmw_vmci dmi_sysfs qemu_fw_cfg ip_tables x_tables autofs4
[ 3616.353132] CPU: 1 UID: 0 PID: 1286 Comm: kworker/1:2 Tainted: G             L      6.16.0-rc7+ #3 PREEMPT(voluntary) 
[ 3616.353135] Tainted: [L]=SOFTLOCKUP
[ 3616.353136] Hardware name: QEMU Standard PC (Q35 + ICH9, 2009), BIOS rel-1.17.0-0-gb52ca86e094d-prebuilt.qemu.org 04/01/2014
[ 3616.353138] Workqueue: events psi_avgs_work
[ 3616.353149] RIP: 0010:collect_percpu_times+0x415/0x840
[ 3616.353152] Code: 5d 41 5e 41 5f 5d 31 c0 31 d2 31 c9 31 f6 31 ff 45 31 c0 45 31 c9 45 31 d2 45 31 db c3 cc cc cc cc 48 c7 c0 40 3d bc 83 f3 90 <48> 81 f9 00 20 00 00 0f 83 d7 03 00 00 48 8b 14 cd c0 1f fd 82 48
[ 3616.353153] RSP: 0018:ffffc90004a4bcf0 EFLAGS: 00000202
[ 3616.353322] RAX: ffffffff83bc3d40 RBX: 0000000000000027 RCX: 0000000000000001
[ 3616.353323] RDX: ffff888277c9cd40 RSI: 0000000000000000 RDI: ffffffff83bc3d80
[ 3616.353323] RBP: ffffc90004a4be00 R08: ffff888277c9cd80 R09: 0000000000000000
[ 3616.353324] R10: 0000000000000001 R11: 0000000000000000 R12: ffffc90004a4bda0
[ 3616.353324] R13: ffff888277c9cd94 R14: 0000000000000001 R15: ffffc90004a4bd84
[ 3616.353325] FS:  0000000000000000(0000) GS:ffff8882f40d9000(0000) knlGS:0000000000000000
[ 3616.353326] CS:  0010 DS: 0000 ES: 0000 CR0: 0000000080050033
[ 3616.353327] CR2: 00007d40c42cc200 CR3: 0000000119a54000 CR4: 00000000000406f0
[ 3616.353331] Call Trace:
[ 3616.353333]  <TASK>
[ 3616.353338]  ? finish_task_switch.isra.0+0x9c/0x340
[ 3616.353345]  psi_avgs_work+0x43/0xd0
[ 3616.353346]  ? css_free_rwork_fn+0x167/0x420
[ 3616.353353]  process_one_work+0x18a/0x370
[ 3616.353357]  worker_thread+0x347/0x480
[ 3616.353359]  ? __pfx_worker_thread+0x10/0x10
[ 3616.353361]  kthread+0x10b/0x220
[ 3616.353363]  ? __pfx_kthread+0x10/0x10
[ 3616.353365]  ret_from_fork+0x1a1/0x1d0
[ 3616.353368]  ? __pfx_kthread+0x10/0x10
[ 3616.353369]  ret_from_fork_asm+0x1a/0x30
[ 3616.353373]  </TASK>
[ 3644.353087] watchdog: BUG: soft lockup - CPU#1 stuck for 1096s! [kworker/1:2:1286]
[ 3644.353093] Modules linked in: nd_pmem nd_btt dax_pmem sunrpc kmem device_dax binfmt_misc cfg80211 ppdev 8021q garp mrp stp llc snd_pcm iTCO_wdt snd_timer intel_pmc_bxt snd joydev iTCO_vendor_support vga16fb parport_pc soundcore vgastate parport sha1_ssse3 psmouse pcspkr i2c_i801 i2c_mux i2c_smbus bochs input_leds lpc_ich mac_hid serio_raw sch_fq_codel efi_pstore nfnetlink vsock_loopback vmw_vsock_virtio_transport_common vmw_vsock_vmci_transport vsock vmw_vmci dmi_sysfs qemu_fw_cfg ip_tables x_tables autofs4
[ 3644.353132] CPU: 1 UID: 0 PID: 1286 Comm: kworker/1:2 Tainted: G             L      6.16.0-rc7+ #3 PREEMPT(voluntary) 
[ 3644.353134] Tainted: [L]=SOFTLOCKUP
[ 3644.353135] Hardware name: QEMU Standard PC (Q35 + ICH9, 2009), BIOS rel-1.17.0-0-gb52ca86e094d-prebuilt.qemu.org 04/01/2014
[ 3644.353137] Workqueue: events psi_avgs_work
[ 3644.353147] RIP: 0010:collect_percpu_times+0x415/0x840
[ 3644.353150] Code: 5d 41 5e 41 5f 5d 31 c0 31 d2 31 c9 31 f6 31 ff 45 31 c0 45 31 c9 45 31 d2 45 31 db c3 cc cc cc cc 48 c7 c0 40 3d bc 83 f3 90 <48> 81 f9 00 20 00 00 0f 83 d7 03 00 00 48 8b 14 cd c0 1f fd 82 48
[ 3644.353152] RSP: 0018:ffffc90004a4bcf0 EFLAGS: 00000202
[ 3644.353154] RAX: ffffffff83bc3d40 RBX: 0000000000000027 RCX: 0000000000000001
[ 3644.353155] RDX: ffff888277c9cd40 RSI: 0000000000000000 RDI: ffffffff83bc3d80
[ 3644.353179] RBP: ffffc90004a4be00 R08: ffff888277c9cd80 R09: 0000000000000000
[ 3644.353180] R10: 0000000000000001 R11: 0000000000000000 R12: ffffc90004a4bda0
[ 3644.353180] R13: ffff888277c9cd94 R14: 0000000000000001 R15: ffffc90004a4bd84
[ 3644.353181] FS:  0000000000000000(0000) GS:ffff8882f40d9000(0000) knlGS:0000000000000000
[ 3644.353182] CS:  0010 DS: 0000 ES: 0000 CR0: 0000000080050033
[ 3644.353183] CR2: 00007d40c42cc200 CR3: 0000000119a54000 CR4: 00000000000406f0
[ 3644.353187] Call Trace:
[ 3644.353190]  <TASK>
[ 3644.353195]  ? finish_task_switch.isra.0+0x9c/0x340
[ 3644.353202]  psi_avgs_work+0x43/0xd0
[ 3644.353204]  ? css_free_rwork_fn+0x167/0x420
[ 3644.353210]  process_one_work+0x18a/0x370
[ 3644.353215]  worker_thread+0x347/0x480
[ 3644.353217]  ? __pfx_worker_thread+0x10/0x10
[ 3644.353219]  kthread+0x10b/0x220
[ 3644.353222]  ? __pfx_kthread+0x10/0x10
[ 3644.353223]  ret_from_fork+0x1a1/0x1d0
[ 3644.353227]  ? __pfx_kthread+0x10/0x10
[ 3644.353228]  ret_from_fork_asm+0x1a/0x30
[ 3644.353232]  </TASK>
[ 3672.353098] watchdog: BUG: soft lockup - CPU#1 stuck for 1122s! [kworker/1:2:1286]
[ 3672.353114] Modules linked in: nd_pmem nd_btt dax_pmem sunrpc kmem device_dax binfmt_misc cfg80211 ppdev 8021q garp mrp stp llc snd_pcm iTCO_wdt snd_timer intel_pmc_bxt snd joydev iTCO_vendor_support vga16fb parport_pc soundcore vgastate parport sha1_ssse3 psmouse pcspkr i2c_i801 i2c_mux i2c_smbus bochs input_leds lpc_ich mac_hid serio_raw sch_fq_codel efi_pstore nfnetlink vsock_loopback vmw_vsock_virtio_transport_common vmw_vsock_vmci_transport vsock vmw_vmci dmi_sysfs qemu_fw_cfg ip_tables x_tables autofs4
[ 3672.353455] CPU: 1 UID: 0 PID: 1286 Comm: kworker/1:2 Tainted: G             L      6.16.0-rc7+ #3 PREEMPT(voluntary) 
[ 3672.353461] Tainted: [L]=SOFTLOCKUP
[ 3672.353467] Hardware name: QEMU Standard PC (Q35 + ICH9, 2009), BIOS rel-1.17.0-0-gb52ca86e094d-prebuilt.qemu.org 04/01/2014
[ 3672.353471] Workqueue: events psi_avgs_work
[ 3672.353494] RIP: 0010:collect_percpu_times+0x415/0x840
[ 3672.353500] Code: 5d 41 5e 41 5f 5d 31 c0 31 d2 31 c9 31 f6 31 ff 45 31 c0 45 31 c9 45 31 d2 45 31 db c3 cc cc cc cc 48 c7 c0 40 3d bc 83 f3 90 <48> 81 f9 00 20 00 00 0f 83 d7 03 00 00 48 8b 14 cd c0 1f fd 82 48
[ 3672.353501] RSP: 0018:ffffc90004a4bcf0 EFLAGS: 00000202
[ 3672.353503] RAX: ffffffff83bc3d40 RBX: 0000000000000027 RCX: 0000000000000001
[ 3672.353504] RDX: ffff888277c9cd40 RSI: 0000000000000000 RDI: ffffffff83bc3d80
[ 3672.353505] RBP: ffffc90004a4be00 R08: ffff888277c9cd80 R09: 0000000000000000
[ 3672.353505] R10: 0000000000000001 R11: 0000000000000000 R12: ffffc90004a4bda0
[ 3672.353506] R13: ffff888277c9cd94 R14: 0000000000000001 R15: ffffc90004a4bd84
[ 3672.353507] FS:  0000000000000000(0000) GS:ffff8882f40d9000(0000) knlGS:0000000000000000
[ 3672.353508] CS:  0010 DS: 0000 ES: 0000 CR0: 0000000080050033
[ 3672.353509] CR2: 00007d40c42cc200 CR3: 0000000119a54000 CR4: 00000000000406f0
[ 3672.353513] Call Trace:
[ 3672.353515]  <TASK>
[ 3672.353525]  ? finish_task_switch.isra.0+0x9c/0x340
[ 3672.353532]  psi_avgs_work+0x43/0xd0
[ 3672.353533]  ? css_free_rwork_fn+0x167/0x420
[ 3672.353540]  process_one_work+0x18a/0x370
[ 3672.353544]  worker_thread+0x347/0x480
[ 3672.353546]  ? __pfx_worker_thread+0x10/0x10
[ 3672.353547]  kthread+0x10b/0x220
[ 3672.353557]  ? __pfx_kthread+0x10/0x10
[ 3672.353558]  ret_from_fork+0x1a1/0x1d0
[ 3672.353561]  ? __pfx_kthread+0x10/0x10
[ 3672.353562]  ret_from_fork_asm+0x1a/0x30
[ 3672.353568]  </TASK>
[ 3700.353103] watchdog: BUG: soft lockup - CPU#1 stuck for 1148s! [kworker/1:2:1286]
[ 3700.353119] Modules linked in: nd_pmem nd_btt dax_pmem sunrpc kmem device_dax binfmt_misc cfg80211 ppdev 8021q garp mrp stp llc snd_pcm iTCO_wdt snd_timer intel_pmc_bxt snd joydev iTCO_vendor_support vga16fb parport_pc soundcore vgastate parport sha1_ssse3 psmouse pcspkr i2c_i801 i2c_mux i2c_smbus bochs input_leds lpc_ich mac_hid serio_raw sch_fq_codel efi_pstore nfnetlink vsock_loopback vmw_vsock_virtio_transport_common vmw_vsock_vmci_transport vsock vmw_vmci dmi_sysfs qemu_fw_cfg ip_tables x_tables autofs4
[ 3700.353166] CPU: 1 UID: 0 PID: 1286 Comm: kworker/1:2 Tainted: G             L      6.16.0-rc7+ #3 PREEMPT(voluntary) 
[ 3700.353169] Tainted: [L]=SOFTLOCKUP
[ 3700.353170] Hardware name: QEMU Standard PC (Q35 + ICH9, 2009), BIOS rel-1.17.0-0-gb52ca86e094d-prebuilt.qemu.org 04/01/2014
[ 3700.353172] Workqueue: events psi_avgs_work
[ 3700.353184] RIP: 0010:collect_percpu_times+0x415/0x840
[ 3700.353187] Code: 5d 41 5e 41 5f 5d 31 c0 31 d2 31 c9 31 f6 31 ff 45 31 c0 45 31 c9 45 31 d2 45 31 db c3 cc cc cc cc 48 c7 c0 40 3d bc 83 f3 90 <48> 81 f9 00 20 00 00 0f 83 d7 03 00 00 48 8b 14 cd c0 1f fd 82 48
[ 3700.353188] RSP: 0018:ffffc90004a4bcf0 EFLAGS: 00000202
[ 3700.353190] RAX: ffffffff83bc3d40 RBX: 0000000000000027 RCX: 0000000000000001
[ 3700.353191] RDX: ffff888277c9cd40 RSI: 0000000000000000 RDI: ffffffff83bc3d80
[ 3700.353191] RBP: ffffc90004a4be00 R08: ffff888277c9cd80 R09: 0000000000000000
[ 3700.353192] R10: 0000000000000001 R11: 0000000000000000 R12: ffffc90004a4bda0
[ 3700.353192] R13: ffff888277c9cd94 R14: 0000000000000001 R15: ffffc90004a4bd84
[ 3700.353193] FS:  0000000000000000(0000) GS:ffff8882f40d9000(0000) knlGS:0000000000000000
[ 3700.353194] CS:  0010 DS: 0000 ES: 0000 CR0: 0000000080050033
[ 3700.353195] CR2: 00007d40c42cc200 CR3: 0000000119a54000 CR4: 00000000000406f0
[ 3700.353199] Call Trace:
[ 3700.353201]  <TASK>
[ 3700.353207]  ? finish_task_switch.isra.0+0x9c/0x340
[ 3700.353213]  psi_avgs_work+0x43/0xd0
[ 3700.353215]  ? css_free_rwork_fn+0x167/0x420
[ 3700.353221]  process_one_work+0x18a/0x370
[ 3700.353490]  worker_thread+0x347/0x480
[ 3700.353492]  ? __pfx_worker_thread+0x10/0x10
[ 3700.353493]  kthread+0x10b/0x220
[ 3700.353496]  ? __pfx_kthread+0x10/0x10
[ 3700.353497]  ret_from_fork+0x1a1/0x1d0
[ 3700.353501]  ? __pfx_kthread+0x10/0x10
[ 3700.353502]  ret_from_fork_asm+0x1a/0x30
[ 3700.353506]  </TASK>
[ 3728.353088] watchdog: BUG: soft lockup - CPU#1 stuck for 1174s! [kworker/1:2:1286]
[ 3728.353281] Modules linked in: nd_pmem nd_btt dax_pmem sunrpc kmem device_dax binfmt_misc cfg80211 ppdev 8021q garp mrp stp llc snd_pcm iTCO_wdt snd_timer intel_pmc_bxt snd joydev iTCO_vendor_support vga16fb parport_pc soundcore vgastate parport sha1_ssse3 psmouse pcspkr i2c_i801 i2c_mux i2c_smbus bochs input_leds lpc_ich mac_hid serio_raw sch_fq_codel efi_pstore nfnetlink vsock_loopback vmw_vsock_virtio_transport_common vmw_vsock_vmci_transport vsock vmw_vmci dmi_sysfs qemu_fw_cfg ip_tables x_tables autofs4
[ 3728.353322] CPU: 1 UID: 0 PID: 1286 Comm: kworker/1:2 Tainted: G             L      6.16.0-rc7+ #3 PREEMPT(voluntary) 
[ 3728.353325] Tainted: [L]=SOFTLOCKUP
[ 3728.353326] Hardware name: QEMU Standard PC (Q35 + ICH9, 2009), BIOS rel-1.17.0-0-gb52ca86e094d-prebuilt.qemu.org 04/01/2014
[ 3728.353329] Workqueue: events psi_avgs_work
[ 3728.353339] RIP: 0010:collect_percpu_times+0x415/0x840
[ 3728.353342] Code: 5d 41 5e 41 5f 5d 31 c0 31 d2 31 c9 31 f6 31 ff 45 31 c0 45 31 c9 45 31 d2 45 31 db c3 cc cc cc cc 48 c7 c0 40 3d bc 83 f3 90 <48> 81 f9 00 20 00 00 0f 83 d7 03 00 00 48 8b 14 cd c0 1f fd 82 48
[ 3728.353343] RSP: 0018:ffffc90004a4bcf0 EFLAGS: 00000202
[ 3728.353344] RAX: ffffffff83bc3d40 RBX: 0000000000000027 RCX: 0000000000000001
[ 3728.353345] RDX: ffff888277c9cd40 RSI: 0000000000000000 RDI: ffffffff83bc3d80
[ 3728.353353] RBP: ffffc90004a4be00 R08: ffff888277c9cd80 R09: 0000000000000000
[ 3728.353353] R10: 0000000000000001 R11: 0000000000000000 R12: ffffc90004a4bda0
[ 3728.353354] R13: ffff888277c9cd94 R14: 0000000000000001 R15: ffffc90004a4bd84
[ 3728.353355] FS:  0000000000000000(0000) GS:ffff8882f40d9000(0000) knlGS:0000000000000000
[ 3728.353356] CS:  0010 DS: 0000 ES: 0000 CR0: 0000000080050033
[ 3728.353357] CR2: 00007d40c42cc200 CR3: 0000000119a54000 CR4: 00000000000406f0
[ 3728.353361] Call Trace:
[ 3728.353363]  <TASK>
[ 3728.353368]  ? finish_task_switch.isra.0+0x9c/0x340
[ 3728.353375]  psi_avgs_work+0x43/0xd0
[ 3728.353376]  ? css_free_rwork_fn+0x167/0x420
[ 3728.353383]  process_one_work+0x18a/0x370
[ 3728.353388]  worker_thread+0x347/0x480
[ 3728.353390]  ? __pfx_worker_thread+0x10/0x10
[ 3728.353392]  kthread+0x10b/0x220
[ 3728.353395]  ? __pfx_kthread+0x10/0x10
[ 3728.353396]  ret_from_fork+0x1a1/0x1d0
[ 3728.353400]  ? __pfx_kthread+0x10/0x10
[ 3728.353401]  ret_from_fork_asm+0x1a/0x30
[ 3728.353405]  </TASK>
qemu-system-x86_64: terminating on signal 15 from pid 1 (/sbin/init)
