qemu-system-x86_64: -device cxl-type3,bus=root_port13,persistent-memdev=cxl-mem1,lsa=cxl-lsa1,id=cxl-pmem0,sn=0x1: info: CXL Type3: Persistent memory initialized - size=1024 MB
c[?7l[2J[0mSeaBIOS (version rel-1.17.0-0-gb52ca86e094d-prebuilt.qemu.org)


iPXE (http://ipxe.org) 00:02.0 CA00 PCI2.10 PnP PMM+7EFD1710+7EF31710 CA00
Press Ctrl-B to configure iPXE (PCI 00:02.0)...                                                                               


Booting from ROM..c[?7l[2J[    0.000000] Linux version 6.16.0-rc7+ (root@gpu01) (gcc (Ubuntu 15-20250404-0ubuntu1) 15.0.1 20250404 (experimental) [master r15-9193-g08e803aa9be], GNU ld (GNU Binutils for Ubuntu) 2.44) #3 SMP PREEMPT_DYNAMIC Thu Aug 21 04:23:18 UTC 2025
[    0.000000] Command line: root=/dev/sda rw console=ttyS0,115200 nokaslr
[    0.000000] KERNEL supported cpus:
[    0.000000]   Intel GenuineIntel
[    0.000000]   AMD AuthenticAMD
[    0.000000]   Hygon HygonGenuine
[    0.000000]   Centaur CentaurHauls
[    0.000000]   zhaoxin   Shanghai  
[    0.000000] x86/CPU: Model not found in latest microcode list
[    0.000000] BIOS-provided physical RAM map:
[    0.000000] BIOS-e820: [mem 0x0000000000000000-0x000000000009fbff] usable
[    0.000000] BIOS-e820: [mem 0x000000000009fc00-0x000000000009ffff] reserved
[    0.000000] BIOS-e820: [mem 0x00000000000f0000-0x00000000000fffff] reserved
[    0.000000] BIOS-e820: [mem 0x0000000000100000-0x000000007ffdefff] usable
[    0.000000] BIOS-e820: [mem 0x000000007ffdf000-0x000000007fffffff] reserved
[    0.000000] BIOS-e820: [mem 0x00000000b0000000-0x00000000bfffffff] reserved
[    0.000000] BIOS-e820: [mem 0x00000000fed1c000-0x00000000fed1ffff] reserved
[    0.000000] BIOS-e820: [mem 0x00000000feffc000-0x00000000feffffff] reserved
[    0.000000] BIOS-e820: [mem 0x00000000fffc0000-0x00000000ffffffff] reserved
[    0.000000] BIOS-e820: [mem 0x0000000100000000-0x000000027fffffff] usable
[    0.000000] NX (Execute Disable) protection: active
[    0.000000] APIC: Static calls initialized
[    0.000000] SMBIOS 2.8 present.
[    0.000000] DMI: QEMU Standard PC (Q35 + ICH9, 2009), BIOS rel-1.17.0-0-gb52ca86e094d-prebuilt.qemu.org 04/01/2014
[    0.000000] DMI: Memory slots populated: 1/1
[    0.000000] Hypervisor detected: KVM
[    0.000000] kvm-clock: Using msrs 4b564d01 and 4b564d00
[    0.000000] kvm-clock: using sched offset of 368660110 cycles
[    0.000001] clocksource: kvm-clock: mask: 0xffffffffffffffff max_cycles: 0x1cd42e4dffb, max_idle_ns: 881590591483 ns
[    0.000004] tsc: Detected 2000.000 MHz processor
[    0.000555] last_pfn = 0x280000 max_arch_pfn = 0x400000000
[    0.000587] MTRR map: 4 entries (3 fixed + 1 variable; max 19), built from 8 variable MTRRs
[    0.000589] x86/PAT: Configuration [0-7]: WB  WC  UC- UC  WB  WP  UC- WT  
[    0.000633] last_pfn = 0x7ffdf max_arch_pfn = 0x400000000
[    0.003460] found SMP MP-table at [mem 0x000f54b0-0x000f54bf]
[    0.003915] ACPI: Early table checksum verification disabled
[    0.003917] ACPI: RSDP 0x00000000000F52B0 000014 (v00 BOCHS )
[    0.003924] ACPI: RSDT 0x000000007FFE3792 000040 (v01 BOCHS  BXPC     00000001 BXPC 00000001)
[    0.003927] ACPI: FACP 0x000000007FFE33F6 0000F4 (v03 BOCHS  BXPC     00000001 BXPC 00000001)
[    0.003931] ACPI: DSDT 0x000000007FFE0040 0033B6 (v01 BOCHS  BXPC     00000001 BXPC 00000001)
[    0.003933] ACPI: FACS 0x000000007FFE0000 000040
[    0.003934] ACPI: APIC 0x000000007FFE34EA 000090 (v03 BOCHS  BXPC     00000001 BXPC 00000001)
[    0.003936] ACPI: HPET 0x000000007FFE357A 000038 (v01 BOCHS  BXPC     00000001 BXPC 00000001)
[    0.003938] ACPI: SRAT 0x000000007FFE35B2 000110 (v01 BOCHS  BXPC     00000001 BXPC 00000001)
[    0.003940] ACPI: MCFG 0x000000007FFE36C2 00003C (v01 BOCHS  BXPC     00000001 BXPC 00000001)
[    0.003942] ACPI: CEDT 0x000000007FFE36FE 00006C (v01 BOCHS  BXPC     00000001 BXPC 00000001)
[    0.003944] ACPI: WAET 0x000000007FFE376A 000028 (v01 BOCHS  BXPC     00000001 BXPC 00000001)
[    0.003945] ACPI: Reserving FACP table memory at [mem 0x7ffe33f6-0x7ffe34e9]
[    0.003946] ACPI: Reserving DSDT table memory at [mem 0x7ffe0040-0x7ffe33f5]
[    0.003946] ACPI: Reserving FACS table memory at [mem 0x7ffe0000-0x7ffe003f]
[    0.003947] ACPI: Reserving APIC table memory at [mem 0x7ffe34ea-0x7ffe3579]
[    0.003947] ACPI: Reserving HPET table memory at [mem 0x7ffe357a-0x7ffe35b1]
[    0.003948] ACPI: Reserving SRAT table memory at [mem 0x7ffe35b2-0x7ffe36c1]
[    0.003948] ACPI: Reserving MCFG table memory at [mem 0x7ffe36c2-0x7ffe36fd]
[    0.003949] ACPI: Reserving CEDT table memory at [mem 0x7ffe36fe-0x7ffe3769]
[    0.003949] ACPI: Reserving WAET table memory at [mem 0x7ffe376a-0x7ffe3791]
[    0.004003] ACPI: SRAT: Node 0 PXM 0 [mem 0x00000000-0x0009ffff]
[    0.004004] ACPI: SRAT: Node 0 PXM 0 [mem 0x00100000-0x7fffffff]
[    0.004005] ACPI: SRAT: Node 0 PXM 0 [mem 0x100000000-0x27fffffff]
[    0.004006] ACPI: SRAT: Node 0 PXM 0 [mem 0x280000000-0x67fffffff] hotplug
[    0.004010] NUMA: Node 0 [mem 0x00001000-0x0009ffff] + [mem 0x00100000-0x7fffffff] -> [mem 0x00001000-0x7fffffff]
[    0.004011] NUMA: Node 0 [mem 0x00001000-0x7fffffff] + [mem 0x100000000-0x27fffffff] -> [mem 0x00001000-0x27fffffff]
[    0.004016] NODE_DATA(0) allocated [mem 0x27ffd3500-0x27fffdfff]
[    0.004138] Zone ranges:
[    0.004139]   DMA      [mem 0x0000000000001000-0x0000000000ffffff]
[    0.004140]   DMA32    [mem 0x0000000001000000-0x00000000ffffffff]
[    0.004141]   Normal   [mem 0x0000000100000000-0x000000027fffffff]
[    0.004142]   Device   empty
[    0.004142] Movable zone start for each node
[    0.004143] Early memory node ranges
[    0.004144]   node   0: [mem 0x0000000000001000-0x000000000009efff]
[    0.004144]   node   0: [mem 0x0000000000100000-0x000000007ffdefff]
[    0.004145]   node   0: [mem 0x0000000100000000-0x000000027fffffff]
[    0.004146] Initmem setup node 0 [mem 0x0000000000001000-0x000000027fffffff]
[    0.004152] Initmem setup node 1 as memoryless
[    0.004615] On node 0, zone DMA: 1 pages in unavailable ranges
[    0.004662] On node 0, zone DMA: 97 pages in unavailable ranges
[    0.023501] On node 0, zone Normal: 33 pages in unavailable ranges
[    0.023836] ACPI: PM-Timer IO Port: 0x608
[    0.023848] ACPI: LAPIC_NMI (acpi_id[0xff] dfl dfl lint[0x1])
[    0.023890] IOAPIC[0]: apic_id 0, version 17, address 0xfec00000, GSI 0-23
[    0.023893] ACPI: INT_SRC_OVR (bus 0 bus_irq 0 global_irq 2 dfl dfl)
[    0.023895] ACPI: INT_SRC_OVR (bus 0 bus_irq 5 global_irq 5 high level)
[    0.023895] ACPI: INT_SRC_OVR (bus 0 bus_irq 9 global_irq 9 high level)
[    0.023896] ACPI: INT_SRC_OVR (bus 0 bus_irq 10 global_irq 10 high level)
[    0.023897] ACPI: INT_SRC_OVR (bus 0 bus_irq 11 global_irq 11 high level)
[    0.023899] ACPI: Using ACPI (MADT) for SMP configuration information
[    0.023900] ACPI: HPET id: 0x8086a201 base: 0xfed00000
[    0.023906] CPU topo: Max. logical packages:   1
[    0.023907] CPU topo: Max. logical dies:       1
[    0.023907] CPU topo: Max. dies per package:   1
[    0.023909] CPU topo: Max. threads per core:   1
[    0.023910] CPU topo: Num. cores per package:     4
[    0.023910] CPU topo: Num. threads per package:   4
[    0.023911] CPU topo: Allowing 4 present CPUs plus 0 hotplug CPUs
[    0.023926] kvm-guest: APIC: eoi() replaced with kvm_guest_apic_eoi_write()
[    0.023941] PM: hibernation: Registered nosave memory: [mem 0x00000000-0x00000fff]
[    0.023942] PM: hibernation: Registered nosave memory: [mem 0x0009f000-0x000fffff]
[    0.023943] PM: hibernation: Registered nosave memory: [mem 0x7ffdf000-0xffffffff]
[    0.023944] [mem 0xc0000000-0xfed1bfff] available for PCI devices
[    0.023945] Booting paravirtualized kernel on KVM
[    0.023947] clocksource: refined-jiffies: mask: 0xffffffff max_cycles: 0xffffffff, max_idle_ns: 1910969940391419 ns
[    0.023956] setup_percpu: NR_CPUS:8192 nr_cpumask_bits:4 nr_cpu_ids:4 nr_node_ids:2
[    0.024281] percpu: Embedded 84 pages/cpu s221184 r8192 d114688 u524288
[    0.024312] kvm-guest: PV spinlocks disabled, no host support
[    0.024312] Kernel command line: root=/dev/sda rw console=ttyS0,115200 nokaslr
[    0.024350] Unknown kernel command line parameters "nokaslr", will be passed to user space.
[    0.024354] printk: log buffer data + meta data: 262144 + 917504 = 1179648 bytes
[    0.025557] Dentry cache hash table entries: 1048576 (order: 11, 8388608 bytes, linear)
[    0.026235] Inode-cache hash table entries: 524288 (order: 10, 4194304 bytes, linear)
[    0.026289] software IO TLB: area num 4.
[    0.041648] Fallback order for Node 0: 0 
[    0.041651] Fallback order for Node 1: 0 
[    0.041652] Built 1 zonelists, mobility grouping on.  Total pages: 2097021
[    0.041653] Policy zone: Normal
[    0.041663] mem auto-init: stack:off, heap alloc:on, heap free:off
[    0.073387] SLUB: HWalign=64, Order=0-3, MinObjects=0, CPUs=4, Nodes=2
[    0.073459] Kernel/User page tables isolation: enabled
[    0.090130] ftrace: allocating 59458 entries in 234 pages
[    0.090132] ftrace: allocated 234 pages with 5 groups
[    0.091796] Dynamic Preempt: voluntary
[    0.092268] rcu: Preemptible hierarchical RCU implementation.
[    0.092270] rcu: 	RCU restricting CPUs from NR_CPUS=8192 to nr_cpu_ids=4.
[    0.092272] 	Trampoline variant of Tasks RCU enabled.
[    0.092273] 	Rude variant of Tasks RCU enabled.
[    0.092273] 	Tracing variant of Tasks RCU enabled.
[    0.092274] rcu: RCU calculated value of scheduler-enlistment delay is 100 jiffies.
[    0.092275] rcu: Adjusting geometry for rcu_fanout_leaf=16, nr_cpu_ids=4
[    0.092285] RCU Tasks: Setting shift to 2 and lim to 1 rcu_task_cb_adjust=1 rcu_task_cpu_ids=4.
[    0.092287] RCU Tasks Rude: Setting shift to 2 and lim to 1 rcu_task_cb_adjust=1 rcu_task_cpu_ids=4.
[    0.092289] RCU Tasks Trace: Setting shift to 2 and lim to 1 rcu_task_cb_adjust=1 rcu_task_cpu_ids=4.
[    0.096848] NR_IRQS: 524544, nr_irqs: 456, preallocated irqs: 16
[    0.097089] rcu: srcu_init: Setting srcu_struct sizes based on contention.
[    0.104889] Console: colour VGA+ 80x25
[    0.104941] printk: legacy console [ttyS0] enabled
[    0.181423] ACPI: Core revision 20250404
[    0.182025] clocksource: hpet: mask: 0xffffffff max_cycles: 0xffffffff, max_idle_ns: 19112604467 ns
[    0.183051] APIC: Switch to symmetric I/O mode setup
[    0.183799] x2apic enabled
[    0.184391] APIC: Switched APIC routing to: physical x2apic
[    0.185877] ..TIMER: vector=0x30 apic1=0 pin1=2 apic2=-1 pin2=-1
[    0.186481] clocksource: tsc-early: mask: 0xffffffffffffffff max_cycles: 0x39a85c9bff6, max_idle_ns: 881590591483 ns
[    0.187480] Calibrating delay loop (skipped) preset value.. 4000.00 BogoMIPS (lpj=2000000)
[    0.188648] Last level iTLB entries: 4KB 0, 2MB 0, 4MB 0
[    0.189137] Last level dTLB entries: 4KB 0, 2MB 0, 4MB 0, 1GB 0
[    0.189480] mitigations: Enabled attack vectors: user_kernel, user_user, guest_host, guest_guest, SMT mitigations: auto
[    0.190476] Speculative Store Bypass: Vulnerable
[    0.190903] Spectre V2 : Mitigation: Retpolines
[    0.191475] ITS: Mitigation: Aligned branch/return thunks
[    0.191989] MDS: Vulnerable: Clear CPU buffers attempted, no microcode
[    0.192475] Spectre V1 : Mitigation: usercopy/swapgs barriers and __user pointer sanitization
[    0.193475] Spectre V2 : Spectre v2 / SpectreRSB: Filling RSB on context switch and VMEXIT
[    0.194477] active return thunk: its_return_thunk
[    0.194927] x86/fpu: Supporting XSAVE feature 0x001: 'x87 floating point registers'
[    0.195475] x86/fpu: Supporting XSAVE feature 0x002: 'SSE registers'
[    0.196061] x86/fpu: Supporting XSAVE feature 0x004: 'AVX registers'
[    0.196476] x86/fpu: xstate_offset[2]:  576, xstate_sizes[2]:  256
[    0.197475] x86/fpu: Enabled xstate features 0x7, context size is 832 bytes, using 'standard' format.
[    0.226184] Freeing SMP alternatives memory: 56K
[    0.226479] pid_max: default: 32768 minimum: 301
[    0.227182] LSM: initializing lsm=lockdown,capability,landlock,yama,apparmor,ima,evm
[    0.227638] landlock: Up and running.
[    0.228475] Yama: becoming mindful.
[    0.228953] AppArmor: AppArmor initialized
[    0.229693] Mount-cache hash table entries: 16384 (order: 5, 131072 bytes, linear)
[    0.230491] Mountpoint-cache hash table entries: 16384 (order: 5, 131072 bytes, linear)
[    0.334000] smpboot: CPU0: Intel QEMU Virtual CPU version 2.5+ (family: 0xf, model: 0x6b, stepping: 0x1)
[    0.334939] Performance Events: unsupported Netburst CPU model 107 no PMU driver, software events only.
[    0.335496] signal: max sigframe size: 1776
[    0.335945] rcu: Hierarchical SRCU implementation.
[    0.336475] rcu: 	Max phase no-delay instances is 400.
[    0.337017] Timer migration: 2 hierarchy levels; 8 children per group; 1 crossnode level
[    0.342118] NMI watchdog: Perf NMI watchdog permanently disabled
[    0.342533] smp: Bringing up secondary CPUs ...
[    0.343084] smpboot: x86: Booting SMP configuration:
[    0.343476] .... node  #0, CPUs:      #1 #2 #3
[    0.350669] smp: Brought up 1 node, 4 CPUs
[    0.351476] smpboot: Total of 4 processors activated (16000.00 BogoMIPS)
[    0.352852] Memory: 8117196K/8388084K available (22800K kernel code, 4866K rwdata, 9108K rodata, 5088K init, 6220K bss, 263264K reserved, 0K cma-reserved)
[    0.353905] devtmpfs: initialized
[    0.354543] x86/mm: Memory block size: 128MB
[    0.355635] clocksource: jiffies: mask: 0xffffffff max_cycles: 0xffffffff, max_idle_ns: 1911260446275000 ns
[    0.356494] posixtimers hash table entries: 2048 (order: 3, 32768 bytes, linear)
[    0.357773] futex hash table entries: 512 (32768 bytes on 2 NUMA nodes, total 64 KiB, linear).
[    0.358801] pinctrl core: initialized pinctrl subsystem
[    0.359627] PM: RTC time: 05:34:18, date: 2026-08-07
[    0.361488] NET: Registered PF_NETLINK/PF_ROUTE protocol family
[    0.362846] DMA: preallocated 1024 KiB GFP_KERNEL pool for atomic allocations
[    0.363630] DMA: preallocated 1024 KiB GFP_KERNEL|GFP_DMA pool for atomic allocations
[    0.364624] DMA: preallocated 1024 KiB GFP_KERNEL|GFP_DMA32 pool for atomic allocations
[    0.365407] audit: initializing netlink subsys (disabled)
[    0.365641] audit: type=2000 audit(1786080859.603:1): state=initialized audit_enabled=0 res=1
[    0.365641] thermal_sys: Registered thermal governor 'fair_share'
[    0.366477] thermal_sys: Registered thermal governor 'bang_bang'
[    0.367089] thermal_sys: Registered thermal governor 'step_wise'
[    0.367475] thermal_sys: Registered thermal governor 'user_space'
[    0.368053] thermal_sys: Registered thermal governor 'power_allocator'
[    0.368487] cpuidle: using governor ladder
[    0.369862] cpuidle: using governor menu
[    0.369948] acpiphp: ACPI Hot Plug PCI Controller Driver version: 0.5
[    0.370706] PCI: ECAM [mem 0xb0000000-0xbfffffff] (base 0xb0000000) for domain 0000 [bus 00-ff]
[    0.371476] PCI: ECAM [mem 0xb0000000-0xbfffffff] reserved as E820 entry
[    0.372484] PCI: Using configuration type 1 for base access
[    0.373066] kprobes: kprobe jump-optimization is enabled. All kprobes are optimized if possible.
[    0.375586] HugeTLB: allocation took 0ms with hugepage_allocation_threads=1
[    0.376504] HugeTLB: registered 2.00 MiB page size, pre-allocated 0 pages
[    0.377163] HugeTLB: 28 KiB vmemmap can be freed for a 2.00 MiB page
[    0.379127] ACPI: Added _OSI(Module Device)
[    0.380477] ACPI: Added _OSI(Processor Device)
[    0.381476] ACPI: Added _OSI(Processor Aggregator Device)
[    0.384859] ACPI: 1 ACPI AML tables successfully acquired and loaded
[    0.407626] ACPI: Interpreter enabled
[    0.408052] ACPI: PM: (supports S0 S3 S4 S5)
[    0.408476] ACPI: Using IOAPIC for interrupt routing
[    0.409061] PCI: Using host bridge windows from ACPI; if necessary, use "pci=nocrs" and report a bug
[    0.409476] PCI: Using E820 reservations for host bridge windows
[    0.410563] ACPI: Enabled 3 GPEs in block 00 to 3F
[    0.414038] ACPI: PCI Root Bridge [PCI0] (domain 0000 [bus 00-0b])
[    0.414479] acpi PNP0A08:00: _OSC: OS supports [ExtendedConfig ASPM ClockPM Segments MSI EDR HPX-Type3]
[    0.415504] acpi PNP0A08:00: _OSC: platform does not support [PCIeHotplug LTR DPC]
[    0.416293] acpi PNP0A08:00: _OSC: OS now controls [SHPCHotplug PME AER PCIeCapability]
[    0.416604] PCI host bridge to bus 0000:00
[    0.417476] pci_bus 0000:00: Unknown NUMA node; performance will be reduced
[    0.418135] pci_bus 0000:00: root bus resource [io  0x0000-0x0cf7 window]
[    0.418475] pci_bus 0000:00: root bus resource [io  0x0d00-0xffff window]
[    0.419475] pci_bus 0000:00: root bus resource [mem 0x000a0000-0x000bffff window]
[    0.420188] pci_bus 0000:00: root bus resource [mem 0x80000000-0xafffffff window]
[    0.420475] pci_bus 0000:00: root bus resource [mem 0xc0000000-0xfe7fffff window]
[    0.421475] pci_bus 0000:00: root bus resource [mem 0x7c0010000-0x7ffffffff window]
[    0.422199] pci_bus 0000:00: root bus resource [mem 0x800200000-0x103fffffff window]
[    0.422475] pci_bus 0000:00: root bus resource [bus 00-0b]
[    0.423525] pci 0000:00:00.0: [8086:29c0] type 00 class 0x060000 conventional PCI endpoint
[    0.424874] pci 0000:00:01.0: [1234:1111] type 00 class 0x030000 conventional PCI endpoint
[    0.427235] pci 0000:00:01.0: BAR 0 [mem 0xfd000000-0xfdffffff pref]
[    0.427490] pci 0000:00:01.0: BAR 2 [mem 0xfea50000-0xfea50fff]
[    0.428499] pci 0000:00:01.0: ROM [mem 0xfea40000-0xfea4ffff pref]
[    0.429520] pci 0000:00:01.0: Video device with shadowed ROM at [mem 0x000c0000-0x000dffff]
[    0.430719] pci 0000:00:02.0: [1af4:1000] type 00 class 0x020000 conventional PCI endpoint
[    0.432484] pci 0000:00:02.0: BAR 0 [io  0xc080-0xc09f]
[    0.433013] pci 0000:00:02.0: BAR 1 [mem 0xfea51000-0xfea51fff]
[    0.433499] pci 0000:00:02.0: BAR 4 [mem 0x800200000-0x800203fff 64bit pref]
[    0.434176] pci 0000:00:02.0: ROM [mem 0xfea00000-0xfea3ffff pref]
[    0.435532] pci 0000:00:03.0: [1af4:1009] type 00 class 0x000200 conventional PCI endpoint
[    0.437486] pci 0000:00:03.0: BAR 0 [io  0xc000-0xc03f]
[    0.438015] pci 0000:00:03.0: BAR 1 [mem 0xfea52000-0xfea52fff]
[    0.438498] pci 0000:00:03.0: BAR 4 [mem 0x800204000-0x800207fff 64bit pref]
[    0.439948] pci 0000:00:04.0: [1b36:000b] type 00 class 0x060000 conventional PCI endpoint
[    0.447694] pci 0000:00:1f.0: [8086:2918] type 00 class 0x060100 conventional PCI endpoint
[    0.448762] pci 0000:00:1f.0: quirk: [io  0x0600-0x067f] claimed by ICH6 ACPI/GPIO/TCO
[    0.449687] pci 0000:00:1f.2: [8086:2922] type 00 class 0x010601 conventional PCI endpoint
[    0.452104] pci 0000:00:1f.2: BAR 4 [io  0xc0a0-0xc0bf]
[    0.452482] pci 0000:00:1f.2: BAR 5 [mem 0xfea53000-0xfea53fff]
[    0.453680] pci 0000:00:1f.3: [8086:2930] type 00 class 0x0c0500 conventional PCI endpoint
[    0.455140] pci 0000:00:1f.3: BAR 4 [io  0x0700-0x073f]
[    0.455789] ACPI: PCI: Interrupt link LNKA configured for IRQ 10
[    0.456538] ACPI: PCI: Interrupt link LNKB configured for IRQ 10
[    0.457161] ACPI: PCI: Interrupt link LNKC configured for IRQ 11
[    0.457526] ACPI: PCI: Interrupt link LNKD configured for IRQ 11
[    0.458479] ACPI: PCI: Interrupt link LNKE configured for IRQ 10
[    0.459103] ACPI: PCI: Interrupt link LNKF configured for IRQ 10
[    0.459525] ACPI: PCI: Interrupt link LNKG configured for IRQ 11
[    0.460149] ACPI: PCI: Interrupt link LNKH configured for IRQ 11
[    0.460495] ACPI: PCI: Interrupt link GSIA configured for IRQ 16
[    0.461480] ACPI: PCI: Interrupt link GSIB configured for IRQ 17
[    0.462436] ACPI: PCI: Interrupt link GSIC configured for IRQ 18
[    0.462480] ACPI: PCI: Interrupt link GSID configured for IRQ 19
[    0.463479] ACPI: PCI: Interrupt link GSIE configured for IRQ 20
[    0.464054] ACPI: PCI: Interrupt link GSIF configured for IRQ 21
[    0.464480] ACPI: PCI: Interrupt link GSIG configured for IRQ 22
[    0.465054] ACPI: PCI: Interrupt link GSIH configured for IRQ 23
[    0.465851] ACPI: PCI Root Bridge [CL0C] (domain 0000 [bus 0c-0d])
[    0.466477] acpi ACPI0016:00: _OSC: OS supports [ExtendedConfig ASPM ClockPM Segments MSI EDR HPX-Type3]
[    0.467475] acpi ACPI0016:00: _OSC: OS supports [CXL11PortRegAccess CXL20PortDevRegAccess CXLProtocolErrorReporting CXLNativeHot]
[    0.468524] acpi ACPI0016:00: _OSC: platform does not support [LTR DPC]
[    0.469549] acpi ACPI0016:00: _OSC: OS now controls [PCIeHotplug SHPCHotplug PME AER PCIeCapability]
[    0.470410] acpi ACPI0016:00: _OSC: OS now controls [CXLMemErrorReporting]
[    0.470501] PCI host bridge to bus 0000:0c
[    0.471475] pci_bus 0000:0c: Unknown NUMA node; performance will be reduced
[    0.472136] pci_bus 0000:0c: root bus resource [mem 0xfe800000-0xfe9fffff window]
[    0.472475] pci_bus 0000:0c: root bus resource [mem 0x7c0000000-0x7c000ffff window]
[    0.473475] pci_bus 0000:0c: root bus resource [mem 0x800000000-0x8001fffff window]
[    0.474475] pci_bus 0000:0c: root bus resource [bus 0c-0d]
[    0.475145] pci 0000:0c:00.0: [8086:7075] type 01 class 0x060400 PCIe Root Port
[    0.477490] pci 0000:0c:00.0: BAR 0 [mem 0x7c0000000-0x7c000ffff 64bit]
[    0.478150] pci 0000:0c:00.0: PCI bridge to [bus 0d]
[    0.478505] pci 0000:0c:00.0:   bridge window [mem 0xfe800000-0xfe9fffff]
[    0.479716] pci 0000:0c:00.0:   bridge window [mem 0x800000000-0x8001fffff 64bit pref]
[    0.480533] pci 0000:0c:00.0: enabling Extended Tags
[    0.490720] pci 0000:0d:00.0: [8086:0d93] type 00 class 0x050210 PCIe Endpoint
[    0.492491] pci 0000:0d:00.0: BAR 0 [mem 0xfe800000-0xfe80ffff 64bit]
[    0.493149] pci 0000:0d:00.0: BAR 2 [mem 0xfe810000-0xfe810fff 64bit]
[    0.493481] pci 0000:0d:00.0: BAR 4 [mem 0xfe811000-0xfe811fff]
[    0.494093] pci 0000:0d:00.0: enabling Extended Tags
[    0.504802] pci 0000:0c:00.0: PCI bridge to [bus 0d]
[    0.505965] iommu: Default domain type: Translated
[    0.506475] iommu: DMA domain TLB invalidation policy: lazy mode
[    0.507927]  pci0000:0c: host supports CXL
[    0.508388] SCSI subsystem initialized
[    0.508513] ACPI: bus type USB registered
[    0.508928] usbcore: registered new interface driver usbfs
[    0.509480] usbcore: registered new interface driver hub
[    0.510003] usbcore: registered new device driver usb
[    0.510489] pps_core: LinuxPPS API ver. 1 registered
[    0.510965] pps_core: Software ver. 5.3.6 - Copyright 2005-2007 Rodolfo Giometti <giometti@linux.it>
[    0.511476] PTP clock support registered
[    0.512522] EDAC MC: Ver: 3.0.0
[    0.513660] NetLabel: Initializing
[    0.514002] NetLabel:  domain hash size = 128
[    0.514477] NetLabel:  protocols = UNLABELED CIPSOv4 CALIPSO
[    0.515050] NetLabel:  unlabeled traffic allowed by default
[    0.515878] mctp: management component transport protocol core
[    0.516476] NET: Registered PF_MCTP protocol family
[    0.516962] PCI: Using ACPI for IRQ routing
[    0.628889] pci 0000:00:01.0: BAR 2 [mem 0xfea50000-0xfea50fff]: can't claim; no compatible bridge window
[    0.629482] pci 0000:00:02.0: BAR 1 [mem 0xfea51000-0xfea51fff]: can't claim; no compatible bridge window
[    0.630482] pci 0000:00:03.0: BAR 1 [mem 0xfea52000-0xfea52fff]: can't claim; no compatible bridge window
[    0.631496] pci 0000:00:1f.2: BAR 5 [mem 0xfea53000-0xfea53fff]: can't claim; no compatible bridge window
[    0.632569] pci 0000:00:01.0: vgaarb: setting as boot VGA device
[    0.633058] pci 0000:00:01.0: vgaarb: bridge control possible
[    0.633474] pci 0000:00:01.0: vgaarb: VGA device added: decodes=io+mem,owns=io+mem,locks=none
[    0.633476] vgaarb: loaded
[    0.633735] hpet: 3 channels of 0 reserved for per-cpu timers
[    0.634489] hpet0: at MMIO 0xfed00000, IRQs 2, 8, 0
[    0.634982] hpet0: 3 comparators, 64-bit 100.000000 MHz counter
[    0.640533] clocksource: Switched to clocksource kvm-clock
[    0.641519] VFS: Disk quotas dquot_6.6.0
[    0.641933] VFS: Dquot-cache hash table entries: 512 (order 0, 4096 bytes)
[    0.642770] netfs: FS-Cache loaded
[    0.643220] AppArmor: AppArmor Filesystem Enabled
[    0.643689] pnp: PnP ACPI init
[    0.644094] system 00:05: [mem 0xb0000000-0xbfffffff window] has been reserved
[    0.645127] pnp: PnP ACPI: found 6 devices
[    0.653728] clocksource: acpi_pm: mask: 0xffffff max_cycles: 0xffffff, max_idle_ns: 2085701024 ns
[    0.654674] NET: Registered PF_INET protocol family
[    0.655544] IP idents hash table entries: 131072 (order: 8, 1048576 bytes, linear)
[    0.657403] tcp_listen_portaddr_hash hash table entries: 4096 (order: 4, 65536 bytes, linear)
[    0.658243] Table-perturb hash table entries: 65536 (order: 6, 262144 bytes, linear)
[    0.659039] TCP established hash table entries: 65536 (order: 7, 524288 bytes, linear)
[    0.660254] TCP bind hash table entries: 65536 (order: 9, 2097152 bytes, linear)
[    0.661227] TCP: Hash tables configured (established 65536 bind 65536)
[    0.661998] MPTCP token hash table entries: 8192 (order: 5, 196608 bytes, linear)
[    0.662769] UDP hash table entries: 4096 (order: 6, 262144 bytes, linear)
[    0.663440] UDP-Lite hash table entries: 4096 (order: 6, 262144 bytes, linear)
[    0.664201] NET: Registered PF_UNIX/PF_LOCAL protocol family
[    0.664764] NET: Registered PF_XDP protocol family
[    0.665209] pci 0000:00:02.0: ROM [mem 0xfea00000-0xfea3ffff pref]: can't claim; no compatible bridge window
[    0.666145] pci 0000:00:02.0: ROM [mem 0x80000000-0x8003ffff pref]: assigned
[    0.666817] pci 0000:00:01.0: BAR 2 [mem 0x80040000-0x80040fff]: assigned
[    0.668137] pci 0000:00:02.0: BAR 1 [mem 0x80041000-0x80041fff]: assigned
[    0.669228] pci 0000:00:03.0: BAR 1 [mem 0x80042000-0x80042fff]: assigned
[    0.670310] pci 0000:00:1f.2: BAR 5 [mem 0x80043000-0x80043fff]: assigned
[    0.671389] pci_bus 0000:00: resource 4 [io  0x0000-0x0cf7 window]
[    0.671983] pci_bus 0000:00: resource 5 [io  0x0d00-0xffff window]
[    0.672559] pci_bus 0000:00: resource 6 [mem 0x000a0000-0x000bffff window]
[    0.673212] pci_bus 0000:00: resource 7 [mem 0x80000000-0xafffffff window]
[    0.673867] pci_bus 0000:00: resource 8 [mem 0xc0000000-0xfe7fffff window]
[    0.674506] pci_bus 0000:00: resource 9 [mem 0x7c0010000-0x7ffffffff window]
[    0.675167] pci_bus 0000:00: resource 10 [mem 0x800200000-0x103fffffff window]
[    0.675868] pci 0000:0c:00.0: bridge window [io  0x1000-0x0fff] to [bus 0d] add_size 1000
[    0.676627] pci 0000:0c:00.0: bridge window [io  size 0x1000]: can't assign; no space
[    0.677364] pci 0000:0c:00.0: bridge window [io  size 0x1000]: failed to assign
[    0.678750] pci 0000:0c:00.0: bridge window [io  size 0x1000]: can't assign; no space
[    0.679473] pci 0000:0c:00.0: bridge window [io  size 0x1000]: failed to assign
[    0.680158] pci 0000:0c:00.0: PCI bridge to [bus 0d]
[    0.681074] pci 0000:0c:00.0:   bridge window [mem 0xfe800000-0xfe9fffff]
[    0.682046] pci 0000:0c:00.0:   bridge window [mem 0x800000000-0x8001fffff 64bit pref]
[    0.683528] pci_bus 0000:0c: Some PCI device resources are unassigned, try booting with pci=realloc
[    0.684399] pci_bus 0000:0c: resource 4 [mem 0xfe800000-0xfe9fffff window]
[    0.685051] pci_bus 0000:0c: resource 5 [mem 0x7c0000000-0x7c000ffff window]
[    0.685726] pci_bus 0000:0c: resource 6 [mem 0x800000000-0x8001fffff window]
[    0.686392] pci_bus 0000:0d: resource 1 [mem 0xfe800000-0xfe9fffff]
[    0.686985] pci_bus 0000:0d: resource 2 [mem 0x800000000-0x8001fffff 64bit pref]
[    0.687758] PCI: CLS 0 bytes, default 64
[    0.688161] PCI-DMA: Using software bounce buffering for IO (SWIOTLB)
[    0.692613] software IO TLB: mapped [mem 0x000000007bfdf000-0x000000007ffdf000] (64MB)
[    0.693419] clocksource: tsc: mask: 0xffffffffffffffff max_cycles: 0x39a85c9bff6, max_idle_ns: 881590591483 ns
[    0.694921] Initialise system trusted keyrings
[    0.695353] Key type blacklist registered
[    0.696150] workingset: timestamp_bits=36 max_order=21 bucket_order=0
[    0.697924] squashfs: version 4.0 (2009/01/31) Phillip Lougher
[    0.699616] fuse: init (API version 7.44)
[    0.700115] 9p: Installing v9fs 9p2000 file system support
[    0.701402] integrity: Platform Keyring initialized
[    0.701940] integrity: Machine keyring initialized
[    0.708417] Key type asymmetric registered
[    0.708840] Asymmetric key parser 'x509' registered
[    0.709327] Block layer SCSI generic (bsg) driver version 0.4 loaded (major 242)
[    0.710661] io scheduler mq-deadline registered
[    0.712861] ledtrig-cpu: registered to indicate activity on CPUs
[    0.713937] ACPI: \_SB_.LNKD: Enabled at IRQ 11
[    0.715500] pcieport 0000:0c:00.0: PME: Signaling with IRQ 24
[    0.716886] pcieport 0000:0c:00.0: AER: enabled with IRQ 24
[    0.717450] pcieport 0000:0c:00.0: pciehp: Slot #0 AttnBtn+ PwrCtrl+ MRL- AttnInd+ PwrInd+ HotPlug+ Surprise+ Interlock+ NoCompl- IbPresDis- LLActRep+ (with Cmd Compl erratum)
[    0.720385] input: Power Button as /devices/LNXSYSTM:00/LNXPWRBN:00/input/input0
[    0.721136] ACPI: button: Power Button [PWRF]
[    0.723218] ACPI: \_SB_.GSIG: Enabled at IRQ 22
[    0.724731] ACPI: \_SB_.GSIH: Enabled at IRQ 23
[    0.726405] Serial: 8250/16550 driver, 32 ports, IRQ sharing enabled
[    0.749593] 00:03: ttyS0 at I/O 0x3f8 (irq = 4, base_baud = 115200) is a 16550A
[    0.753453] Linux agpgart interface v0.103
[    0.753959] ACPI: bus type drm_connector registered
[    0.756812] loop: module loaded
[    0.757369] Key type psk registered
[    0.759597] ACPI: \_SB_.GSIA: Enabled at IRQ 16
[    0.761033] ahci 0000:00:1f.2: AHCI vers 0001.0000, 32 command slots, 1.5 Gbps, SATA mode
[    0.761947] ahci 0000:00:1f.2: 6/6 ports implemented (port mask 0x3f)
[    0.762777] ahci 0000:00:1f.2: flags: 64bit ncq only 
[    0.764206] cxl_nvdimm pmem0: GPF: could not set dirty shutdown state
[    0.765022] scsi host0: ahci
[    0.765873] scsi host1: ahci
[    0.766589] scsi host2: ahci
[    0.767460] scsi host3: ahci
[    0.768639] scsi host4: ahci
[    0.769526] scsi host5: ahci
[    0.769863] ata1: SATA max UDMA/133 abar m4096@0x80043000 port 0x80043100 irq 25 lpm-pol 0
[    0.770632] ata2: SATA max UDMA/133 abar m4096@0x80043000 port 0x80043180 irq 25 lpm-pol 0
[    0.771429] ata3: SATA max UDMA/133 abar m4096@0x80043000 port 0x80043200 irq 25 lpm-pol 0
[    0.772211] ata4: SATA max UDMA/133 abar m4096@0x80043000 port 0x80043280 irq 25 lpm-pol 0
[    0.773009] ata5: SATA max UDMA/133 abar m4096@0x80043000 port 0x80043300 irq 25 lpm-pol 0
[    0.773803] ata6: SATA max UDMA/133 abar m4096@0x80043000 port 0x80043380 irq 25 lpm-pol 0
[    0.774666] tun: Universal TUN/TAP device driver, 1.6
[    0.777041] e1000: Intel(R) PRO/1000 Network Driver
[    0.777526] e1000: Copyright (c) 1999-2006 Intel Corporation.
[    0.778096] e1000e: Intel(R) PRO/1000 Network Driver
[    0.778561] e1000e: Copyright(c) 1999 - 2015 Intel Corporation.
[    0.779138] PPP generic driver version 2.4.2
[    0.779662] i8042: PNP: PS/2 Controller [PNP0303:KBD,PNP0f13:MOU] at 0x60,0x64 irq 1,12
[    0.780994] serio: i8042 KBD port at 0x60,0x64 irq 1
[    0.781470] serio: i8042 AUX port at 0x60,0x64 irq 12
[    0.782063] mousedev: PS/2 mouse device common for all mice
[    0.782687] rtc_cmos 00:04: RTC can wake from S4
[    0.783620] rtc_cmos 00:04: registered as rtc0
[    0.784099] rtc_cmos 00:04: setting system clock to 2026-08-07T05:34:19 UTC (1786080859)
[    0.784902] rtc_cmos 00:04: alarms up to one day, y3k, 242 bytes nvram, hpet irqs
[    0.785601] i2c_dev: i2c /dev entries driver
[    0.786031] device-mapper: core: CONFIG_IMA_DISABLE_HTABLE is disabled. Duplicate IMA measurements will not be recorded in the IMA log.
[    0.787198] device-mapper: uevent: version 1.0.3
[    0.787817] device-mapper: ioctl: 4.50.0-ioctl (2025-04-28) initialised: dm-devel@lists.linux.dev
[    0.788647] intel_pstate: CPU model not supported
[    0.789120] input: AT Translated Set 2 keyboard as /devices/platform/i8042/serio0/input/input1
[    0.789533] drop_monitor: Initializing network drop monitor service
[    0.791222] NET: Registered PF_INET6 protocol family
[    0.792708] Segment Routing with IPv6
[    0.793069] In-situ OAM (IOAM) with IPv6
[    0.793461] NET: Registered PF_PACKET protocol family
[    0.794042] 9pnet: Installing 9P2000 support
[    0.795092] Key type dns_resolver registered
[    0.796942] IPI shorthand broadcast: enabled
[    0.798595] sched_clock: Marking stable (711002122, 87374572)->(805736942, -7360248)
[    0.799860] registered taskstats version 1
[    0.801308] Loading compiled-in X.509 certificates
[    0.802206] Loaded X.509 cert 'Build time autogenerated kernel key: d04e987abe4214284e46b7b27904783efe65024e'
[    0.806220] Demotion targets for Node 0: null
[    0.806885] Key type .fscrypt registered
[    0.807249] Key type fscrypt-provisioning registered
[    0.808501] Key type encrypted registered
[    0.809833] AppArmor: AppArmor sha256 policy hashing enabled
[    0.811402] ima: No TPM chip found, activating TPM-bypass!
[    0.812980] Loading compiled-in module X.509 certificates
[    0.815583] Loaded X.509 cert 'Build time autogenerated kernel key: d04e987abe4214284e46b7b27904783efe65024e'
[    0.818586] ima: Allocated hash algorithm: sha256
[    0.820067] ima: No architecture policies found
[    0.821517] evm: Initialising EVM extended attributes:
[    0.823117] evm: security.selinux
[    0.823623] evm: security.SMACK64
[    0.824057] evm: security.SMACK64EXEC
[    0.824461] evm: security.SMACK64TRANSMUTE
[    0.824932] evm: security.SMACK64MMAP
[    0.825344] evm: security.apparmor
[    0.825796] evm: security.ima
[    0.826125] evm: security.capability
[    0.826546] evm: HMAC attrs: 0x1
[    0.827208] PM:   Magic number: 6:96:567
[    0.827960] RAS: Correctable Errors collector initialized.
[    0.828612] clk: Disabling unused clocks
[    0.829125] PM: genpd: Disabling unused power domains
[    1.081311] ata1: SATA link up 1.5 Gbps (SStatus 113 SControl 300)
[    1.084208] ata1.00: ATA-7: QEMU HARDDISK, 2.5+, max UDMA/100
[    1.086082] ata1.00: 104857600 sectors, multi 16: LBA48 NCQ (depth 32)
[    1.088124] ata1.00: applying bridge limits
[    1.089936] ata3: SATA link up 1.5 Gbps (SStatus 113 SControl 300)
[    1.092296] ata5: SATA link down (SStatus 0 SControl 300)
[    1.094032] ata4: SATA link down (SStatus 0 SControl 300)
[    1.094886] ata3.00: ATAPI: QEMU DVD-ROM, 2.5+, max UDMA/100
[    1.096703] ata3.00: applying bridge limits
[    1.098372] ata2: SATA link down (SStatus 0 SControl 300)
[    1.100015] ata6: SATA link down (SStatus 0 SControl 300)
[    1.100845] ata3.00: configured for UDMA/100
[    1.101448] ata1.00: configured for UDMA/100
[    1.102242] scsi 0:0:0:0: Direct-Access     ATA      QEMU HARDDISK    2.5+ PQ: 0 ANSI: 5
[    1.104561] scsi 0:0:0:0: Attached scsi generic sg0 type 0
[    1.104755] sd 0:0:0:0: [sda] 104857600 512-byte logical blocks: (53.7 GB/50.0 GiB)
[    1.106526] sd 0:0:0:0: [sda] Write Protect is off
[    1.106542] scsi 2:0:0:0: CD-ROM            QEMU     QEMU DVD-ROM     2.5+ PQ: 0 ANSI: 5
[    1.107995] sd 0:0:0:0: [sda] Write cache: enabled, read cache: enabled, doesn't support DPO or FUA
[    1.108883] sd 0:0:0:0: [sda] Preferred minimum I/O size 512 bytes
[    1.129854] sd 0:0:0:0: [sda] Attached SCSI disk
[    1.139995] sr 2:0:0:0: [sr0] scsi3-mmc drive: 4x/4x cd/rw xa/form2 tray
[    1.140659] cdrom: Uniform CD-ROM driver Revision: 3.20
[    1.157709] sr 2:0:0:0: Attached scsi generic sg1 type 5
[    1.159147] md: Waiting for all devices to be available before autodetect
[    1.159870] md: If you don't use raid, use raid=noautodetect
[    1.160433] md: Autodetecting RAID arrays.
[    1.160851] md: autorun ...
[    1.161125] md: ... autorun DONE.
[    1.351855] EXT4-fs (sda): recovery complete
[    1.360356] EXT4-fs (sda): mounted filesystem 412a31d6-761b-4b59-b4f9-53f8a4b8ad2f r/w with ordered data mode. Quota mode: none.
[    1.361148] VFS: Mounted root (ext4 filesystem) on device 8:0.
[    1.362808] devtmpfs: mounted
[    1.364869] Freeing unused decrypted memory: 2028K
[    1.366586] Freeing unused kernel image (initmem) memory: 5088K
[    1.367192] Write protecting the kernel read-only data: 34816k
[    1.368460] Freeing unused kernel image (text/rodata gap) memory: 1772K
[    1.369497] Freeing unused kernel image (rodata/data gap) memory: 1132K
[    1.408916] x86/mm: Checked W+X mappings: passed, no W+X pages found.
[    1.409883] x86/mm: Checking user space page tables
[    1.466779] x86/mm: Checked W+X mappings: passed, no W+X pages found.
[    1.467201] Run /sbin/init as init process
[    1.575970] systemd[1]: Inserted module 'autofs4'
[!p]104[?7h[    1.622345] systemd[1]: systemd 257.7-1 running in system mode (+PAM +AUDIT +SELINUX +APPARMOR +IMA +IPE +SMACK +SECCOMP +GCRYPT -GNUTLS +OPENSSL +ACL +BLKID +CURL +ELFUTILS +FIDO2 +IDN2 -IDN +IPTC +KMOD +LIBCRYPTSETUP +LIBCRYPTSETUP_PLUGINS +LIBFDISK +PCRE2 +PWQUALITY +P11KIT +QRENCODE +TPM2 +BZIP2 +LZ4 +XZ +ZLIB +ZSTD +BPF_FRAMEWORK +BTF -XKBCOMMON -UTMP +SYSVINIT +LIBARCHIVE)
[    1.629913] systemd[1]: Detected virtualization kvm.
[    1.630821] systemd[1]: Detected architecture x86-64.

[0;1;39mWelcome to [0m[1mDebian GNU/Linux 13 (trixie)[0m[0;1;39m![0m

[    1.636372] systemd[1]: Hostname set to <node1>.
[    1.697837] systemd[1]: bpf-restrict-fs: BPF LSM hook not enabled in the kernel, BPF LSM not supported.
[    1.744454] Guest personality initialized and is inactive
[    1.744999] VMCI host device registered (name=vmci, major=10, minor=262)
[    1.745441] Initialized host personality
[    1.755112] NET: Registered PF_VSOCK protocol family
[    1.937573] systemd[1]: Queued start job for default target graphical.target.
[    1.962758] systemd[1]: Created slice system-getty.slice - Slice /system/getty.
[[0;32m  OK  [0m] Created slice [0;1;39msystem-getty.slice[0m - Slice /system/getty.
[    1.966697] systemd[1]: Created slice system-modprobe.slice - Slice /system/modprobe.
[[0;32m  OK  [0m] Created slice [0;1;39msystem-modprobe.slice[0m - Slice /system/modprobe.
[    1.970452] systemd[1]: Created slice system-serial\x2dgetty.slice - Slice /system/serial-getty.
[[0;32m  OK  [0m] Created slice [0;1;39msystem-serial\x2dget…slice[0m - Slice /system/serial-getty.
[    1.972665] systemd[1]: Created slice user.slice - User and Session Slice.
[[0;32m  OK  [0m] Created slice [0;1;39muser.slice[0m - User and Session Slice.
[    1.974292] systemd[1]: Started systemd-ask-password-console.path - Dispatch Password Requests to Console Directory Watch.
[[0;32m  OK  [0m] Started [0;1;39msystemd-ask-password-conso…[0mequests to Console Directory Watch.
[    1.976425] systemd[1]: Started systemd-ask-password-wall.path - Forward Password Requests to Wall Directory Watch.
[[0;32m  OK  [0m] Started [0;1;39msystemd-ask-password-wall.…[0md Requests to Wall Directory Watch.
[    1.978582] systemd[1]: Set up automount proc-sys-fs-binfmt_misc.automount - Arbitrary Executable File Formats File System Automount Point.
[[0;32m  OK  [0m] Set up automount [0;1;39mproc-sys-fs-binfm…[0mormats File System Automount Point.
[    1.980797] systemd[1]: Expecting device dev-ttyS0.device - /dev/ttyS0...
         Expecting device [0;1;39mdev-ttyS0.device[0m - /dev/ttyS0...
[    1.982202] systemd[1]: Reached target paths.target - Path Units.
[[0;32m  OK  [0m] Reached target [0;1;39mpaths.target[0m - Path Units.
[    1.983584] systemd[1]: Reached target slices.target - Slice Units.
[[0;32m  OK  [0m] Reached target [0;1;39mslices.target[0m - Slice Units.
[    1.984575] systemd[1]: Reached target swap.target - Swaps.
[[0;32m  OK  [0m] Reached target [0;1;39mswap.target[0m - Swaps.
[    2.004828] systemd[1]: Listening on rpcbind.socket - RPCbind Server Activation Socket.
[[0;32m  OK  [0m] Listening on [0;1;39mrpcbind.socket[0m - RPCbind Server Activation Socket.
[    2.007304] systemd[1]: Listening on systemd-creds.socket - Credential Encryption/Decryption.
[[0;32m  OK  [0m] Listening on [0;1;39msystemd-creds.socket[0m - Credential Encryption/Decryption.
[    2.008694] systemd[1]: Listening on systemd-initctl.socket - initctl Compatibility Named Pipe.
[[0;32m  OK  [0m] Listening on [0;1;39msystemd-initctl.socke…[0m- initctl Compatibility Named Pipe.
[    2.010052] systemd[1]: Listening on systemd-journald-dev-log.socket - Journal Socket (/dev/log).
[[0;32m  OK  [0m] Listening on [0;1;39msystemd-journald-dev-…socket[0m - Journal Socket (/dev/log).
[    2.011469] systemd[1]: Listening on systemd-journald.socket - Journal Sockets.
[[0;32m  OK  [0m] Listening on [0;1;39msystemd-journald.socket[0m - Journal Sockets.
[    2.012685] systemd[1]: Listening on systemd-networkd.socket - Network Service Netlink Socket.
[[0;32m  OK  [0m] Listening on [0;1;39msystemd-networkd.socket[0m - Network Service Netlink Socket.
[    2.013979] systemd[1]: systemd-pcrextend.socket - TPM PCR Measurements was skipped because of an unmet condition check (ConditionSecurity=measured-uki).
[    2.014879] systemd[1]: systemd-pcrlock.socket - Make TPM PCR Policy was skipped because of an unmet condition check (ConditionSecurity=measured-uki).
[    2.015800] systemd[1]: Listening on systemd-udevd-control.socket - udev Control Socket.
[[0;32m  OK  [0m] Listening on [0;1;39msystemd-udevd-control.socket[0m - udev Control Socket.
[    2.017333] systemd[1]: Listening on systemd-udevd-kernel.socket - udev Kernel Socket.
[[0;32m  OK  [0m] Listening on [0;1;39msystemd-udevd-kernel.socket[0m - udev Kernel Socket.
[    2.020340] systemd[1]: Mounting dev-hugepages.mount - Huge Pages File System...
         Mounting [0;1;39mdev-hugepages.mount[0m - Huge Pages File System...
[    2.022571] systemd[1]: Mounting dev-mqueue.mount - POSIX Message Queue File System...
         Mounting [0;1;39mdev-mqueue.mount[0m - POSIX Message Queue File System...
[    2.025074] systemd[1]: Mounting run-lock.mount - Legacy Locks Directory /run/lock...
         Mounting [0;1;39mrun-lock.mount[0m - Legacy Locks Directory /run/lock...
[    2.028707] systemd[1]: Mounting sys-kernel-debug.mount - Kernel Debug File System...
         Mounting [0;1;39msys-kernel-debug.mount[0m - Kernel Debug File System...
[    2.036041] systemd[1]: Mounting sys-kernel-tracing.mount - Kernel Trace File System...
         Mounting [0;1;39msys-kernel-tracing.mount[0m - Kernel Trace File System...
[    2.040028] systemd[1]: Mounting tmp.mount - Temporary Directory /tmp...
         Mounting [0;1;39mtmp.mount[0m - Temporary Directory /tmp...
[    2.041410] systemd[1]: auth-rpcgss-module.service - Kernel Module supporting RPCSEC_GSS was skipped because of an unmet condition check (ConditionPathExists=/etc/krb5.keytab).
[    2.043802] systemd[1]: Starting kmod-static-nodes.service - Create List of Static Device Nodes...
         Starting [0;1;39mkmod-static-nodes.service[0m…eate List of Static Device Nodes...
[    2.046050] systemd[1]: Starting modprobe@configfs.service - Load Kernel Module configfs...
         Starting [0;1;39mmodprobe@configfs.service[0m - Load Kernel Module configfs...
[    2.048445] systemd[1]: Starting modprobe@drm.service - Load Kernel Module drm...
         Starting [0;1;39mmodprobe@drm.service[0m - Load Kernel Module drm...
[    2.052575] systemd[1]: Starting modprobe@efi_pstore.service - Load Kernel Module efi_pstore...
         Starting [0;1;39mmodprobe@efi_pstore.servi…[0m - Load Kernel Module efi_pstore...
[    2.054807] systemd[1]: Starting modprobe@fuse.service - Load Kernel Module fuse...
         Starting [0;1;39mmodprobe@fuse.service[0m - Load Kernel Module fuse...
[    2.056039] systemd[1]: systemd-hibernate-clear.service - Clear Stale Hibernate Storage Info was skipped because of an unmet condition check (ConditionPathExists=/sys/firmware/efi/efivars/HibernateLocation-8cf2644b-4b0b-428f-9387-6d876050dc67).
[    2.059316] systemd[1]: Starting systemd-journald.service - Journal Service...
         Starting [0;1;39msystemd-journald.service[0m - Journal Service...
[    2.061758] systemd[1]: Starting systemd-modules-load.service - Load Kernel Modules...
         Starting [0;1;39msystemd-modules-load.service[0m - Load Kernel Modules...
[    2.062999] systemd[1]: systemd-pcrmachine.service - TPM PCR Machine ID Measurement was skipped because of an unmet condition check (ConditionSecurity=measured-uki).
[    2.064691] systemd[1]: Starting systemd-remount-fs.service - Remount Root and Kernel File Systems...
         Starting [0;1;39msystemd-remount-fs.servic…[0munt Root and Kernel File Systems...
[    2.066222] systemd[1]: systemd-tpm2-setup-early.service - Early TPM SRK Setup was skipped because of an unmet condition check (ConditionSecurity=measured-uki).
[    2.068463] systemd[1]: Starting systemd-udev-load-credentials.service - Load udev Rules from Credentials...
         Starting [0;1;39msystemd-udev-load-credent…[0mLoad udev Rules from Credentials...
[    2.071469] systemd[1]: Starting systemd-udev-trigger.service - Coldplug All udev Devices...
         Starting [0;1;39msystemd-udev-trigger.service[0m - Coldplug All udev Devices...
[    2.074366] systemd[1]: Mounted dev-hugepages.mount - Huge Pages File System.
[[0;32m  OK  [0m] Mounted [0;1;39mdev-hugepages.mount[0m - Huge Pages File System.
[    2.076206] systemd[1]: Mounted dev-mqueue.mount - POSIX Message Queue File System.
[[0;32m  OK  [0m] Mounted [0;1;39mdev-mqueue.mount[0m - POSIX Message Queue File System.
[    2.078081] systemd[1]: Mounted run-lock.mount - Legacy Locks Directory /run/lock.
[[0;32m  OK  [0m] Mounted [0;1;39mrun-lock.mount[0m - Legacy Locks Directory /run/lock.
[    2.079499] systemd[1]: Mounted sys-kernel-debug.mount - Kernel Debug File System.
[[0;32m  OK  [0m] Mounted [0;1;39msys-kernel-debug.mount[0m - Kernel Debug File System.
[    2.081074] systemd[1]: Mounted sys-kernel-tracing.mount - Kernel Trace File System.
[[0;32m  OK  [0m] Mounted [0;1;39msys-kernel-tracing.mount[0m - Kernel Trace File System.
[    2.082479] systemd[1]: Mounted tmp.mount - Temporary Directory /tmp.
[[0;32m  OK  [0m] Mounted [0;1;39mtmp.mount[0m - Temporary Directory /tmp.
[    2.083707] systemd[1]: Finished kmod-static-nodes.service - Create List of Static Device Nodes.
[[0;32m  OK  [0m] Finished [0;1;39mkmod-static-nodes.service[0m…Create List of Static Device Nodes.
[    2.085287] systemd[1]: modprobe@configfs.service: Deactivated successfully.
[    2.086068] systemd[1]: Finished modprobe@configfs.service - Load Kernel Module configfs.
[[0;32m  OK  [0m] Finished [0;1;39mmodprobe@configfs.service[0m - Load Kernel Module configfs.
[    2.087810] systemd[1]: modprobe@drm.service: Deactivated successfully.
[    2.088136] systemd-journald[171]: Collecting audit messages is disabled.
[    2.088404] systemd[1]: Finished modprobe@drm.service - Load Kernel Module drm.
[[0;32m  OK  [0m] Finished [0;1;39mmodprobe@drm.service[0m - Load Kernel Module drm.
[    2.090029] systemd[1]: modprobe@efi_pstore.service: Deactivated successfully.
[    2.090643] systemd[1]: Finished modprobe@efi_pstore.service - Load Kernel Module efi_pstore.
[[0;32m  OK  [0m] Finished [0;1;39mmodprobe@efi_pstore.service[0m - Load Kernel Module efi_pstore.
[    2.092451] systemd[1]: modprobe@fuse.service: Deactivated successfully.
[    2.093041] systemd[1]: Finished modprobe@fuse.service - Load Kernel Module fuse.
[[0;32m  OK  [0m] Finished [0;1;39mmodprobe@fuse.service[0m - Load Kernel Module fuse.
[    2.094415] systemd[1]: Finished systemd-modules-load.service - Load Kernel Modules.
[[0;32m  OK  [0m] Finished [0;1;39msystemd-modules-load.service[0m - Load Kernel Modules.
[    2.095778] systemd[1]: Finished systemd-remount-fs.service - Remount Root and Kernel File Systems.
[[0;32m  OK  [0m] Finished [0;1;39msystemd-remount-fs.servic…[0mmount Root and Kernel File Systems.
[    2.101751] systemd[1]: Finished systemd-udev-load-credentials.service - Load udev Rules from Credentials.
[[0;32m  OK  [0m] Finished [0;1;39msystemd-udev-load-credent…[0m- Load udev Rules from Credentials.
[    2.105493] systemd[1]: Mounting sys-fs-fuse-connections.mount - FUSE Control File System...
         Mounting [0;1;39msys-fs-fuse-connections.mount[0m - FUSE Control File System...
[    2.107353] systemd[1]: Mounting sys-kernel-config.mount - Kernel Configuration File System...
         Mounting [0;1;39msys-kernel-config.mount[0m - Kernel Configuration File System...
[    2.110500] systemd[1]: systemd-hwdb-update.service - Rebuild Hardware Database was skipped because of an unmet condition check (ConditionNeedsUpdate=/etc).
[    2.111470] systemd[1]: systemd-pstore.service - Platform Persistent Storage Archival was skipped because of an unmet condition check (ConditionDirectoryNotEmpty=/sys/fs/pstore).
[    2.117081] systemd[1]: Starting systemd-random-seed.service - Load/Save OS Random Seed...
         Starting [0;1;39msystemd-random-seed.service[0m - Load/Save OS Random Seed...
[    2.120522] systemd[1]: Starting systemd-sysctl.service - Apply Kernel Variables...
         Starting [0;1;39msystemd-sysctl.service[0m - Apply Kernel Variables...
[    2.122305] systemd[1]: Starting systemd-tmpfiles-setup-dev-early.service - Create Static Device Nodes in /dev gracefully...
         Starting [0;1;39msystemd-tmpfiles-setup-de…[0m Device Nodes in /dev gracefully...
[    2.126099] systemd[1]: systemd-tpm2-setup.service - TPM SRK Setup was skipped because of an unmet condition check (ConditionSecurity=measured-uki).
[    2.127782] systemd[1]: Started systemd-journald.service - Journal Service.
[[0;32m  OK  [0m] Started [0;1;39msystemd-journald.service[0m - Journal Service.
[[0;32m  OK  [0m] Mounted [0;1;39msys-fs-fuse-connections.mount[0m - FUSE Control File System.
[[0;32m  OK  [0m] Mounted [0;1;39msys-kernel-config.mount[0m - Kernel Configuration File System.
         Starting [0;1;39msystemd-journal-flush.ser…[0msh Journal to Persistent Storage...
[    2.147808] systemd-journald[171]: Received client request to flush runtime journal.
[[0;32m  OK  [0m] Finished [0;1;39msystemd-sysctl.service[0m - Apply Kernel Variables.
[[0;32m  OK  [0m] Finished [0;1;39msystemd-tmpfiles-setup-de…[0mic Device Nodes in /dev gracefully.
         Starting [0;1;39msystemd-tmpfiles-setup-de…[0meate Static Device Nodes in /dev...
[[0;32m  OK  [0m] Finished [0;1;39msystemd-udev-trigger.service[0m - Coldplug All udev Devices.
         Starting [0;1;39mifupdown-pre.service[0m - He…synchronize boot up for ifupdown...
[[0;32m  OK  [0m] Finished [0;1;39msystemd-tmpfiles-setup-de…[0mCreate Static Device Nodes in /dev.
[[0;32m  OK  [0m] Reached target [0;1;39mlocal-fs-pre.target[0m…Preparation for Local File Systems.
[[0;32m  OK  [0m] Reached target [0;1;39mlocal-fs.target[0m - Local File Systems.
[[0;32m  OK  [0m] Listening on [0;1;39msystemd-sysext.socket[0m… System Extension Image Management.
         Starting [0;1;39msystemd-binfmt.service[0m - Set Up Additional Binary Formats...
         Starting [0;1;39msystemd-udevd.service[0m - R…ager for Device Events and Files...
[[0;32m  OK  [0m] Finished [0;1;39msystemd-journal-flush.ser…[0mlush Journal to Persistent Storage.
         Starting [0;1;39msystemd-tmpfiles-setup.se…[0mate System Files and Directories...
[[0;32m  OK  [[    2.262393] random: crng init done
0m] Started [0;1;39msystemd-udevd.service[0m - Ru…anager for Device Events and Files.
         Starting [0;1;39msystemd-networkd.service[0m - Network Configuration...
[[0;32m  OK  [0m] Finished [0;1;39msystemd-random-seed.service[0m - Load/Save OS Random Seed.
[[0;32m  OK  [0m] Finished [0;1;39msystemd-tmpfiles-setup.se…[0mreate System Files and Directories.
         Starting [0;1;39mrpcbind.service[0m - RPC bind portmap service...
[    2.301467] virtio_net virtio0 enp0s2: renamed from eth0
[[0;32m  OK  [0m] Started [0;1;39mrpcbind.service[0m - RPC bind portmap service.
[[0;32m  OK  [0m] Reached target [0;1;39mrpcbind.target[0m - RPC Port Mapper.
         Expecting device [0;1;39msys-subsystem-net…[0msys/subsystem/net/devices/enp0s2...
[[0;32m  OK  [0m] Found device [0;1;39mdev-ttyS0.device[0m - /dev/ttyS0.
[    2.341498] lpc_ich 0000:00:1f.0: I/O space for GPIO uninitialized
[    2.356018] bochs-drm 0000:00:01.0: vgaarb: deactivate vga console
[    2.362450] Console: switching to colour dummy device 80x25
[    2.363128] [drm] Found bochs VGA, ID 0xb0c5.
[    2.363585] [drm] Framebuffer size 16384 kB @ 0xfd000000, mmio @ 0x80040000.
[    2.366737] input: PC Speaker as /devices/platform/pcspkr/input/input3
[    2.372942] [drm] Initialized bochs-drm 1.0.0 for 0000:00:01.0 on minor 0
[    2.381708] fbcon: bochs-drmdrmfb (fb0) is primary device
[    2.391587] Console: switching to colour frame buffer device 160x50
[    2.400678] bochs-drm 0000:00:01.0: [drm] fb0: bochs-drmdrmfb frame buffer device
[[0;32m  OK  [0m] Listening on [0;1;39msystemd-rfkill.socket[0m…ll Switch Status /dev/rfkill Watch.
[    2.423702] parport_pc 00:02: reported by Plug and Play ACPI
[    2.424934] parport0: PC-style at 0x378, irq 7 [PCSPP,TRISTATE]
[    2.426981] iTCO_vendor_support: vendor-support=0
[    2.428096] input: VirtualPS/2 VMware VMMouse as /devices/platform/i8042/serio1/input/input5
[    2.434509] input: VirtualPS/2 VMware VMMouse as /devices/platform/i8042/serio1/input/input4
[[0;32m  OK  [0m] Found device [0;1;39msys-subsystem-net-dev…0s2.device[0m - Virtio network device.
[    2.450837] i801_smbus 0000:00:1f.3: SMBus using PCI interrupt
[[0;32m  OK  [0m] Started [0;1;39mifup@enp0s2.service[0m - ifup for enp0s2.
[    2.458733] Error: Driver 'pcspkr' is already registered, aborting...
[    2.459321] i2c i2c-0: Memory type 0x07 not supported yet, not instantiating SPD
[    2.463580] iTCO_wdt iTCO_wdt.1.auto: Found a ICH9 TCO device (Version=2, TCOBASE=0x0660)
[    2.464344] iTCO_wdt iTCO_wdt.1.auto: initialized. heartbeat=30 sec (nowayout=0)
[    2.523310] 8021q: 802.1Q VLAN Support v1.8
[    2.538666] ppdev: user-space parallel port driver
[[0;32m  OK  [0m] Finished [0;1;39mifupdown-pre.service[0m - He…o synchronize boot up for ifupdown.
         Starting [0;1;39mnetworking.service[0m - Raise network interfaces...
[    2.635509] cfg80211: Loading compiled-in X.509 certificates for regulatory database
[    2.636395] Loaded X.509 cert 'sforshee: 00b28ddf47aef9cea7'
[    2.636909] Loaded X.509 cert 'wens: 61c038651aabdcf94bd0ac7ff06c7248db18c600'
[    2.637412] platform regulatory.0: Direct firmware load for regulatory.db failed with error -2
[    2.638206] cfg80211: failed to load regulatory.db
[    2.650394] 8021q: adding VLAN 0 to HW filter on device enp0s2
         Mounting [0;1;39mproc-sys-fs-binfmt_misc.m…[0mcutable File Formats File System...
         Mounting [0;1;39mrun-rpc_pipefs.mount[0m - RPC Pipe File System...
[[0;32m  OK  [0m] Mounted [0;1;39mproc-sys-fs-binfmt_misc.mo…[0mxecutable File Formats File System.
[[0;32m  OK  [0m] Finished [0;1;39msystemd-binfmt.service[0m - Set Up Additional Binary Formats.
[[0;32m  OK  [0m] Reached target [0;1;39msysinit.target[0m - System Initialization.
[[0;32m  OK  [0m] Started [0;1;39mapt-daily.timer[0m - Daily apt download activities.
[[0;32m  OK  [0m] Started [0;1;39mapt-daily-upgrade.timer[0m - …y apt upgrade and clean activities.
[[0;32m  OK  [0m] Started [0;1;39mdpkg-db-backup.timer[0m - Daily dpkg database backup timer.
[[0;32m  OK  [0m] Started [0;1;39me2scrub_all.timer[0m - Period…Metadata Check for All Filesystems.
[[0;32m  OK  [0m] Started [0;1;39mfstrim.timer[0m - Discard unused filesystem blocks once a week.
[[0;32m  OK  [0m] Started [0;1;39mlogrotate.timer[0m - Daily rotation of log files.
[[0;32m  OK  [0m] Started [0;1;39msystemd-tmpfiles-clean.tim…[0my Cleanup of Temporary Directories.
[[0;32m  OK  [0m] Reached target [0;1;39mtimers.target[0m - Timer Units.
[[0;32m  OK  [0m] Listening on [0;1;39mdbus.socket[0m - D-Bus System Message Bus Socket.
[[0;32m  OK  [0m] Listening on [0;1;39msshd-unix-local.socke…[0mtemd-ssh-generator, AF_UNIX Local).
[[0;32m  OK  [0m] Listening on [0;1;39msshd-vsock.socket[0m - O… (systemd-ssh-generator, AF_VSOCK).
[[0;32m  OK  [0m] Reached target [0;1;39mssh-access.target[0m - SSH Access Available.
[[0;32m  OK  [0m] Listening on [0;1;39msystemd-hostnamed.socket[0m - Hostname Service Socket.
[[0;32m  OK  [0m] Reached target [0;1;39msockets.target[0m - Socket Units.
         Starting [0;1;39mcxl-numa-setup.service[0m - Configure CXL Memory as NUMA Node...
[[0;32m  OK  [0m] Started [0;1;39msystemd-networkd.service[0m - Network Configuration.
         Starting [0;1;39msystemd-networkd-persiste…[0mtent Storage in systemd-networkd...
[    3.216553] RPC: Registered named UNIX socket transport module.
[    3.217010] RPC: Registered udp transport module.
[    3.217316] RPC: Registered tcp transport module.
[    3.217640] RPC: Registered tcp-with-tls transport module.
[    3.218130] RPC: Registered tcp NFSv4.1 backchannel transport module.
[[0;32m  OK  [0m] Finished [0;1;39msystemd-networkd-persiste…[0mistent Storage in systemd-networkd.
[[0;32m  OK  [0m] Mounted [0;1;39mrun-rpc_pipefs.mount[0m - RPC Pipe File System.
[[0;32m  OK  [0m] Reached target [0;1;39mrpc_pipefs.target[0m.
         Starting [0;1;39mnfs-blkmap.service[0m - pNFS block layout mapping daemon...
[[0;32m  OK  [0m] Reached target [0;1;39mnfs-client.target[0m - NFS client services.
[[0;32m  OK  [0m] Reached target [0;1;39mremote-fs-pre.targe…[0mreparation for Remote File Systems.
[[0;32m  OK  [0m] Reached target [0;1;39mremote-fs.target[0m - Remote File Systems.
[[0;32m  OK  [0m] Started [0;1;39mnfs-blkmap.service[0m - pNFS block layout mapping daemon.
[    3.270284] cxl region0: Bypassing cpu_cache_invalidate_memregion() for testing!
qemu-system-x86_64: info: CXL Type3: Initializing CXLMemSim integration
qemu-system-x86_64: info: CXL Type3: CXLMemSim TCP mode - 127.0.0.1:9999
qemu-system-x86_64: info: CXL Type3: Active latency injection disabled (set CXL_LATENCY_INJECT=1 to enable)
[[0;32m  OK  [0m] Created slice [0;1;39msystem-daxdev\x2drec…[0m- Slice /system/daxdev-reconfigure.
[[0m[0;31m*     [0m] (1 of 2) Job cxl-numa-setup.service/start running (3s / 1min 1s)
M[K[[0;1;31m*[0m[0;31m*    [0m] (1 of 2) Job cxl-numa-setup.service/start running (4s / 1min 1s)
M[K[[0;31m*[0;1;31m*[0m[0;31m*   [0m] (1 of 2) Job cxl-numa-setup.service/start running (4s / 1min 1s)
M[K[ [0;31m*[0;1;31m*[0m[0;31m*  [0m] (2 of 2) Job networking.service/start running (5s / 5min)
M[K[  [0;31m*[0;1;31m*[0m[0;31m* [0m] (2 of 2) Job networking.service/start running (5s / 5min)
M[K[   [0;31m*[0;1;31m*[0m[0;31m*[0m] (2 of 2) Job networking.service/start running (6s / 5min)
M[K[[0;32m  OK  [0m] Finished [0;1;39mcxl-numa-setup.service[0m - Configure CXL Memory as NUMA Node.
[K[[0;32m  OK  [0m] Reached target [0;1;39mbasic.target[0m - Basic System.
[[0;32m  OK  [0m] Started [0;1;39mcron.service[0m - Regular background program processing daemon.
[[0;32m  OK  [0m] Started [0;1;39mcxl-monitor.service[0m - CXL Monitor Daemon.
         Starting [0;1;39mdaxdev-reconfigure@dev-da…[0mic daxctl device reconfiguration...
         Starting [0;1;39mdbus.service[0m - D-Bus System Message Bus...
         Starting [0;1;39me2scrub_reap.service[0m - Re…ne ext4 Metadata Check Snapshots...
[[0;32m  OK  [0m] Started [0;1;39mndctl-monitor.service[0m - Ndctl Monitor Daemon.
         Starting [0;1;39msystemd-logind.service[0m - User Login Management...
[[0;32m  OK  [0m] Started [0;1;39mdaxdev-reconfigure@dev-dax…[0matic daxctl device reconfiguration.
[[0;32m  OK  [0m] Started [0;1;39mdbus.service[0m - D-Bus System Message Bus.
[[0;32m  OK  [0m] Finished [0;1;39me2scrub_reap.service[0m - Re…line ext4 Metadata Check Snapshots.
[[0;32m  OK  [0m] Started [0;1;39msystemd-logind.service[0m - User Login Management.
[    [0;31m*[0;1;31m*[0m] Job networking.service/start running (8s / 5min)
M[K[     [0;31m*[0m] Job networking.service/start running (9s / 5min)
M[K[    [0;31m*[0;1;31m*[0m] Job networking.service/start running (10s / 5min)
M[K[   [0;31m*[0;1;31m*[0m[0;31m*[0m] Job networking.service/start running (10s / 5min)
M[K[  [0;31m*[0;1;31m*[0m[0;31m* [0m] Job networking.service/start running (11s / 5min)
M[K[[0;32m  OK  [0m] Finished [0;1;39mnetworking.service[0m - Raise network interfaces.
[K[[0;32m  OK  [0m] Reached target [0;1;39mnetwork.target[0m - Network.
[[0;32m  OK  [0m] Reached target [0;1;39mnetwork-online.target[0m - Network is Online.
         Starting [0;1;39mrc-local.service[0m - /etc/rc.local Compatibility...
         Starting [0;1;39mrpc-statd-notify.service[0m - Notify NFS peers of a restart...
         Starting [0;1;39mssh.service[0m - OpenBSD Secure Shell server...
         Starting [0;1;39msystemd-user-sessions.service[0m - Permit User Sessions...
[[0;32m  OK  [0m] Finished [0;1;39msystemd-user-sessions.service[0m - Permit User Sessions.
[[0;32m  OK  [0m] Started [0;1;39mrc-local.service[0m - /etc/rc.local Compatibility.
[[0;32m  OK  [0m] Started [0;1;39mgetty@tty1.service[0m - Getty on tty1.
[[0;32m  OK  [0m] Started [0;1;39mserial-getty@ttyS0.service[0m - Serial Getty on ttyS0.
[[0;32m  OK  [0m] Reached target [0;1;39mgetty.target[0m - Login Prompts.
[[0;32m  OK  [0m] Started [0;1;39mrpc-statd-notify.service[0m - Notify NFS peers of a restart.
[[0;32m  OK  [0m] Started [0;1;39mssh.service[0m - OpenBSD Secure Shell server.
[[0;32m  OK  [0m] Reached target [0;1;39mmulti-user.target[0m - Multi-User System.
[[0;32m  OK  [0m] Reached target [0;1;39mgraphical.target[0m - Graphical Interface.
[!p]104[?7h[6n[32766;32766H[6n[!p]104[?7h[6n[32766;32766H[6n
Debian GNU/Linux 13 node1 ttyS0

node1 login: [   28.185625] sched: DL replenish lagged too much
qemu-system-x86_64: terminating on signal 15 from pid 1 (/sbin/init)
qemu-system-x86_64: -device cxl-type3,bus=root_port13,persistent-memdev=cxl-mem1,lsa=cxl-lsa1,id=cxl-pmem0,sn=0x1: info: CXL Type3: Persistent memory initialized - size=1024 MB
c[?7l[2J[0mSeaBIOS (version rel-1.17.0-0-gb52ca86e094d-prebuilt.qemu.org)


iPXE (http://ipxe.org) 00:02.0 CA00 PCI2.10 PnP PMM+7EFD1710+7EF31710 CA00
Press Ctrl-B to configure iPXE (PCI 00:02.0)...                                                                               


Booting from ROM..c[?7l[2J[0m.[    0.000000] Linux version 6.16.0-rc7+ (root@gpu01) (gcc (Ubuntu 15-20250404-0ubuntu1) 15.0.1 20250404 (experimental) [master r15-9193-g08e803aa9be], GNU ld (GNU Binutils for Ubuntu) 2.44) #3 SMP PREEMPT_DYNAMIC Thu Aug 21 04:23:18 UTC 2025
[    0.000000] Command line: root=/dev/sda rw console=ttyS0,115200 nokaslr
[    0.000000] KERNEL supported cpus:
[    0.000000]   Intel GenuineIntel
[    0.000000]   AMD AuthenticAMD
[    0.000000]   Hygon HygonGenuine
[    0.000000]   Centaur CentaurHauls
[    0.000000]   zhaoxin   Shanghai  
[    0.000000] x86/CPU: Model not found in latest microcode list
[    0.000000] BIOS-provided physical RAM map:
[    0.000000] BIOS-e820: [mem 0x0000000000000000-0x000000000009fbff] usable
[    0.000000] BIOS-e820: [mem 0x000000000009fc00-0x000000000009ffff] reserved
[    0.000000] BIOS-e820: [mem 0x00000000000f0000-0x00000000000fffff] reserved
[    0.000000] BIOS-e820: [mem 0x0000000000100000-0x000000007ffdefff] usable
[    0.000000] BIOS-e820: [mem 0x000000007ffdf000-0x000000007fffffff] reserved
[    0.000000] BIOS-e820: [mem 0x00000000b0000000-0x00000000bfffffff] reserved
[    0.000000] BIOS-e820: [mem 0x00000000fed1c000-0x00000000fed1ffff] reserved
[    0.000000] BIOS-e820: [mem 0x00000000feffc000-0x00000000feffffff] reserved
[    0.000000] BIOS-e820: [mem 0x00000000fffc0000-0x00000000ffffffff] reserved
[    0.000000] BIOS-e820: [mem 0x0000000100000000-0x000000027fffffff] usable
[    0.000000] NX (Execute Disable) protection: active
[    0.000000] APIC: Static calls initialized
[    0.000000] SMBIOS 2.8 present.
[    0.000000] DMI: QEMU Standard PC (Q35 + ICH9, 2009), BIOS rel-1.17.0-0-gb52ca86e094d-prebuilt.qemu.org 04/01/2014
[    0.000000] DMI: Memory slots populated: 1/1
[    0.000000] Hypervisor detected: KVM
[    0.000000] kvm-clock: Using msrs 4b564d01 and 4b564d00
[    0.000000] kvm-clock: using sched offset of 342963963 cycles
[    0.000002] clocksource: kvm-clock: mask: 0xffffffffffffffff max_cycles: 0x1cd42e4dffb, max_idle_ns: 881590591483 ns
[    0.000004] tsc: Detected 2000.000 MHz processor
[    0.000574] last_pfn = 0x280000 max_arch_pfn = 0x400000000
[    0.000607] MTRR map: 4 entries (3 fixed + 1 variable; max 19), built from 8 variable MTRRs
[    0.000609] x86/PAT: Configuration [0-7]: WB  WC  UC- UC  WB  WP  UC- WT  
[    0.000650] last_pfn = 0x7ffdf max_arch_pfn = 0x400000000
[    0.003485] found SMP MP-table at [mem 0x000f54b0-0x000f54bf]
[    0.003900] ACPI: Early table checksum verification disabled
[    0.003903] ACPI: RSDP 0x00000000000F52B0 000014 (v00 BOCHS )
[    0.003910] ACPI: RSDT 0x000000007FFE3792 000040 (v01 BOCHS  BXPC     00000001 BXPC 00000001)
[    0.003915] ACPI: FACP 0x000000007FFE33F6 0000F4 (v03 BOCHS  BXPC     00000001 BXPC 00000001)
[    0.003919] ACPI: DSDT 0x000000007FFE0040 0033B6 (v01 BOCHS  BXPC     00000001 BXPC 00000001)
[    0.003921] ACPI: FACS 0x000000007FFE0000 000040
[    0.003923] ACPI: APIC 0x000000007FFE34EA 000090 (v03 BOCHS  BXPC     00000001 BXPC 00000001)
[    0.003925] ACPI: HPET 0x000000007FFE357A 000038 (v01 BOCHS  BXPC     00000001 BXPC 00000001)
[    0.003926] ACPI: SRAT 0x000000007FFE35B2 000110 (v01 BOCHS  BXPC     00000001 BXPC 00000001)
[    0.003928] ACPI: MCFG 0x000000007FFE36C2 00003C (v01 BOCHS  BXPC     00000001 BXPC 00000001)
[    0.003930] ACPI: CEDT 0x000000007FFE36FE 00006C (v01 BOCHS  BXPC     00000001 BXPC 00000001)
[    0.003932] ACPI: WAET 0x000000007FFE376A 000028 (v01 BOCHS  BXPC     00000001 BXPC 00000001)
[    0.003933] ACPI: Reserving FACP table memory at [mem 0x7ffe33f6-0x7ffe34e9]
[    0.003934] ACPI: Reserving DSDT table memory at [mem 0x7ffe0040-0x7ffe33f5]
[    0.003935] ACPI: Reserving FACS table memory at [mem 0x7ffe0000-0x7ffe003f]
[    0.003935] ACPI: Reserving APIC table memory at [mem 0x7ffe34ea-0x7ffe3579]
[    0.003936] ACPI: Reserving HPET table memory at [mem 0x7ffe357a-0x7ffe35b1]
[    0.003936] ACPI: Reserving SRAT table memory at [mem 0x7ffe35b2-0x7ffe36c1]
[    0.003936] ACPI: Reserving MCFG table memory at [mem 0x7ffe36c2-0x7ffe36fd]
[    0.003937] ACPI: Reserving CEDT table memory at [mem 0x7ffe36fe-0x7ffe3769]
[    0.003937] ACPI: Reserving WAET table memory at [mem 0x7ffe376a-0x7ffe3791]
[    0.003994] ACPI: SRAT: Node 0 PXM 0 [mem 0x00000000-0x0009ffff]
[    0.003995] ACPI: SRAT: Node 0 PXM 0 [mem 0x00100000-0x7fffffff]
[    0.003996] ACPI: SRAT: Node 0 PXM 0 [mem 0x100000000-0x27fffffff]
[    0.003997] ACPI: SRAT: Node 0 PXM 0 [mem 0x280000000-0x67fffffff] hotplug
[    0.004001] NUMA: Node 0 [mem 0x00001000-0x0009ffff] + [mem 0x00100000-0x7fffffff] -> [mem 0x00001000-0x7fffffff]
[    0.004002] NUMA: Node 0 [mem 0x00001000-0x7fffffff] + [mem 0x100000000-0x27fffffff] -> [mem 0x00001000-0x27fffffff]
[    0.004007] NODE_DATA(0) allocated [mem 0x27ffd3500-0x27fffdfff]
[    0.004136] Zone ranges:
[    0.004136]   DMA      [mem 0x0000000000001000-0x0000000000ffffff]
[    0.004138]   DMA32    [mem 0x0000000001000000-0x00000000ffffffff]
[    0.004139]   Normal   [mem 0x0000000100000000-0x000000027fffffff]
[    0.004139]   Device   empty
[    0.004140] Movable zone start for each node
[    0.004141] Early memory node ranges
[    0.004141]   node   0: [mem 0x0000000000001000-0x000000000009efff]
[    0.004142]   node   0: [mem 0x0000000000100000-0x000000007ffdefff]
[    0.004143]   node   0: [mem 0x0000000100000000-0x000000027fffffff]
[    0.004144] Initmem setup node 0 [mem 0x0000000000001000-0x000000027fffffff]
[    0.004151] Initmem setup node 1 as memoryless
[    0.004365] On node 0, zone DMA: 1 pages in unavailable ranges
[    0.004383] On node 0, zone DMA: 97 pages in unavailable ranges
[    0.027627] On node 0, zone Normal: 33 pages in unavailable ranges
[    0.027969] ACPI: PM-Timer IO Port: 0x608
[    0.027983] ACPI: LAPIC_NMI (acpi_id[0xff] dfl dfl lint[0x1])
[    0.028030] IOAPIC[0]: apic_id 0, version 17, address 0xfec00000, GSI 0-23
[    0.028033] ACPI: INT_SRC_OVR (bus 0 bus_irq 0 global_irq 2 dfl dfl)
[    0.028035] ACPI: INT_SRC_OVR (bus 0 bus_irq 5 global_irq 5 high level)
[    0.028035] ACPI: INT_SRC_OVR (bus 0 bus_irq 9 global_irq 9 high level)
[    0.028036] ACPI: INT_SRC_OVR (bus 0 bus_irq 10 global_irq 10 high level)
[    0.028037] ACPI: INT_SRC_OVR (bus 0 bus_irq 11 global_irq 11 high level)
[    0.028040] ACPI: Using ACPI (MADT) for SMP configuration information
[    0.028041] ACPI: HPET id: 0x8086a201 base: 0xfed00000
[    0.028049] CPU topo: Max. logical packages:   1
[    0.028050] CPU topo: Max. logical dies:       1
[    0.028050] CPU topo: Max. dies per package:   1
[    0.028053] CPU topo: Max. threads per core:   1
[    0.028054] CPU topo: Num. cores per package:     4
[    0.028055] CPU topo: Num. threads per package:   4
[    0.028055] CPU topo: Allowing 4 present CPUs plus 0 hotplug CPUs
[    0.028076] kvm-guest: APIC: eoi() replaced with kvm_guest_apic_eoi_write()
[    0.028094] PM: hibernation: Registered nosave memory: [mem 0x00000000-0x00000fff]
[    0.028096] PM: hibernation: Registered nosave memory: [mem 0x0009f000-0x000fffff]
[    0.028097] PM: hibernation: Registered nosave memory: [mem 0x7ffdf000-0xffffffff]
[    0.028099] [mem 0xc0000000-0xfed1bfff] available for PCI devices
[    0.028100] Booting paravirtualized kernel on KVM
[    0.028102] clocksource: refined-jiffies: mask: 0xffffffff max_cycles: 0xffffffff, max_idle_ns: 1910969940391419 ns
[    0.028114] setup_percpu: NR_CPUS:8192 nr_cpumask_bits:4 nr_cpu_ids:4 nr_node_ids:2
[    0.028497] percpu: Embedded 84 pages/cpu s221184 r8192 d114688 u524288
[    0.028530] kvm-guest: PV spinlocks disabled, no host support
[    0.028531] Kernel command line: root=/dev/sda rw console=ttyS0,115200 nokaslr
[    0.028577] Unknown kernel command line parameters "nokaslr", will be passed to user space.
[    0.028581] printk: log buffer data + meta data: 262144 + 917504 = 1179648 bytes
[    0.029950] Dentry cache hash table entries: 1048576 (order: 11, 8388608 bytes, linear)
[    0.030643] Inode-cache hash table entries: 524288 (order: 10, 4194304 bytes, linear)
[    0.030700] software IO TLB: area num 4.
[    0.047351] Fallback order for Node 0: 0 
[    0.047355] Fallback order for Node 1: 0 
[    0.047357] Built 1 zonelists, mobility grouping on.  Total pages: 2097021
[    0.047358] Policy zone: Normal
[    0.047369] mem auto-init: stack:off, heap alloc:on, heap free:off
[    0.079597] SLUB: HWalign=64, Order=0-3, MinObjects=0, CPUs=4, Nodes=2
[    0.079664] Kernel/User page tables isolation: enabled
[    0.094568] ftrace: allocating 59458 entries in 234 pages
[    0.094570] ftrace: allocated 234 pages with 5 groups
[    0.095976] Dynamic Preempt: voluntary
[    0.096390] rcu: Preemptible hierarchical RCU implementation.
[    0.096392] rcu: 	RCU restricting CPUs from NR_CPUS=8192 to nr_cpu_ids=4.
[    0.096393] 	Trampoline variant of Tasks RCU enabled.
[    0.096394] 	Rude variant of Tasks RCU enabled.
[    0.096394] 	Tracing variant of Tasks RCU enabled.
[    0.096395] rcu: RCU calculated value of scheduler-enlistment delay is 100 jiffies.
[    0.096396] rcu: Adjusting geometry for rcu_fanout_leaf=16, nr_cpu_ids=4
[    0.096405] RCU Tasks: Setting shift to 2 and lim to 1 rcu_task_cb_adjust=1 rcu_task_cpu_ids=4.
[    0.096407] RCU Tasks Rude: Setting shift to 2 and lim to 1 rcu_task_cb_adjust=1 rcu_task_cpu_ids=4.
[    0.096409] RCU Tasks Trace: Setting shift to 2 and lim to 1 rcu_task_cb_adjust=1 rcu_task_cpu_ids=4.
[    0.100873] NR_IRQS: 524544, nr_irqs: 456, preallocated irqs: 16
[    0.101109] rcu: srcu_init: Setting srcu_struct sizes based on contention.
[    0.108873] Console: colour VGA+ 80x25
[    0.108925] printk: legacy console [ttyS0] enabled
[    0.187290] ACPI: Core revision 20250404
[    0.187880] clocksource: hpet: mask: 0xffffffff max_cycles: 0xffffffff, max_idle_ns: 19112604467 ns
[    0.188875] APIC: Switch to symmetric I/O mode setup
[    0.189605] x2apic enabled
[    0.190145] APIC: Switched APIC routing to: physical x2apic
[    0.191597] ..TIMER: vector=0x30 apic1=0 pin1=2 apic2=-1 pin2=-1
[    0.192265] clocksource: tsc-early: mask: 0xffffffffffffffff max_cycles: 0x39a85c9bff6, max_idle_ns: 881590591483 ns
[    0.193251] Calibrating delay loop (skipped) preset value.. 4000.00 BogoMIPS (lpj=2000000)
[    0.194411] Last level iTLB entries: 4KB 0, 2MB 0, 4MB 0
[    0.194895] Last level dTLB entries: 4KB 0, 2MB 0, 4MB 0, 1GB 0
[    0.195250] mitigations: Enabled attack vectors: user_kernel, user_user, guest_host, guest_guest, SMT mitigations: auto
[    0.196247] Speculative Store Bypass: Vulnerable
[    0.196673] Spectre V2 : Mitigation: Retpolines
[    0.197246] ITS: Mitigation: Aligned branch/return thunks
[    0.197733] MDS: Vulnerable: Clear CPU buffers attempted, no microcode
[    0.198246] Spectre V1 : Mitigation: usercopy/swapgs barriers and __user pointer sanitization
[    0.199246] Spectre V2 : Spectre v2 / SpectreRSB: Filling RSB on context switch and VMEXIT
[    0.200248] active return thunk: its_return_thunk
[    0.200697] x86/fpu: Supporting XSAVE feature 0x001: 'x87 floating point registers'
[    0.201246] x86/fpu: Supporting XSAVE feature 0x002: 'SSE registers'
[    0.201834] x86/fpu: Supporting XSAVE feature 0x004: 'AVX registers'
[    0.202247] x86/fpu: xstate_offset[2]:  576, xstate_sizes[2]:  256
[    0.203246] x86/fpu: Enabled xstate features 0x7, context size is 832 bytes, using 'standard' format.
[    0.229415] Freeing SMP alternatives memory: 56K
[    0.229890] pid_max: default: 32768 minimum: 301
[    0.230509] LSM: initializing lsm=lockdown,capability,landlock,yama,apparmor,ima,evm
[    0.231407] landlock: Up and running.
[    0.231750] Yama: becoming mindful.
[    0.232370] AppArmor: AppArmor initialized
[    0.232958] Mount-cache hash table entries: 16384 (order: 5, 131072 bytes, linear)
[    0.233263] Mountpoint-cache hash table entries: 16384 (order: 5, 131072 bytes, linear)
[    0.337752] smpboot: CPU0: Intel QEMU Virtual CPU version 2.5+ (family: 0xf, model: 0x6b, stepping: 0x1)
[    0.338379] Performance Events: unsupported Netburst CPU model 107 no PMU driver, software events only.
[    0.339264] signal: max sigframe size: 1776
[    0.339676] rcu: Hierarchical SRCU implementation.
[    0.340150] rcu: 	Max phase no-delay instances is 400.
[    0.340286] Timer migration: 2 hierarchy levels; 8 children per group; 1 crossnode level
[    0.345442] NMI watchdog: Perf NMI watchdog permanently disabled
[    0.346105] smp: Bringing up secondary CPUs ...
[    0.346354] smpboot: x86: Booting SMP configuration:
[    0.346853] .... node  #0, CPUs:      #1 #2 #3
[    0.353349] smp: Brought up 1 node, 4 CPUs
[    0.354248] smpboot: Total of 4 processors activated (16000.00 BogoMIPS)
[    0.355317] Memory: 8117196K/8388084K available (22800K kernel code, 4866K rwdata, 9108K rodata, 5088K init, 6220K bss, 263264K reserved, 0K cma-reserved)
[    0.357593] devtmpfs: initialized
[    0.358261] x86/mm: Memory block size: 128MB
[    0.359372] clocksource: jiffies: mask: 0xffffffff max_cycles: 0xffffffff, max_idle_ns: 1911260446275000 ns
[    0.360556] posixtimers hash table entries: 2048 (order: 3, 32768 bytes, linear)
[    0.361254] futex hash table entries: 512 (32768 bytes on 2 NUMA nodes, total 64 KiB, linear).
[    0.362572] pinctrl core: initialized pinctrl subsystem
[    0.363389] PM: RTC time: 05:35:59, date: 2026-08-07
[    0.365589] NET: Registered PF_NETLINK/PF_ROUTE protocol family
[    0.366640] DMA: preallocated 1024 KiB GFP_KERNEL pool for atomic allocations
[    0.367383] DMA: preallocated 1024 KiB GFP_KERNEL|GFP_DMA pool for atomic allocations
[    0.368378] DMA: preallocated 1024 KiB GFP_KERNEL|GFP_DMA32 pool for atomic allocations
[    0.369178] audit: initializing netlink subsys (disabled)
[    0.369419] audit: type=2000 audit(1786080959.937:1): state=initialized audit_enabled=0 res=1
[    0.369419] thermal_sys: Registered thermal governor 'fair_share'
[    0.370254] thermal_sys: Registered thermal governor 'bang_bang'
[    0.371246] thermal_sys: Registered thermal governor 'step_wise'
[    0.372246] thermal_sys: Registered thermal governor 'user_space'
[    0.372845] thermal_sys: Registered thermal governor 'power_allocator'
[    0.373263] cpuidle: using governor ladder
[    0.374256] cpuidle: using governor menu
[    0.374779] acpiphp: ACPI Hot Plug PCI Controller Driver version: 0.5
[    0.375476] PCI: ECAM [mem 0xb0000000-0xbfffffff] (base 0xb0000000) for domain 0000 [bus 00-ff]
[    0.376248] PCI: ECAM [mem 0xb0000000-0xbfffffff] reserved as E820 entry
[    0.377255] PCI: Using configuration type 1 for base access
[    0.377857] kprobes: kprobe jump-optimization is enabled. All kprobes are optimized if possible.
[    0.380342] HugeTLB: allocation took 0ms with hugepage_allocation_threads=1
[    0.381285] HugeTLB: registered 2.00 MiB page size, pre-allocated 0 pages
[    0.381285] HugeTLB: 28 KiB vmemmap can be freed for a 2.00 MiB page
[    0.384971] ACPI: Added _OSI(Module Device)
[    0.386251] ACPI: Added _OSI(Processor Device)
[    0.387248] ACPI: Added _OSI(Processor Aggregator Device)
[    0.391201] ACPI: 1 ACPI AML tables successfully acquired and loaded
[    0.405164] ACPI: Interpreter enabled
[    0.405164] ACPI: PM: (supports S0 S3 S4 S5)
[    0.406254] ACPI: Using IOAPIC for interrupt routing
[    0.406275] PCI: Using host bridge windows from ACPI; if necessary, use "pci=nocrs" and report a bug
[    0.407161] PCI: Using E820 reservations for host bridge windows
[    0.408345] ACPI: Enabled 3 GPEs in block 00 to 3F
[    0.411295] ACPI: PCI Root Bridge [PCI0] (domain 0000 [bus 00-0b])
[    0.411878] acpi PNP0A08:00: _OSC: OS supports [ExtendedConfig ASPM ClockPM Segments MSI EDR HPX-Type3]
[    0.413279] acpi PNP0A08:00: _OSC: platform does not support [PCIeHotplug LTR DPC]
[    0.414291] acpi PNP0A08:00: _OSC: OS now controls [SHPCHotplug PME AER PCIeCapability]
[    0.414397] PCI host bridge to bus 0000:00
[    0.414776] pci_bus 0000:00: Unknown NUMA node; performance will be reduced
[    0.416248] pci_bus 0000:00: root bus resource [io  0x0000-0x0cf7 window]
[    0.416248] pci_bus 0000:00: root bus resource [io  0x0d00-0xffff window]
[    0.416866] pci_bus 0000:00: root bus resource [mem 0x000a0000-0x000bffff window]
[    0.418246] pci_bus 0000:00: root bus resource [mem 0x80000000-0xafffffff window]
[    0.418246] pci_bus 0000:00: root bus resource [mem 0xc0000000-0xfe7fffff window]
[    0.418980] pci_bus 0000:00: root bus resource [mem 0x7c0010000-0x7ffffffff window]
[    0.420246] pci_bus 0000:00: root bus resource [mem 0x800200000-0x103fffffff window]
[    0.421249] pci_bus 0000:00: root bus resource [bus 00-0b]
[    0.421852] pci 0000:00:00.0: [8086:29c0] type 00 class 0x060000 conventional PCI endpoint
[    0.422416] pci 0000:00:01.0: [1234:1111] type 00 class 0x030000 conventional PCI endpoint
[    0.424857] pci 0000:00:01.0: BAR 0 [mem 0xfd000000-0xfdffffff pref]
[    0.425262] pci 0000:00:01.0: BAR 2 [mem 0xfea50000-0xfea50fff]
[    0.425912] pci 0000:00:01.0: ROM [mem 0xfea40000-0xfea4ffff pref]
[    0.427301] pci 0000:00:01.0: Video device with shadowed ROM at [mem 0x000c0000-0x000dffff]
[    0.428506] pci 0000:00:02.0: [1af4:1000] type 00 class 0x020000 conventional PCI endpoint
[    0.430259] pci 0000:00:02.0: BAR 0 [io  0xc080-0xc09f]
[    0.430772] pci 0000:00:02.0: BAR 1 [mem 0xfea51000-0xfea51fff]
[    0.431270] pci 0000:00:02.0: BAR 4 [mem 0x800200000-0x800203fff 64bit pref]
[    0.432252] pci 0000:00:02.0: ROM [mem 0xfea00000-0xfea3ffff pref]
[    0.433430] pci 0000:00:03.0: [1af4:1009] type 00 class 0x000200 conventional PCI endpoint
[    0.436257] pci 0000:00:03.0: BAR 0 [io  0xc000-0xc03f]
[    0.436817] pci 0000:00:03.0: BAR 1 [mem 0xfea52000-0xfea52fff]
[    0.438271] pci 0000:00:03.0: BAR 4 [mem 0x800204000-0x800207fff 64bit pref]
[    0.438743] pci 0000:00:04.0: [1b36:000b] type 00 class 0x060000 conventional PCI endpoint
[    0.447376] pci 0000:00:1f.0: [8086:2918] type 00 class 0x060100 conventional PCI endpoint
[    0.448462] pci 0000:00:1f.0: quirk: [io  0x0600-0x067f] claimed by ICH6 ACPI/GPIO/TCO
[    0.449406] pci 0000:00:1f.2: [8086:2922] type 00 class 0x010601 conventional PCI endpoint
[    0.450926] pci 0000:00:1f.2: BAR 4 [io  0xc0a0-0xc0bf]
[    0.451255] pci 0000:00:1f.2: BAR 5 [mem 0xfea53000-0xfea53fff]
[    0.452399] pci 0000:00:1f.3: [8086:2930] type 00 class 0x0c0500 conventional PCI endpoint
[    0.453785] pci 0000:00:1f.3: BAR 4 [io  0x0700-0x073f]
[    0.454586] ACPI: PCI: Interrupt link LNKA configured for IRQ 10
[    0.455304] ACPI: PCI: Interrupt link LNKB configured for IRQ 10
[    0.455910] ACPI: PCI: Interrupt link LNKC configured for IRQ 11
[    0.457346] ACPI: PCI: Interrupt link LNKD configured for IRQ 11
[    0.458296] ACPI: PCI: Interrupt link LNKE configured for IRQ 10
[    0.458298] ACPI: PCI: Interrupt link LNKF configured for IRQ 10
[    0.458900] ACPI: PCI: Interrupt link LNKG configured for IRQ 11
[    0.460296] ACPI: PCI: Interrupt link LNKH configured for IRQ 11
[    0.460915] ACPI: PCI: Interrupt link GSIA configured for IRQ 16
[    0.461252] ACPI: PCI: Interrupt link GSIB configured for IRQ 17
[    0.461252] ACPI: PCI: Interrupt link GSIC configured for IRQ 18
[    0.461809] ACPI: PCI: Interrupt link GSID configured for IRQ 19
[    0.462251] ACPI: PCI: Interrupt link GSIE configured for IRQ 20
[    0.462854] ACPI: PCI: Interrupt link GSIF configured for IRQ 21
[    0.464251] ACPI: PCI: Interrupt link GSIG configured for IRQ 22
[    0.464251] ACPI: PCI: Interrupt link GSIH configured for IRQ 23
[    0.465306] ACPI: PCI Root Bridge [CL0C] (domain 0000 [bus 0c-0d])
[    0.465880] acpi ACPI0016:00: _OSC: OS supports [ExtendedConfig ASPM ClockPM Segments MSI EDR HPX-Type3]
[    0.467247] acpi ACPI0016:00: _OSC: OS supports [CXL11PortRegAccess CXL20PortDevRegAccess CXLProtocolErrorReporting CXLNativeHot]
[    0.468308] acpi ACPI0016:00: _OSC: platform does not support [LTR DPC]
[    0.469321] acpi ACPI0016:00: _OSC: OS now controls [PCIeHotplug SHPCHotplug PME AER PCIeCapability]
[    0.470247] acpi ACPI0016:00: _OSC: OS now controls [CXLMemErrorReporting]
[    0.470567] PCI host bridge to bus 0000:0c
[    0.471249] pci_bus 0000:0c: Unknown NUMA node; performance will be reduced
[    0.471890] pci_bus 0000:0c: root bus resource [mem 0xfe800000-0xfe9fffff window]
[    0.473247] pci_bus 0000:0c: root bus resource [mem 0x7c0000000-0x7c000ffff window]
[    0.473247] pci_bus 0000:0c: root bus resource [mem 0x800000000-0x8001fffff window]
[    0.474000] pci_bus 0000:0c: root bus resource [bus 0c-0d]
[    0.475386] pci 0000:0c:00.0: [8086:7075] type 01 class 0x060400 PCIe Root Port
[    0.477818] pci 0000:0c:00.0: BAR 0 [mem 0x7c0000000-0x7c000ffff 64bit]
[    0.478261] pci 0000:0c:00.0: PCI bridge to [bus 0d]
[    0.478276] pci 0000:0c:00.0:   bridge window [mem 0xfe800000-0xfe9fffff]
[    0.479271] pci 0000:0c:00.0:   bridge window [mem 0x800000000-0x8001fffff 64bit pref]
[    0.480270] pci 0000:0c:00.0: enabling Extended Tags
[    0.490178] pci 0000:0d:00.0: [8086:0d93] type 00 class 0x050210 PCIe Endpoint
[    0.492249] pci 0000:0d:00.0: BAR 0 [mem 0xfe800000-0xfe80ffff 64bit]
[    0.492868] pci 0000:0d:00.0: BAR 2 [mem 0xfe810000-0xfe810fff 64bit]
[    0.493253] pci 0000:0d:00.0: BAR 4 [mem 0xfe811000-0xfe811fff]
[    0.493870] pci 0000:0d:00.0: enabling Extended Tags
[    0.506610] pci 0000:0c:00.0: PCI bridge to [bus 0d]
[    0.508311] iommu: Default domain type: Translated
[    0.508311] iommu: DMA domain TLB invalidation policy: lazy mode
[    0.509662]  pci0000:0c: host supports CXL
[    0.510247] SCSI subsystem initialized
[    0.511331] ACPI: bus type USB registered
[    0.511331] usbcore: registered new interface driver usbfs
[    0.511777] usbcore: registered new interface driver hub
[    0.512252] usbcore: registered new device driver usb
[    0.513017] pps_core: LinuxPPS API ver. 1 registered
[    0.514248] pps_core: Software ver. 5.3.6 - Copyright 2005-2007 Rodolfo Giometti <giometti@linux.it>
[    0.515248] PTP clock support registered
[    0.515653] EDAC MC: Ver: 3.0.0
[    0.516499] NetLabel: Initializing
[    0.516499] NetLabel:  domain hash size = 128
[    0.516660] NetLabel:  protocols = UNLABELED CIPSOv4 CALIPSO
[    0.517257] NetLabel:  unlabeled traffic allowed by default
[    0.518262] mctp: management component transport protocol core
[    0.518788] NET: Registered PF_MCTP protocol family
[    0.519256] PCI: Using ACPI for IRQ routing
[    0.632390] pci 0000:00:01.0: BAR 2 [mem 0xfea50000-0xfea50fff]: can't claim; no compatible bridge window
[    0.633265] pci 0000:00:02.0: BAR 1 [mem 0xfea51000-0xfea51fff]: can't claim; no compatible bridge window
[    0.634253] pci 0000:00:03.0: BAR 1 [mem 0xfea52000-0xfea52fff]: can't claim; no compatible bridge window
[    0.635173] pci 0000:00:1f.2: BAR 5 [mem 0xfea53000-0xfea53fff]: can't claim; no compatible bridge window
[    0.636372] pci 0000:00:01.0: vgaarb: setting as boot VGA device
[    0.636824] pci 0000:00:01.0: vgaarb: bridge control possible
[    0.637245] pci 0000:00:01.0: vgaarb: VGA device added: decodes=io+mem,owns=io+mem,locks=none
[    0.638248] vgaarb: loaded
[    0.639299] hpet: 3 channels of 0 reserved for per-cpu timers
[    0.639299] hpet0: at MMIO 0xfed00000, IRQs 2, 8, 0
[    0.639724] hpet0: 3 comparators, 64-bit 100.000000 MHz counter
[    0.646247] clocksource: Switched to clocksource kvm-clock
[    0.648858] VFS: Disk quotas dquot_6.6.0
[    0.649258] VFS: Dquot-cache hash table entries: 512 (order 0, 4096 bytes)
[    0.650162] netfs: FS-Cache loaded
[    0.650924] AppArmor: AppArmor Filesystem Enabled
[    0.651437] pnp: PnP ACPI init
[    0.651924] system 00:05: [mem 0xb0000000-0xbfffffff window] has been reserved
[    0.652998] pnp: PnP ACPI: found 6 devices
[    0.662083] clocksource: acpi_pm: mask: 0xffffff max_cycles: 0xffffff, max_idle_ns: 2085701024 ns
[    0.663075] NET: Registered PF_INET protocol family
[    0.663660] IP idents hash table entries: 131072 (order: 8, 1048576 bytes, linear)
[    0.665491] tcp_listen_portaddr_hash hash table entries: 4096 (order: 4, 65536 bytes, linear)
[    0.666331] Table-perturb hash table entries: 65536 (order: 6, 262144 bytes, linear)
[    0.667420] TCP established hash table entries: 65536 (order: 7, 524288 bytes, linear)
[    0.668664] TCP bind hash table entries: 65536 (order: 9, 2097152 bytes, linear)
[    0.669552] TCP: Hash tables configured (established 65536 bind 65536)
[    0.670332] MPTCP token hash table entries: 8192 (order: 5, 196608 bytes, linear)
[    0.671095] UDP hash table entries: 4096 (order: 6, 262144 bytes, linear)
[    0.671852] UDP-Lite hash table entries: 4096 (order: 6, 262144 bytes, linear)
[    0.672614] NET: Registered PF_UNIX/PF_LOCAL protocol family
[    0.673196] NET: Registered PF_XDP protocol family
[    0.673644] pci 0000:00:02.0: ROM [mem 0xfea00000-0xfea3ffff pref]: can't claim; no compatible bridge window
[    0.674609] pci 0000:00:02.0: ROM [mem 0x80000000-0x8003ffff pref]: assigned
[    0.675307] pci 0000:00:01.0: BAR 2 [mem 0x80040000-0x80040fff]: assigned
[    0.676474] pci 0000:00:02.0: BAR 1 [mem 0x80041000-0x80041fff]: assigned
[    0.677547] pci 0000:00:03.0: BAR 1 [mem 0x80042000-0x80042fff]: assigned
[    0.678618] pci 0000:00:1f.2: BAR 5 [mem 0x80043000-0x80043fff]: assigned
[    0.679640] pci_bus 0000:00: resource 4 [io  0x0000-0x0cf7 window]
[    0.680270] pci_bus 0000:00: resource 5 [io  0x0d00-0xffff window]
[    0.680888] pci_bus 0000:00: resource 6 [mem 0x000a0000-0x000bffff window]
[    0.681521] pci_bus 0000:00: resource 7 [mem 0x80000000-0xafffffff window]
[    0.682205] pci_bus 0000:00: resource 8 [mem 0xc0000000-0xfe7fffff window]
[    0.682898] pci_bus 0000:00: resource 9 [mem 0x7c0010000-0x7ffffffff window]
[    0.683543] pci_bus 0000:00: resource 10 [mem 0x800200000-0x103fffffff window]
[    0.684274] pci 0000:0c:00.0: bridge window [io  0x1000-0x0fff] to [bus 0d] add_size 1000
[    0.685070] pci 0000:0c:00.0: bridge window [io  size 0x1000]: can't assign; no space
[    0.685838] pci 0000:0c:00.0: bridge window [io  size 0x1000]: failed to assign
[    0.686516] pci 0000:0c:00.0: bridge window [io  size 0x1000]: can't assign; no space
[    0.687891] pci 0000:0c:00.0: bridge window [io  size 0x1000]: failed to assign
[    0.688559] pci 0000:0c:00.0: PCI bridge to [bus 0d]
[    0.689465] pci 0000:0c:00.0:   bridge window [mem 0xfe800000-0xfe9fffff]
[    0.690400] pci 0000:0c:00.0:   bridge window [mem 0x800000000-0x8001fffff 64bit pref]
[    0.691850] pci_bus 0000:0c: Some PCI device resources are unassigned, try booting with pci=realloc
[    0.692766] pci_bus 0000:0c: resource 4 [mem 0xfe800000-0xfe9fffff window]
[    0.693397] pci_bus 0000:0c: resource 5 [mem 0x7c0000000-0x7c000ffff window]
[    0.694093] pci_bus 0000:0c: resource 6 [mem 0x800000000-0x8001fffff window]
[    0.694773] pci_bus 0000:0d: resource 1 [mem 0xfe800000-0xfe9fffff]
[    0.695350] pci_bus 0000:0d: resource 2 [mem 0x800000000-0x8001fffff 64bit pref]
[    0.696144] PCI: CLS 0 bytes, default 64
[    0.696551] PCI-DMA: Using software bounce buffering for IO (SWIOTLB)
[    0.697182] software IO TLB: mapped [mem 0x000000007bfdf000-0x000000007ffdf000] (64MB)
[    0.698649] clocksource: tsc: mask: 0xffffffffffffffff max_cycles: 0x39a85c9bff6, max_idle_ns: 881590591483 ns
[    0.700324] Initialise system trusted keyrings
[    0.700793] Key type blacklist registered
[    0.701558] workingset: timestamp_bits=36 max_order=21 bucket_order=0
[    0.703588] squashfs: version 4.0 (2009/01/31) Phillip Lougher
[    0.705347] fuse: init (API version 7.44)
[    0.706059] 9p: Installing v9fs 9p2000 file system support
[    0.707006] integrity: Platform Keyring initialized
[    0.707465] integrity: Machine keyring initialized
[    0.714271] Key type asymmetric registered
[    0.714686] Asymmetric key parser 'x509' registered
[    0.715257] Block layer SCSI generic (bsg) driver version 0.4 loaded (major 242)
[    0.716594] io scheduler mq-deadline registered
[    0.718664] ledtrig-cpu: registered to indicate activity on CPUs
[    0.719769] ACPI: \_SB_.LNKD: Enabled at IRQ 11
[    0.721372] pcieport 0000:0c:00.0: PME: Signaling with IRQ 24
[    0.722685] pcieport 0000:0c:00.0: AER: enabled with IRQ 24
[    0.723251] pcieport 0000:0c:00.0: pciehp: Slot #0 AttnBtn+ PwrCtrl+ MRL- AttnInd+ PwrInd+ HotPlug+ Surprise+ Interlock+ NoCompl- IbPresDis- LLActRep+ (with Cmd Compl erratum)
[    0.725996] input: Power Button as /devices/LNXSYSTM:00/LNXPWRBN:00/input/input0
[    0.727054] ACPI: button: Power Button [PWRF]
[    0.729410] ACPI: \_SB_.GSIG: Enabled at IRQ 22
[    0.730973] ACPI: \_SB_.GSIH: Enabled at IRQ 23
[    0.732631] Serial: 8250/16550 driver, 32 ports, IRQ sharing enabled
[    0.755803] 00:03: ttyS0 at I/O 0x3f8 (irq = 4, base_baud = 115200) is a 16550A
[    0.759819] Linux agpgart interface v0.103
[    0.760299] ACPI: bus type drm_connector registered
[    0.763669] loop: module loaded
[    0.764335] Key type psk registered
[    0.767819] ACPI: \_SB_.GSIA: Enabled at IRQ 16
[    0.769122] ahci 0000:00:1f.2: AHCI vers 0001.0000, 32 command slots, 1.5 Gbps, SATA mode
[    0.770111] ahci 0000:00:1f.2: 6/6 ports implemented (port mask 0x3f)
[    0.770826] ahci 0000:00:1f.2: flags: 64bit ncq only 
[    0.771400] cxl_nvdimm pmem0: GPF: could not set dirty shutdown state
[    0.773397] scsi host0: ahci
[    0.774406] scsi host1: ahci
[    0.775236] scsi host2: ahci
[    0.776142] scsi host3: ahci
[    0.776697] scsi host4: ahci
[    0.777206] scsi host5: ahci
[    0.777520] ata1: SATA max UDMA/133 abar m4096@0x80043000 port 0x80043100 irq 33 lpm-pol 0
[    0.778330] ata2: SATA max UDMA/133 abar m4096@0x80043000 port 0x80043180 irq 33 lpm-pol 0
[    0.779189] ata3: SATA max UDMA/133 abar m4096@0x80043000 port 0x80043200 irq 33 lpm-pol 0
[    0.779978] ata4: SATA max UDMA/133 abar m4096@0x80043000 port 0x80043280 irq 33 lpm-pol 0
[    0.780823] ata5: SATA max UDMA/133 abar m4096@0x80043000 port 0x80043300 irq 33 lpm-pol 0
[    0.781588] ata6: SATA max UDMA/133 abar m4096@0x80043000 port 0x80043380 irq 33 lpm-pol 0
[    0.782545] tun: Universal TUN/TAP device driver, 1.6
[    0.784973] e1000: Intel(R) PRO/1000 Network Driver
[    0.785799] e1000: Copyright (c) 1999-2006 Intel Corporation.
[    0.786350] e1000e: Intel(R) PRO/1000 Network Driver
[    0.786867] e1000e: Copyright(c) 1999 - 2015 Intel Corporation.
[    0.787423] PPP generic driver version 2.4.2
[    0.788176] i8042: PNP: PS/2 Controller [PNP0303:KBD,PNP0f13:MOU] at 0x60,0x64 irq 1,12
[    0.789781] serio: i8042 KBD port at 0x60,0x64 irq 1
[    0.790249] serio: i8042 AUX port at 0x60,0x64 irq 12
[    0.791120] mousedev: PS/2 mouse device common for all mice
[    0.791763] rtc_cmos 00:04: RTC can wake from S4
[    0.792921] input: AT Translated Set 2 keyboard as /devices/platform/i8042/serio0/input/input1
[    0.793038] rtc_cmos 00:04: registered as rtc0
[    0.794695] rtc_cmos 00:04: setting system clock to 2026-08-07T05:36:00 UTC (1786080960)
[    0.796833] rtc_cmos 00:04: alarms up to one day, y3k, 242 bytes nvram, hpet irqs
[    0.798389] i2c_dev: i2c /dev entries driver
[    0.799420] device-mapper: core: CONFIG_IMA_DISABLE_HTABLE is disabled. Duplicate IMA measurements will not be recorded in the IMA log.
[    0.801074] device-mapper: uevent: version 1.0.3
[    0.801626] device-mapper: ioctl: 4.50.0-ioctl (2025-04-28) initialised: dm-devel@lists.linux.dev
[    0.802478] intel_pstate: CPU model not supported
[    0.803046] drop_monitor: Initializing network drop monitor service
[    0.804269] NET: Registered PF_INET6 protocol family
[    0.805663] Segment Routing with IPv6
[    0.806026] In-situ OAM (IOAM) with IPv6
[    0.806413] NET: Registered PF_PACKET protocol family
[    0.807043] 9pnet: Installing 9P2000 support
[    0.808290] Key type dns_resolver registered
[    0.809680] IPI shorthand broadcast: enabled
[    0.811646] sched_clock: Marking stable (722022183, 89125648)->(814370346, -3222515)
[    0.812576] registered taskstats version 1
[    0.813827] Loading compiled-in X.509 certificates
[    0.815917] Loaded X.509 cert 'Build time autogenerated kernel key: d04e987abe4214284e46b7b27904783efe65024e'
[    0.824968] Demotion targets for Node 0: null
[    0.826239] Key type .fscrypt registered
[    0.827025] Key type fscrypt-provisioning registered
[    0.829067] Key type encrypted registered
[    0.829837] AppArmor: AppArmor sha256 policy hashing enabled
[    0.830888] ima: No TPM chip found, activating TPM-bypass!
[    0.831914] Loading compiled-in module X.509 certificates
[    0.833415] Loaded X.509 cert 'Build time autogenerated kernel key: d04e987abe4214284e46b7b27904783efe65024e'
[    0.835182] ima: Allocated hash algorithm: sha256
[    0.835759] ima: No architecture policies found
[    0.836264] evm: Initialising EVM extended attributes:
[    0.836882] evm: security.selinux
[    0.837246] evm: security.SMACK64
[    0.837612] evm: security.SMACK64EXEC
[    0.838121] evm: security.SMACK64TRANSMUTE
[    0.838568] evm: security.SMACK64MMAP
[    0.839029] evm: security.apparmor
[    0.839405] evm: security.ima
[    0.839734] evm: security.capability
[    0.840183] evm: HMAC attrs: 0x1
[    0.840850] PM:   Magic number: 6:96:567
[    0.841533] RAS: Correctable Errors collector initialized.
[    0.842247] clk: Disabling unused clocks
[    0.842759] PM: genpd: Disabling unused power domains
[    1.091865] ata1: SATA link up 1.5 Gbps (SStatus 113 SControl 300)
[    1.094434] ata5: SATA link down (SStatus 0 SControl 300)
[    1.095411] ata1.00: ATA-7: QEMU HARDDISK, 2.5+, max UDMA/100
[    1.097381] ata1.00: 104857600 sectors, multi 16: LBA48 NCQ (depth 32)
[    1.099105] ata1.00: applying bridge limits
[    1.100425] ata6: SATA link down (SStatus 0 SControl 300)
[    1.103897] ata4: SATA link down (SStatus 0 SControl 300)
[    1.104846] ata3: SATA link up 1.5 Gbps (SStatus 113 SControl 300)
[    1.106932] ata2: SATA link down (SStatus 0 SControl 300)
[    1.109465] ata3.00: ATAPI: QEMU DVD-ROM, 2.5+, max UDMA/100
[    1.109906] ata3.00: applying bridge limits
[    1.110254] ata3.00: configured for UDMA/100
[    1.110728] ata1.00: configured for UDMA/100
[    1.111926] scsi 0:0:0:0: Direct-Access     ATA      QEMU HARDDISK    2.5+ PQ: 0 ANSI: 5
[    1.113519] scsi 0:0:0:0: Attached scsi generic sg0 type 0
[    1.113743] sd 0:0:0:0: [sda] 104857600 512-byte logical blocks: (53.7 GB/50.0 GiB)
[    1.115057] sd 0:0:0:0: [sda] Write Protect is off
[    1.115119] scsi 2:0:0:0: CD-ROM            QEMU     QEMU DVD-ROM     2.5+ PQ: 0 ANSI: 5
[    1.115429] sd 0:0:0:0: [sda] Write cache: enabled, read cache: enabled, doesn't support DPO or FUA
[    1.116898] sd 0:0:0:0: [sda] Preferred minimum I/O size 512 bytes
[    1.128376] sd 0:0:0:0: [sda] Attached SCSI disk
[    1.131844] sr 2:0:0:0: [sr0] scsi3-mmc drive: 4x/4x cd/rw xa/form2 tray
[    1.132309] cdrom: Uniform CD-ROM driver Revision: 3.20
[    1.140924] sr 2:0:0:0: Attached scsi generic sg1 type 5
[    1.142103] md: Waiting for all devices to be available before autodetect
[    1.142541] md: If you don't use raid, use raid=noautodetect
[    1.144263] md: Autodetecting RAID arrays.
[    1.144532] md: autorun ...
[    1.144735] md: ... autorun DONE.
[    1.204826] EXT4-fs (sda): recovery complete
[    1.206453] EXT4-fs (sda): mounted filesystem 412a31d6-761b-4b59-b4f9-53f8a4b8ad2f r/w with ordered data mode. Quota mode: none.
[    1.207214] VFS: Mounted root (ext4 filesystem) on device 8:0.
[    1.208354] devtmpfs: mounted
[    1.210148] Freeing unused decrypted memory: 2028K
[    1.211867] Freeing unused kernel image (initmem) memory: 5088K
[    1.212518] Write protecting the kernel read-only data: 34816k
[    1.214490] Freeing unused kernel image (text/rodata gap) memory: 1772K
[    1.215548] Freeing unused kernel image (rodata/data gap) memory: 1132K
[    1.255339] x86/mm: Checked W+X mappings: passed, no W+X pages found.
[    1.256074] x86/mm: Checking user space page tables
[    1.293989] x86/mm: Checked W+X mappings: passed, no W+X pages found.
[    1.294408] Run /sbin/init as init process
[    1.392691] systemd[1]: Inserted module 'autofs4'
[!p]104[?7h[    1.422769] systemd[1]: systemd 257.7-1 running in system mode (+PAM +AUDIT +SELINUX +APPARMOR +IMA +IPE +SMACK +SECCOMP +GCRYPT -GNUTLS +OPENSSL +ACL +BLKID +CURL +ELFUTILS +FIDO2 +IDN2 -IDN +IPTC +KMOD +LIBCRYPTSETUP +LIBCRYPTSETUP_PLUGINS +LIBFDISK +PCRE2 +PWQUALITY +P11KIT +QRENCODE +TPM2 +BZIP2 +LZ4 +XZ +ZLIB +ZSTD +BPF_FRAMEWORK +BTF -XKBCOMMON -UTMP +SYSVINIT +LIBARCHIVE)
[    1.424921] systemd[1]: Detected virtualization kvm.
[    1.425259] systemd[1]: Detected architecture x86-64.

[0;1;39mWelcome to [0m[1mDebian GNU/Linux 13 (trixie)[0m[0;1;39m![0m

[    1.429008] systemd[1]: Hostname set to <node1>.
[    1.484021] systemd[1]: bpf-restrict-fs: BPF LSM hook not enabled in the kernel, BPF LSM not supported.
[    1.526264] Guest personality initialized and is inactive
[    1.526815] VMCI host device registered (name=vmci, major=10, minor=262)
[    1.527244] Initialized host personality
[    1.535386] NET: Registered PF_VSOCK protocol family
[    1.710181] systemd[1]: Queued start job for default target graphical.target.
[    1.736927] systemd[1]: Created slice system-getty.slice - Slice /system/getty.
[[0;32m  OK  [0m] Created slice [0;1;39msystem-getty.slice[0m - Slice /system/getty.
[    1.740390] systemd[1]: Created slice system-modprobe.slice - Slice /system/modprobe.
[[0;32m  OK  [0m] Created slice [0;1;39msystem-modprobe.slice[0m - Slice /system/modprobe.
[    1.743919] systemd[1]: Created slice system-serial\x2dgetty.slice - Slice /system/serial-getty.
[[0;32m  OK  [0m] Created slice [0;1;39msystem-serial\x2dget…slice[0m - Slice /system/serial-getty.
[    1.747682] systemd[1]: Created slice user.slice - User and Session Slice.
[[0;32m  OK  [0m] Created slice [0;1;39muser.slice[0m - User and Session Slice.
[    1.750254] systemd[1]: Started systemd-ask-password-console.path - Dispatch Password Requests to Console Directory Watch.
[[0;32m  OK  [0m] Started [0;1;39msystemd-ask-password-conso…[0mequests to Console Directory Watch.
[    1.752368] systemd[1]: Started systemd-ask-password-wall.path - Forward Password Requests to Wall Directory Watch.
[[0;32m  OK  [0m] Started [0;1;39msystemd-ask-password-wall.…[0md Requests to Wall Directory Watch.
[    1.754393] systemd[1]: Set up automount proc-sys-fs-binfmt_misc.automount - Arbitrary Executable File Formats File System Automount Point.
[[0;32m  OK  [0m] Set up automount [0;1;39mproc-sys-fs-binfm…[0mormats File System Automount Point.
[    1.756331] systemd[1]: Expecting device dev-ttyS0.device - /dev/ttyS0...
         Expecting device [0;1;39mdev-ttyS0.device[0m - /dev/ttyS0...
[    1.757541] systemd[1]: Reached target paths.target - Path Units.
[[0;32m  OK  [0m] Reached target [0;1;39mpaths.target[0m - Path Units.
[    1.758828] systemd[1]: Reached target slices.target - Slice Units.
[[0;32m  OK  [0m] Reached target [0;1;39mslices.target[0m - Slice Units.
[    1.760007] systemd[1]: Reached target swap.target - Swaps.
[[0;32m  OK  [0m] Reached target [0;1;39mswap.target[0m - Swaps.
[    1.785494] systemd[1]: Listening on rpcbind.socket - RPCbind Server Activation Socket.
[[0;32m  OK  [0m] Listening on [0;1;39mrpcbind.socket[0m - RPCbind Server Activation Socket.
[    1.787838] systemd[1]: Listening on systemd-creds.socket - Credential Encryption/Decryption.
[[0;32m  OK  [0m] Listening on [0;1;39msystemd-creds.socket[0m - Credential Encryption/Decryption.
[    1.789219] systemd[1]: Listening on systemd-initctl.socket - initctl Compatibility Named Pipe.
[[0;32m  OK  [0m] Listening on [0;1;39msystemd-initctl.socke…[0m- initctl Compatibility Named Pipe.
[    1.790583] systemd[1]: Listening on systemd-journald-dev-log.socket - Journal Socket (/dev/log).
[[0;32m  OK  [0m] Listening on [0;1;39msystemd-journald-dev-…socket[0m - Journal Socket (/dev/log).
[    1.791979] systemd[1]: Listening on systemd-journald.socket - Journal Sockets.
[[0;32m  OK  [0m] Listening on [0;1;39msystemd-journald.socket[0m - Journal Sockets.
[    1.793218] systemd[1]: Listening on systemd-networkd.socket - Network Service Netlink Socket.
[[0;32m  OK  [0m] Listening on [0;1;39msystemd-networkd.socket[0m - Network Service Netlink Socket.
[    1.794506] systemd[1]: systemd-pcrextend.socket - TPM PCR Measurements was skipped because of an unmet condition check (ConditionSecurity=measured-uki).
[    1.795416] systemd[1]: systemd-pcrlock.socket - Make TPM PCR Policy was skipped because of an unmet condition check (ConditionSecurity=measured-uki).
[    1.796371] systemd[1]: Listening on systemd-udevd-control.socket - udev Control Socket.
[[0;32m  OK  [0m] Listening on [0;1;39msystemd-udevd-control.socket[0m - udev Control Socket.
[    1.797620] systemd[1]: Listening on systemd-udevd-kernel.socket - udev Kernel Socket.
[[0;32m  OK  [0m] Listening on [0;1;39msystemd-udevd-kernel.socket[0m - udev Kernel Socket.
[    1.799930] systemd[1]: Mounting dev-hugepages.mount - Huge Pages File System...
         Mounting [0;1;39mdev-hugepages.mount[0m - Huge Pages File System...
[    1.801815] systemd[1]: Mounting dev-mqueue.mount - POSIX Message Queue File System...
         Mounting [0;1;39mdev-mqueue.mount[0m - POSIX Message Queue File System...
[    1.803971] systemd[1]: Mounting run-lock.mount - Legacy Locks Directory /run/lock...
         Mounting [0;1;39mrun-lock.mount[0m - Legacy Locks Directory /run/lock...
[    1.814915] systemd[1]: Mounting sys-kernel-debug.mount - Kernel Debug File System...
         Mounting [0;1;39msys-kernel-debug.mount[0m - Kernel Debug File System...
[    1.816906] systemd[1]: Mounting sys-kernel-tracing.mount - Kernel Trace File System...
         Mounting [0;1;39msys-kernel-tracing.mount[0m - Kernel Trace File System...
[    1.820335] systemd[1]: Mounting tmp.mount - Temporary Directory /tmp...
         Mounting [0;1;39mtmp.mount[0m - Temporary Directory /tmp...
[    1.821638] systemd[1]: auth-rpcgss-module.service - Kernel Module supporting RPCSEC_GSS was skipped because of an unmet condition check (ConditionPathExists=/etc/krb5.keytab).
[    1.825303] systemd[1]: Starting kmod-static-nodes.service - Create List of Static Device Nodes...
         Starting [0;1;39mkmod-static-nodes.service[0m…eate List of Static Device Nodes...
[    1.827420] systemd[1]: Starting modprobe@configfs.service - Load Kernel Module configfs...
         Starting [0;1;39mmodprobe@configfs.service[0m - Load Kernel Module configfs...
[    1.829413] systemd[1]: Starting modprobe@drm.service - Load Kernel Module drm...
         Starting [0;1;39mmodprobe@drm.service[0m - Load Kernel Module drm...
[    1.831335] systemd[1]: Starting modprobe@efi_pstore.service - Load Kernel Module efi_pstore...
         Starting [0;1;39mmodprobe@efi_pstore.servi…[0m - Load Kernel Module efi_pstore...
[    1.833387] systemd[1]: Starting modprobe@fuse.service - Load Kernel Module fuse...
         Starting [0;1;39mmodprobe@fuse.service[0m - Load Kernel Module fuse...
[    1.834665] systemd[1]: systemd-hibernate-clear.service - Clear Stale Hibernate Storage Info was skipped because of an unmet condition check (ConditionPathExists=/sys/firmware/efi/efivars/HibernateLocation-8cf2644b-4b0b-428f-9387-6d876050dc67).
[    1.837472] systemd[1]: Starting systemd-journald.service - Journal Service...
         Starting [0;1;39msystemd-journald.service[0m - Journal Service...
[    1.839813] systemd[1]: Starting systemd-modules-load.service - Load Kernel Modules...
         Starting [0;1;39msystemd-modules-load.service[0m - Load Kernel Modules...
[    1.841376] systemd[1]: systemd-pcrmachine.service - TPM PCR Machine ID Measurement was skipped because of an unmet condition check (ConditionSecurity=measured-uki).
[    1.843056] systemd[1]: Starting systemd-remount-fs.service - Remount Root and Kernel File Systems...
         Starting [0;1;39msystemd-remount-fs.servic…[0munt Root and Kernel File Systems...
[    1.844569] systemd[1]: systemd-tpm2-setup-early.service - Early TPM SRK Setup was skipped because of an unmet condition check (ConditionSecurity=measured-uki).
[    1.847586] systemd[1]: Starting systemd-udev-load-credentials.service - Load udev Rules from Credentials...
         Starting [0;1;39msystemd-udev-load-credent…[0mLoad udev Rules from Credentials...
[    1.849893] systemd[1]: Starting systemd-udev-trigger.service - Coldplug All udev Devices...
         Starting [0;1;39msystemd-udev-trigger.service[0m - Coldplug All udev Devices...
[    1.854507] systemd[1]: Mounted dev-hugepages.mount - Huge Pages File System.
[[0;32m  OK  [0m] Mounted [0;1;39mdev-hugepages.mount[0m - Huge Pages File System.
[    1.856091] systemd[1]: Mounted dev-mqueue.mount - POSIX Message Queue File System.
[[0;32m  OK  [0m] Mounted [0;1;39mdev-mqueue.mount[0m - POSIX Message Queue File System.
[    1.857506] systemd[1]: Mounted run-lock.mount - Legacy Locks Directory /run/lock.
[[0;32m  OK  [0m] Mounted [0;1;39mrun-lock.mount[0m - Legacy Locks Directory /run/lock.
[    1.859083] systemd[1]: Mounted sys-kernel-debug.mount - Kernel Debug File System.
[    1.859746] systemd-journald[170]: Collecting audit messages is disabled.
[[0;32m  OK  [0m] Mounted [0;1;39msys-kernel-debug.mount[0m - Kernel Debug File System.
[    1.861313] systemd[1]: Mounted sys-kernel-tracing.mount - Kernel Trace File System.
[[0;32m  OK  [0m] Mounted [0;1;39msys-kernel-tracing.mount[0m - Kernel Trace File System.
[    1.862698] systemd[1]: Mounted tmp.mount - Temporary Directory /tmp.
[[0;32m  OK  [0m] Mounted [0;1;39mtmp.mount[0m - Temporary Directory /tmp.
[    1.864018] systemd[1]: Finished kmod-static-nodes.service - Create List of Static Device Nodes.
[[0;32m  OK  [0m] Finished [0;1;39mkmod-static-nodes.service[0m…Create List of Static Device Nodes.
[    1.865668] systemd[1]: modprobe@configfs.service: Deactivated successfully.
[    1.866349] systemd[1]: Finished modprobe@configfs.service - Load Kernel Module configfs.
[[0;32m  OK  [0m] Finished [0;1;39mmodprobe@configfs.service[0m - Load Kernel Module configfs.
[    1.867954] systemd[1]: modprobe@drm.service: Deactivated successfully.
[    1.868558] systemd[1]: Finished modprobe@drm.service - Load Kernel Module drm.
[[0;32m  OK  [0m] Finished [0;1;39mmodprobe@drm.service[0m - Load Kernel Module drm.
[    1.870023] systemd[1]: modprobe@efi_pstore.service: Deactivated successfully.
[    1.870647] systemd[1]: Finished modprobe@efi_pstore.service - Load Kernel Module efi_pstore.
[[0;32m  OK  [0m] Finished [0;1;39mmodprobe@efi_pstore.service[0m - Load Kernel Module efi_pstore.
[    1.872283] systemd[1]: modprobe@fuse.service: Deactivated successfully.
[    1.872923] systemd[1]: Finished modprobe@fuse.service - Load Kernel Module fuse.
[[0;32m  OK  [0m] Finished [0;1;39mmodprobe@fuse.service[0m - Load Kernel Module fuse.
[    1.874517] systemd[1]: Finished systemd-modules-load.service - Load Kernel Modules.
[[0;32m  OK  [0m] Finished [0;1;39msystemd-modules-load.service[0m - Load Kernel Modules.
[    1.876102] systemd[1]: Finished systemd-remount-fs.service - Remount Root and Kernel File Systems.
[[0;32m  OK  [0m] Finished [0;1;39msystemd-remount-fs.servic…[0mmount Root and Kernel File Systems.
[    1.878086] systemd[1]: Finished systemd-udev-load-credentials.service - Load udev Rules from Credentials.
[[0;32m  OK  [0m] Finished [0;1;39msystemd-udev-load-credent…[0m- Load udev Rules from Credentials.
[    1.881250] systemd[1]: Mounting sys-fs-fuse-connections.mount - FUSE Control File System...
         Mounting [0;1;39msys-fs-fuse-connections.mount[0m - FUSE Control File System...
[    1.884432] systemd[1]: Mounting sys-kernel-config.mount - Kernel Configuration File System...
         Mounting [0;1;39msys-kernel-config.mount[0m - Kernel Configuration Fi[    1.885875] systemd[1]: systemd-hwdb-update.service - Rebuild Hardware Database was skipped because of an unmet condition check (ConditionNeedsUpdate=/etc).
le System...
[    1.887117] systemd[1]: systemd-pstore.service - Platform Persistent Storage Archival was skipped because of an unmet condition check (ConditionDirectoryNotEmpty=/sys/fs/pstore).
[    1.898354] systemd[1]: Starting systemd-random-seed.service - Load/Save OS Random Seed...
         Starting [0;1;39msystemd-random-seed.service[0m - Load/Save OS Random Seed...
[    1.900819] systemd[1]: Starting systemd-sysctl.service - Apply Kernel Variables...
         Starting [0;1;39msystemd-sysctl.service[0m - Apply Kernel Variables...
[    1.902850] systemd[1]: Starting systemd-tmpfiles-setup-dev-early.service - Create Static Device Nodes in /dev gracefully...
         Starting [0;1;39msystemd-tmpfiles-setup-de…[0m Device Nodes in /dev gracefully...
[    1.906932] systemd[1]: systemd-tpm2-setup.service - TPM SRK Setup was skipped because of an unmet condition check (ConditionSecurity=measured-uki).
[    1.910605] systemd[1]: Started systemd-journald.service - Journal Service.
[[0;32m  OK  [0m] Started [0;1;39msystemd-journald.service[0m - Journal Service.
[[0;32m  OK  [0m] Mounted [0;1;39msys-fs-fuse-connections.mount[0m - FUSE Control File System.
[[0;32m  OK  [0m] Mounted [0;1;39msys-kernel-config.mount[0m - Kernel Configuration File System.
         Starting [0;1;39msystemd-journal-flush.ser…[0msh Journal to Persistent Storage...
[[0;32m  OK  [0m] Finished [0;1;39msystemd-sysctl.service[0m - Apply Kernel Variables.
[    1.938749] systemd-journald[170]: Received client request to flush runtime journal.
[[0;32m  OK  [0m] Finished [0;1;39msystemd-tmpfiles-setup-de…[0mic Device Nodes in /dev gracefully.
         Starting [0;1;39msystemd-tmpfiles-setup-de…[0meate Static Device Nodes in /dev...
[    1.943813] systemd-journald[170]: File /var/log/journal/052ada13ad154e7481baeec066fefe4c/system.journal corrupted or uncleanly shut down, renaming and replacing.
[[0;32m  OK  [0m] Finished [0;1;39msystemd-udev-trigger.service[0m - Coldplug All udev Devices.
         Starting [0;1;39mifupdown-pre.service[0m - He…synchronize boot up for ifupdown...
[[0;32m  OK  [0m] Finished [0;1;39msystemd-tmpfiles-setup-de…[0mCreate Static Device Nodes in /dev.
[[0;32m  OK  [0m] Reached target [0;1;39mlocal-fs-pre.target[0m…Preparation for Local File Systems.
[[0;32m  OK  [0m] Reached target [0;1;39mlocal-fs.target[0m - Local File Systems.
[[0;32m  OK  [0m] Listening on [0;1;39msystemd-sysext.socket[0m… System Extension Image Management.
         Starting [0;1;39msystemd-binfmt.service[0m - Set Up Additional Binary Formats...
         Starting [0;1;39msystemd-udevd.service[0m - R…ager for Device Events and Files...
[[0;32m  OK  [0m] Started [0;1;39msystemd-udevd.service[0m - Ru…anager for Device Events and Files.
         Starting [0;1;39msystemd-networkd.service[0m - Network Configuration...
[[0;32m  OK  [0m] Finished [0;1;39msystemd-journal-flush.ser…[0mlush Journal to Persistent Storage.
         Starting [0;1;39msystemd-tmpfiles-setup.se…[0mate System Files and Directories...
[[0;32m  OK  [0m] Found device [0;1;39mdev-ttyS0.device[0m - /dev/ttyS0.
[    2.061148] random: crng init done
[[0;32m  OK  [0m] Finished [0;1;39msystemd-random-seed.service[0m - Load/Save OS Random Seed.
[    2.082478] virtio_net virtio0 enp0s2: renamed from eth0
[[0;32m  OK  [0m] Finished [0;1;39msystemd-tmpfiles-setup.se…[0mreate System Files and Directories.
         Starting [0;1;39mrpcbind.service[0m - RPC bind portmap service...
[[0;32m  OK  [0m] Started [0;1;39mrpcbind.service[0m - RPC bind portmap service.
         Expecting device [0;1;39msys-subsystem-net…[0msys/subsystem/net/devices/enp0s2...
[[0;32m  OK  [0m] Reached target [0;1;39mrpcbind.target[0m - RPC Port Mapper.
[    2.133927] bochs-drm 0000:00:01.0: vgaarb: deactivate vga console
[    2.139224] Console: switching to colour dummy device 80x25
[    2.140562] [drm] Found bochs VGA, ID 0xb0c5.
[    2.141001] [drm] Framebuffer size 16384 kB @ 0xfd000000, mmio @ 0x80040000.
[    2.142472] [drm] Initialized bochs-drm 1.0.0 for 0000:00:01.0 on minor 0
[    2.144921] lpc_ich 0000:00:1f.0: I/O space for GPIO uninitialized
[    2.149163] fbcon: bochs-drmdrmfb (fb0) is primary device
[    2.155485] input: PC Speaker as /devices/platform/pcspkr/input/input3
[    2.165946] Console: switching to colour frame buffer device 160x50
[    2.166642] i801_smbus 0000:00:1f.3: SMBus using PCI interrupt
[    2.166799] input: VirtualPS/2 VMware VMMouse as /devices/platform/i8042/serio1/input/input5
[    2.171012] i2c i2c-0: Memory type 0x07 not supported yet, not instantiating SPD
[    2.171303] bochs-drm 0000:00:01.0: [drm] fb0: bochs-drmdrmfb frame buffer device
[    2.173137] input: VirtualPS/2 VMware VMMouse as /devices/platform/i8042/serio1/input/input4
[    2.173974] parport_pc 00:02: reported by Plug and Play ACPI
[    2.174485] parport0: PC-style at 0x378, irq 7 [PCSPP,TRISTATE]
[[0;32m  OK  [0m] Listening on [0;1;39msystemd-rfkill.socket[0m…ll Switch Status /dev/rfkill Watch.
[[0;32m  OK  [0m] Found device [0;1;39msys-subsystem-net-dev…0s2.device[0m - Virtio network device.
[[0;32m  OK  [0m] Started [0;1;39mifup@enp0s2.service[0m - ifup for enp0s2.
[    2.223713] iTCO_vendor_support: vendor-support=0
[    2.232818] iTCO_wdt iTCO_wdt.1.auto: Found a ICH9 TCO device (Version=2, TCOBASE=0x0660)
[    2.233914] iTCO_wdt iTCO_wdt.1.auto: initialized. heartbeat=30 sec (nowayout=0)
[    2.260724] Error: Driver 'pcspkr' is already registered, aborting...
[    2.288181] 8021q: 802.1Q VLAN Support v1.8
[    2.289721] ppdev: user-space parallel port driver
[[0;32m  OK  [0m] Finished [0;1;39mifupdown-pre.service[0m - He…o synchronize boot up for ifupdown.
         Starting [0;1;39mnetworking.service[0m - Raise network interfaces...
[    2.420549] cfg80211: Loading compiled-in X.509 certificates for regulatory database
[    2.421377] Loaded X.509 cert 'sforshee: 00b28ddf47aef9cea7'
[    2.421873] Loaded X.509 cert 'wens: 61c038651aabdcf94bd0ac7ff06c7248db18c600'
[    2.422390] platform regulatory.0: Direct firmware load for regulatory.db failed with error -2
[    2.423225] cfg80211: failed to load regulatory.db
[    2.432887] 8021q: adding VLAN 0 to HW filter on device enp0s2
         Mounting [0;1;39mproc-sys-fs-binfmt_misc.m…[0mcutable File Formats File System...
         Mounting [0;1;39mrun-rpc_pipefs.mount[0m - RPC Pipe File System...
[[0;32m  OK  [0m] Mounted [0;1;39mproc-sys-fs-binfmt_misc.mo…[0mxecutable File Formats File System.
[[0;32m  OK  [0m] Finished [0;1;39msystemd-binfmt.service[0m - Set Up Additional Binary Formats.
[[0;32m  OK  [0m] Reached target [0;1;39msysinit.target[0m - System Initialization.
[[0;32m  OK  [0m] Started [0;1;39mapt-daily.timer[0m - Daily apt download activities.
[[0;32m  OK  [0m] Started [0;1;39mapt-daily-upgrade.timer[0m - …y apt upgrade and clean activities.
[[0;32m  OK  [0m] Started [0;1;39mdpkg-db-backup.timer[0m - Daily dpkg database backup timer.
[[0;32m  OK  [0m] Started [0;1;39me2scrub_all.timer[0m - Period…Metadata Check for All Filesystems.
[[0;32m  OK  [0m] Started [0;1;39mfstrim.timer[0m - Discard unused filesystem blocks once a week.
[[0;32m  OK  [0m] Started [0;1;39mlogrotate.timer[0m - Daily rotation of log files.
[[0;32m  OK  [0m] Started [0;1;39msystemd-tmpfiles-clean.tim…[0my Cleanup of Temporary Directories.
[[0;32m  OK  [0m] Reached target [0;1;39mtimers.target[0m - Timer Units.
[[0;32m  OK  [0m] Listening on [0;1;39mdbus.socket[0m - D-Bus System Message Bus Socket.
[[0;32m  OK  [0m] Listening on [0;1;39msshd-unix-local.socke…[0mtemd-ssh-generator, AF_UNIX Local).
[[0;32m  OK  [0m] Listening on [0;1;39msshd-vsock.socket[0m - O… (systemd-ssh-generator, AF_VSOCK).
[[0;32m  OK  [0m] Reached target [0;1;39mssh-access.target[0m - SSH Access Available.
[[0;32m  OK  [0m] Listening on [0;1;39msystemd-hostnamed.socket[0m - Hostname Service Socket.
[[0;32m  OK  [0m] Reached target [0;1;39msockets.target[0m - Socket Units.
         Starting [0;1;39mcxl-numa-setup.service[0m - Configure CXL Memory as NUMA Node...
[[0;32m  OK  [0m] Started [0;1;39msystemd-networkd.service[0m - Network Configuration.
         Starting [0;1;39msystemd-networkd-persiste…[0mtent Storage in systemd-networkd...
[    2.990287] RPC: Registered named UNIX socket transport module.
[    2.990708] RPC: Registered udp transport module.
[    2.991053] RPC: Registered tcp transport module.
[    2.991379] RPC: Registered tcp-with-tls transport module.
[    2.991835] RPC: Registered tcp NFSv4.1 backchannel transport module.
[[0;32m  OK  [0m] Mounted [0;1;39mrun-rpc_pipefs.mount[0m - RPC Pipe File System.
[[0;32m  OK  [0m] Finished [0;1;39msystemd-networkd-persiste…[0mistent Storage in systemd-networkd.
[[0;32m  OK  [0m] Reached target [0;1;39mrpc_pipefs.target[0m.
         Starting [0;1;39mnfs-blkmap.service[0m - pNFS block layout mapping daemon...
[[0;32m  OK  [0m] Reached target [0;1;39mnfs-client.target[0m - NFS client services.
[[0;32m  OK  [0m] Reached target [0;1;39mremote-fs-pre.targe…[0mreparation for Remote File Systems.
[[0;32m  OK  [0m] Reached target [0;1;39mremote-fs.target[0m - Remote File Systems.
[[0;32m  OK  [0m] Started [0;1;39mnfs-blkmap.service[0m - pNFS block layout mapping daemon.
[    3.023941] cxl region0: Bypassing cpu_cache_invalidate_memregion() for testing!
qemu-system-x86_64: info: CXL Type3: Initializing CXLMemSim integration
qemu-system-x86_64: info: CXL Type3: CXLMemSim TCP mode - 127.0.0.1:9999
qemu-system-x86_64: info: CXL Type3: Active latency injection disabled (set CXL_LATENCY_INJECT=1 to enable)
[[0;32m  OK  [0m] Created slice [0;1;39msystem-daxdev\x2drec…[0m- Slice /system/daxdev-reconfigure.
[[0m[0;31m*     [0m] (1 of 2) Job networking.service/start running (3s / 5min)
M[K[[0;1;31m*[0m[0;31m*    [0m] (1 of 2) Job networking.service/start running (4s / 5min)
M[K[[0;31m*[0;1;31m*[0m[0;31m*   [0m] (1 of 2) Job networking.service/start running (4s / 5min)
M[K[ [0;31m*[0;1;31m*[0m[0;31m*  [0m] (2 of 2) Job cxl-numa-setup.service/start running (5s / 1min 1s)
M[K[  [0;31m*[0;1;31m*[0m[0;31m* [0m] (2 of 2) Job cxl-numa-setup.service/start running (5s / 1min 1s)
M[K[   [0;31m*[0;1;31m*[0m[0;31m*[0m] (2 of 2) Job cxl-numa-setup.service/start running (6s / 1min 1s)
M[K[[0;32m  OK  [0m] Finished [0;1;39mcxl-numa-setup.service[0m - Configure CXL Memory as NUMA Node.
[K[[0;32m  OK  [0m] Reached target [0;1;39mbasic.target[0m - Basic System.
[[0;32m  OK  [0m] Started [0;1;39mcron.service[0m - Regular background program processing daemon.
[[0;32m  OK  [0m] Started [0;1;39mcxl-monitor.service[0m - CXL Monitor Daemon.
         Starting [0;1;39mdaxdev-reconfigure@dev-da…[0mic daxctl device reconfiguration...
         Starting [0;1;39mdbus.service[0m - D-Bus System Message Bus...
         Starting [0;1;39me2scrub_reap.service[0m - Re…ne ext4 Metadata Check Snapshots...
[[0;32m  OK  [0m] Started [0;1;39mndctl-monitor.service[0m - Ndctl Monitor Daemon.
         Starting [0;1;39msystemd-logind.service[0m - User Login Management...
[[0;32m  OK  [0m] Started [0;1;39mdbus.service[0m - D-Bus System Message Bus.
[[0;32m  OK  [0m] Started [0;1;39mdaxdev-reconfigure@dev-dax…[0matic daxctl device reconfiguration.
[[0;32m  OK  [0m] Finished [0;1;39me2scrub_reap.service[0m - Re…line ext4 Metadata Check Snapshots.
[[0;32m  OK  [0m] Started [0;1;39msystemd-logind.service[0m - User Login Management.
[    [0;31m*[0;1;31m*[0m] Job networking.service/start running (9s / 5min)
M[K[     [0;31m*[0m] Job networking.service/start running (9s / 5min)
M[K[    [0;31m*[0;1;31m*[0m] Job networking.service/start running (10s / 5min)
M[K[   [0;31m*[0;1;31m*[0m[0;31m*[0m] Job networking.service/start running (10s / 5min)
M[K[  [0;31m*[0;1;31m*[0m[0;31m* [0m] Job networking.service/start running (11s / 5min)
M[K[ [0;31m*[0;1;31m*[0m[0;31m*  [0m] Job networking.service/start running (11s / 5min)
M[K[[0;31m*[0;1;31m*[0m[0;31m*   [0m] Job networking.service/start running (12s / 5min)
M[K[[0;32m  OK  [0m] Finished [0;1;39mnetworking.service[0m - Raise network interfaces.
[K[[0;32m  OK  [0m] Reached target [0;1;39mnetwork.target[0m - Network.
[[0;32m  OK  [0m] Reached target [0;1;39mnetwork-online.target[0m - Network is Online.
         Starting [0;1;39mrc-local.service[0m - /etc/rc.local Compatibility...
         Starting [0;1;39mrpc-statd-notify.service[0m - Notify NFS peers of a restart...
         Starting [0;1;39mssh.service[0m - OpenBSD Secure Shell server...
         Starting [0;1;39msystemd-user-sessions.service[0m - Permit User Sessions...
[[0;32m  OK  [0m] Started [0;1;39mrc-local.service[0m - /etc/rc.local Compatibility.
[[0;32m  OK  [0m] Finished [0;1;39msystemd-user-sessions.service[0m - Permit User Sessions.
[[0;32m  OK  [0m] Started [0;1;39mgetty@tty1.service[0m - Getty on tty1.
[[0;32m  OK  [0m] Started [0;1;39mserial-getty@ttyS0.service[0m - Serial Getty on ttyS0.
[[0;32m  OK  [0m] Reached target [0;1;39mgetty.target[0m - Login Prompts.
[[0;32m  OK  [0m] Started [0;1;39mrpc-statd-notify.service[0m - Notify NFS peers of a restart.
[[0;32m  OK  [0m] Started [0;1;39mssh.service[0m - OpenBSD Secure Shell server.
[[0;32m  OK  [0m] Reached target [0;1;39mmulti-user.target[0m - Multi-User System.
[[0;32m  OK  [0m] Reached target [0;1;39mgraphical.target[0m - Graphical Interface.
[!p]104[?7h[6n[32766;32766H[6n[!p]104[?7h[6n[32766;32766H[6n
Debian GNU/Linux 13 node1 ttyS0

node1 login: [   60.377782] sched: DL replenish lagged too much
qemu-system-x86_64: terminating on signal 15 from pid 1 (/sbin/init)
